Opskrift ID;Opskrift Titel;Raavare ID;Ingrediens Navn;Ny Mængde;Ny Enhed
meny_R3VsbGFzY2ggbWV;Gullasch med gulerødder;ing_ris;Ris;75;gram
meny_R3VsbGFzY2ggbWV;Gullasch med gulerødder;ing_bouillon;Bouillon;0,75;dl
meny_R3VsbGFzY2ggbWV;Gullasch med gulerødder;ing_extra_4;Gulerødder;100;gram
meny_R3VsbGFzY2ggbWV;Gullasch med gulerødder;ing_extra_43;Salt;1;knivspids
meny_R3VsbGFzY2ggbWV;Gullasch med gulerødder;ing_extra_29;Hvedemel;0,25;spsk
meny_R3VsbGFzY2ggbWV;Gullasch med gulerødder;ing_tomatsovs;Hakkede Tomater;0,5;dåse
meny_R3VsbGFzY2ggbWV;Gullasch med gulerødder;ing_loeg;Løg;0,25;stk
meny_R3VsbGFzY2ggbWV;Gullasch med gulerødder;ing_extra_1;Tomater (Danske);0,5;stk
meny_R3VsbGFzY2ggbWV;Gullasch med gulerødder;ing_tomat;Friske Tomater;0,5;stk
meny_R3VsbGFzY2ggbWV;Gullasch med gulerødder;ing_bacon;Bacon i tern;25;gram
meny_R3VsbGFzY2ggbWV;Gullasch med gulerødder;;Kalvebov;150;gram
meny_R3VsbGFzY2ggbWV;Gullasch med gulerødder;;Timian;1;tsk
meny_R3VsbGFzY2ggbWV;Gullasch med gulerødder;;Bladsselleri;1;stilk
;;;;;
meny_TGFrcyBtZWQgcGF;Laks med pasta og langtidsbagte tomater, persille og kapers;ing_extra_31;Olivenolie;0,5;spsk
meny_TGFrcyBtZWQgcGF;Laks med pasta og langtidsbagte tomater, persille og kapers;ing_extra_43;Salt;1;knivspids
meny_TGFrcyBtZWQgcGF;Laks med pasta og langtidsbagte tomater, persille og kapers;ing_pasta;Pasta;100;gram
meny_TGFrcyBtZWQgcGF;Laks med pasta og langtidsbagte tomater, persille og kapers;ing_frisk_pasta;Frisk Pasta;125;gram
meny_TGFrcyBtZWQgcGF;Laks med pasta og langtidsbagte tomater, persille og kapers;ing_kapers;Kapers;0,5;spsk
meny_TGFrcyBtZWQgcGF;Laks med pasta og langtidsbagte tomater, persille og kapers;ing_extra_1;Tomater (Danske);125;gram
meny_TGFrcyBtZWQgcGF;Laks med pasta og langtidsbagte tomater, persille og kapers;ing_extra_6;Citroner;1;stk
meny_TGFrcyBtZWQgcGF;Laks med pasta og langtidsbagte tomater, persille og kapers;ing_tomatsovs;Hakkede Tomater;125;gram
meny_TGFrcyBtZWQgcGF;Laks med pasta og langtidsbagte tomater, persille og kapers;ing_persille;Frisk Persille;0,25;dl
meny_TGFrcyBtZWQgcGF;Laks med pasta og langtidsbagte tomater, persille og kapers;ing_tomat;Friske Tomater;125;gram
meny_TGFrcyBtZWQgcGF;Laks med pasta og langtidsbagte tomater, persille og kapers;ing_extra_21;Torskefileter;150;gram
meny_TGFrcyBtZWQgcGF;Laks med pasta og langtidsbagte tomater, persille og kapers;ing_laks;Fersk Laks;150;gram
meny_1781947919149;Tærte med rødløg, spinat, skinke og timian;ing_extra_43;Salt;1;drys
meny_1781947919149;Tærte med rødløg, spinat, skinke og timian;ing_maelk;Mælk;0,75;dl
meny_1781947919149;Tærte med rødløg, spinat, skinke og timian;ing_extra_9;Frisk Spinat;50;gram
meny_1781947919149;Tærte med rødløg, spinat, skinke og timian;ing_extra_17;Skinketern;50;gram
meny_1781947919149;Tærte med rødløg, spinat, skinke og timian;ing_skinke;Kogt Skinke;50;gram
meny_1781947919149;Tærte med rødløg, spinat, skinke og timian;;Æg ;1,5;stk
meny_1781947919149;Tærte med rødløg, spinat, skinke og timian;;Mozarella ost (revet);0,38;dl
meny_1781947919149;Tærte med rødløg, spinat, skinke og timian;;Timian;0,25;tsk
meny_1781947919149;Tærte med rødløg, spinat, skinke og timian;;Fuldkorns tærtedej;0,25;pakke
meny_1781947919149;Tærte med rødløg, spinat, skinke og timian;;Hvidløg;0,5;fed
meny_1781947919149;Tærte med rødløg, spinat, skinke og timian;;Rødløg;0,75;stk
;;;;;
;;;;;
meny_R3LDpnNrIHNhbGF;Græsk salat med nye kartofler;ing_extra_3;Kartofler;;
meny_R3LDpnNrIHNhbGF;Græsk salat med nye kartofler;ing_extra_31;Olivenolie;;
meny_R3LDpnNrIHNhbGF;Græsk salat med nye kartofler;ing_extra_43;Salt;;
meny_R3LDpnNrIHNhbGF;Græsk salat med nye kartofler;ing_nye_kartofler;Nye kartofler;;
meny_R3LDpnNrIHNhbGF;Græsk salat med nye kartofler;ing_extra_6;Citroner;;
meny_R3LDpnNrIHNhbGF;Græsk salat med nye kartofler;ing_extra_8;Iceberg Salat;;
meny_R3LDpnNrIHNhbGF;Græsk salat med nye kartofler;ing_persille;Frisk Persille;;
meny_R3LDpnNrIHNhbGF;Græsk salat med nye kartofler;ing_salat_mix;Blandet salat;;
meny_R3LDpnNrIHNhbGF;Græsk salat med nye kartofler;ing_salatblanding;Skåret Salatblanding;;
meny_U2xpZGVycyBtZWQ;Sliders med torpedorejer og avocadocoleslaw;ing_hvidkaal;Hvidkål;;
meny_U2xpZGVycyBtZWQ;Sliders med torpedorejer og avocadocoleslaw;ing_extra_4;Gulerødder;;
meny_U2xpZGVycyBtZWQ;Sliders med torpedorejer og avocadocoleslaw;ing_extra_43;Salt;;
meny_U2xpZGVycyBtZWQ;Sliders med torpedorejer og avocadocoleslaw;ing_avocado;Avocado;;
meny_U2xpZGVycyBtZWQ;Sliders med torpedorejer og avocadocoleslaw;ing_mayonnaise;Mayonnaise;;
meny_U2xpZGVycyBtZWQ;Sliders med torpedorejer og avocadocoleslaw;ing_frisk_chili;Frisk Chili;;
meny_U2xpZGVycyBtZWQ;Sliders med torpedorejer og avocadocoleslaw;ing_koriander;Frisk Koriander;;
meny_U2xpZGVycyBtZWQ;Sliders med torpedorejer og avocadocoleslaw;ing_extra_21;Torskefileter;;
meny_U3F1YXNoIOKAmGZ;Squash ‘fettuccine’ med sød kartoffelpure, bacon og gedeost;ing_extra_3;Kartofler;;
meny_U3F1YXNoIOKAmGZ;Squash ‘fettuccine’ med sød kartoffelpure, bacon og gedeost;ing_extra_31;Olivenolie;;
meny_U3F1YXNoIOKAmGZ;Squash ‘fettuccine’ med sød kartoffelpure, bacon og gedeost;ing_extra_43;Salt;;
meny_U3F1YXNoIOKAmGZ;Squash ‘fettuccine’ med sød kartoffelpure, bacon og gedeost;ing_squash;Squash;;
meny_U3F1YXNoIOKAmGZ;Squash ‘fettuccine’ med sød kartoffelpure, bacon og gedeost;ing_bacon;Bacon i tern;;
meny_U3F1YXNoIOKAmGZ;Squash ‘fettuccine’ med sød kartoffelpure, bacon og gedeost;ing_pancetta;Pancetta / Bacon i tern;;
meny_R3LDuG5uZSBmcml;Grønne frikadeller med feta, tzatziki og græske kartofler;ing_extra_3;Kartofler;;
meny_R3LDuG5uZSBmcml;Grønne frikadeller med feta, tzatziki og græske kartofler;ing_bouillon;Bouillon;;
meny_R3LDuG5uZSBmcml;Grønne frikadeller med feta, tzatziki og græske kartofler;ing_extra_31;Olivenolie;;
meny_R3LDuG5uZSBmcml;Grønne frikadeller med feta, tzatziki og græske kartofler;ing_extra_43;Salt;;
meny_R3LDuG5uZSBmcml;Grønne frikadeller med feta, tzatziki og græske kartofler;ing_loeg;Løg;;
meny_R3LDuG5uZSBmcml;Grønne frikadeller med feta, tzatziki og græske kartofler;ing_extra_11;Hvidløg;;
meny_R3JpbGxldCBrYWx;Grillet kalvecuvette med jordbær-caprese;ing_extra_3;Kartofler;;
meny_R3JpbGxldCBrYWx;Grillet kalvecuvette med jordbær-caprese;ing_extra_43;Salt;;
meny_R3JpbGxldCBrYWx;Grillet kalvecuvette med jordbær-caprese;ing_nye_kartofler;Nye kartofler;;
meny_R3JpbGxldCBreWx;Grillet kyllingebryststeg med ristet majs, chili og forårsløg;ing_extra_28;Sorte Bønner;;
meny_R3JpbGxldCBreWx;Grillet kyllingebryststeg med ristet majs, chili og forårsløg;ing_koriander;Frisk Koriander;;
meny_R3JpbGxldCBreWx;Grillet kyllingebryststeg med ristet majs, chili og forårsløg;ing_foraarssloeg;Forårsløg;;
meny_R3JpbGxldCBreWx;Grillet kyllingebryststeg med ristet majs, chili og forårsløg;ing_frisk_chili;Frisk Chili;;
meny_R3JpcyBpIGvDpWw;Gris i kål med chili;ing_hakket_gris;Hakket Grisekød;;
meny_R3JpcyBpIGvDpWw;Gris i kål med chili;ing_extra_4;Gulerødder;;
meny_R3JpcyBpIGvDpWw;Gris i kål med chili;ing_extra_45;Paprika;;
meny_R3JpcyBpIGvDpWw;Gris i kål med chili;ing_spidskommen;Spidskommen;;
meny_R3JpcyBpIGvDpWw;Gris i kål med chili;ing_cremefraiche;Creme Fraiche;;
meny_R3JpcyBpIGvDpWw;Gris i kål med chili;ing_soja;Sojasauce;;
meny_R3JpcyBpIGvDpWw;Gris i kål med chili;ing_frisk_chili;Frisk Chili;;
meny_RmFsYWZlbGJ1cmd;Falafelburger med myntedressing;ing_extra_43;Salt;;
meny_RmFsYWZlbGJ1cmd;Falafelburger med myntedressing;ing_extra_29;Hvedemel;;
meny_RmFsYWZlbGJ1cmd;Falafelburger med myntedressing;ing_spidskommen;Spidskommen;;
meny_RmFsYWZlbGJ1cmd;Falafelburger med myntedressing;ing_aeg;Æg;;
meny_RmFsYWZlbGJ1cmd;Falafelburger med myntedressing;ing_loeg;Løg;;
meny_RmFsYWZlbGJ1cmd;Falafelburger med myntedressing;ing_extra_11;Hvidløg;;
meny_RmFsYWZlbGJ1cmd;Falafelburger med myntedressing;ing_extra_1;Tomater (Danske);;
meny_RmFsYWZlbGJ1cmd;Falafelburger med myntedressing;ing_extra_8;Iceberg Salat;;
meny_RmFsYWZlbGJ1cmd;Falafelburger med myntedressing;ing_tomatsovs;Hakkede Tomater;;
meny_RmFsYWZlbGJ1cmd;Falafelburger med myntedressing;ing_persille;Frisk Persille;;
meny_RmFsYWZlbGJ1cmd;Falafelburger med myntedressing;ing_salat_mix;Blandet salat;;
meny_RmFsYWZlbGJ1cmd;Falafelburger med myntedressing;ing_salatblanding;Skåret Salatblanding;;
meny_RmFsYWZlbGJ1cmd;Falafelburger med myntedressing;ing_tomat;Friske Tomater;;
meny_RmFsYWZlbGJ1cmd;Falafelburger med myntedressing;ing_koriander;Frisk Koriander;;
meny_R3JpbGxldCBva3N;Grillet oksecuvette med krydderiblanding og mynte-persillepesto;ing_extra_3;Kartofler;;
meny_R3JpbGxldCBva3N;Grillet oksecuvette med krydderiblanding og mynte-persillepesto;ing_asparges;Grønne Asparges;;
meny_Qm9sbGVyIGkga2F;Boller i karry med børnevenlig topping;ing_ris;Ris;;
meny_Qm9sbGVyIGkga2F;Boller i karry med børnevenlig topping;ing_bouillon;Bouillon;;
meny_Qm9sbGVyIGkga2F;Boller i karry med børnevenlig topping;ing_extra_43;Salt;;
meny_Qm9sbGVyIGkga2F;Boller i karry med børnevenlig topping;ing_maelk;Mælk;;
meny_Qm9sbGVyIGkga2F;Boller i karry med børnevenlig topping;ing_loeg;Løg;;
meny_QW5kZWJyeXN0c3R;Andebryststeg med grønkålssalat og syltede appelsiner;ing_extra_43;Salt;;
meny_QW5kZWJyeXN0c3R;Andebryststeg med grønkålssalat og syltede appelsiner;ing_extra_30;Sukker;;
meny_QXNpYXRpc2sga3l;Asiatisk kyllingespyd;ing_extra_31;Olivenolie;;
meny_QXNpYXRpc2sga3l;Asiatisk kyllingespyd;ing_extra_43;Salt;;
meny_QXNpYXRpc2sga3l;Asiatisk kyllingespyd;ing_extra_44;Sort Peber;;
meny_QXNpYXRpc2sga3l;Asiatisk kyllingespyd;ing_koriander;Frisk Koriander;;
meny_QXNpYXRpc2sga3l;Asiatisk kyllingespyd;ing_frisk_chili;Frisk Chili;;
meny_RGlwIG1lZCBiYWd;Dip med bagt hvidløg og tomater til chips;ing_extra_43;Salt;;
meny_RGlwIG1lZCBiYWd;Dip med bagt hvidløg og tomater til chips;ing_extra_11;Hvidløg;;
meny_RGlwIG1lZCBiYWd;Dip med bagt hvidløg og tomater til chips;ing_extra_1;Tomater (Danske);;
meny_RGlwIG1lZCBiYWd;Dip med bagt hvidløg og tomater til chips;ing_tomatsovs;Hakkede Tomater;;
meny_RGlwIG1lZCBiYWd;Dip med bagt hvidløg og tomater til chips;ing_tomat;Friske Tomater;;
meny_Q3J1bWJsZWthZ2U;Crumblekage med blåbær, tranebær og brunet smør;ing_maelk;Mælk;;
meny_Q3J1bWJsZWthZ2U;Crumblekage med blåbær, tranebær og brunet smør;ing_extra_29;Hvedemel;;
meny_Q3J1bWJsZWthZ2U;Crumblekage med blåbær, tranebær og brunet smør;ing_extra_30;Sukker;;
meny_Q3J1bWJsZWthZ2U;Crumblekage med blåbær, tranebær og brunet smør;ing_bagepulver;Bagepulver;;
meny_Q3J1bWJsZWthZ2U;Crumblekage med blåbær, tranebær og brunet smør;ing_extra_12;Frisk Ingefær;;
meny_SW5kaXNrIGthcnJ;Indisk karrygryde med kalkun og græskar;ing_ris;Ris;;
meny_SW5kaXNrIGthcnJ;Indisk karrygryde med kalkun og græskar;ing_bouillon;Bouillon;;
meny_SW5kaXNrIGthcnJ;Indisk karrygryde med kalkun og græskar;ing_extra_43;Salt;;
meny_SW5kaXNrIGthcnJ;Indisk karrygryde med kalkun og græskar;ing_aeg;Æg;;
meny_SW5kaXNrIGthcnJ;Indisk karrygryde med kalkun og græskar;ing_extra_11;Hvidløg;;
meny_SW5kaXNrIGthcnJ;Indisk karrygryde med kalkun og græskar;ing_extra_12;Frisk Ingefær;;
meny_R2x1dGVuZnJpIGZ;Glutenfri focaccia med græskar, feta og rosmarin;ing_extra_31;Olivenolie;;
meny_R2x1dGVuZnJpIGZ;Glutenfri focaccia med græskar, feta og rosmarin;ing_extra_43;Salt;;
meny_R2x1dGVuZnJpIGZ;Glutenfri focaccia med græskar, feta og rosmarin;ing_rosmarin;Frisk Rosmarin;;
meny_RG9yYWRlIG1lZCB;Dorade med citron, hvidløg og persille;ing_extra_31;Olivenolie;;
meny_RG9yYWRlIG1lZCB;Dorade med citron, hvidløg og persille;ing_aeg;Æg;;
meny_RG9yYWRlIG1lZCB;Dorade med citron, hvidløg og persille;ing_citron;Citron;;
meny_RG9yYWRlIG1lZCB;Dorade med citron, hvidløg og persille;ing_extra_11;Hvidløg;;
meny_RG9yYWRlIG1lZCB;Dorade med citron, hvidløg og persille;ing_extra_6;Citroner;;
meny_RG9yYWRlIG1lZCB;Dorade med citron, hvidløg og persille;ing_persille;Frisk Persille;;
meny_T3Zuc3RlZ3Qga3l;Ovnstegt kylling med kartofler og svampesauce;ing_extra_3;Kartofler;;
meny_T3Zuc3RlZ3Qga3l;Ovnstegt kylling med kartofler og svampesauce;ing_extra_31;Olivenolie;;
meny_T3Zuc3RlZ3Qga3l;Ovnstegt kylling med kartofler og svampesauce;ing_extra_40;Hvidvin;;
meny_T3Zuc3RlZ3Qga3l;Ovnstegt kylling med kartofler og svampesauce;ing_extra_43;Salt;;
meny_T3Zuc3RlZ3Qga3l;Ovnstegt kylling med kartofler og svampesauce;ing_citron;Citron;;
meny_T3Zuc3RlZ3Qga3l;Ovnstegt kylling med kartofler og svampesauce;ing_extra_11;Hvidløg;;
meny_T3Zuc3RlZ3Qga3l;Ovnstegt kylling med kartofler og svampesauce;ing_hel_kylling;Hel kylling;;
meny_T3Zuc3RlZ3Qga3l;Ovnstegt kylling med kartofler og svampesauce;ing_smaa_kartofler;Små kartofler;;
meny_T3Zuc3RlZ3Qga3l;Ovnstegt kylling med kartofler og svampesauce;ing_kyllingebryst;Kyllingebryst;;
meny_T3Zuc3RlZ3Qga3l;Ovnstegt kylling med kartofler og svampesauce;ing_extra_6;Citroner;;
meny_T3Zuc3RlZ3Qga3l;Ovnstegt kylling med kartofler og svampesauce;ing_rosmarin;Frisk Rosmarin;;
meny_T3Zuc3RlZ3Qga3l;Ovnstegt kylling med kartofler og svampesauce;ing_oestershatte;Østershatte;;
meny_T3Zuc3RlZ3Qga3l;Ovnstegt kylling med kartofler og svampesauce;ing_enoki;Enoki Svampe;;
meny_T3Zuc3RlZ3Qga3l;Ovnstegt kylling med kartofler og svampesauce;ing_extra_21;Torskefileter;;
meny_R3JpbGxldCBzcGl;Grillet spidskål med urtesmør og parmesan;ing_extra_43;Salt;;
meny_R3JpbGxldCBzcGl;Grillet spidskål med urtesmør og parmesan;ing_extra_44;Sort Peber;;
meny_R3JpbGxldCBzcGl;Grillet spidskål med urtesmør og parmesan;ing_parmesan;Parmesan;;
meny_R3JpbGxldCBzcGl;Grillet spidskål med urtesmør og parmesan;ing_extra_11;Hvidløg;;
meny_R3JpbGxldCBzcGl;Grillet spidskål med urtesmør og parmesan;ing_spidskaal;Spidskål;;
meny_R3JpbGxldCBzcGl;Grillet spidskål med urtesmør og parmesan;ing_extra_6;Citroner;;
meny_R3JpbGxldCBzcGl;Grillet spidskål med urtesmør og parmesan;ing_frisk_chili;Frisk Chili;;
meny_bWFkdMOmcnRlIG1;madtærte med cherrytomater ricotta og mozzarella;ing_extra_43;Salt;;
meny_bWFkdMOmcnRlIG1;madtærte med cherrytomater ricotta og mozzarella;ing_maelk;Mælk;;
meny_bWFkdMOmcnRlIG1;madtærte med cherrytomater ricotta og mozzarella;ing_aeg;Æg;;
meny_bWFkdMOmcnRlIG1;madtærte med cherrytomater ricotta og mozzarella;ing_parmesan;Parmesan;;
meny_bWFkdMOmcnRlIG1;madtærte med cherrytomater ricotta og mozzarella;ing_extra_1;Tomater (Danske);;
meny_bWFkdMOmcnRlIG1;madtærte med cherrytomater ricotta og mozzarella;ing_tomatsovs;Hakkede Tomater;;
meny_bWFkdMOmcnRlIG1;madtærte med cherrytomater ricotta og mozzarella;ing_tomat;Friske Tomater;;
meny_QmFndCBrdWxsZXI;Bagt kuller med rosmarinkartofler;ing_bouillon;Bouillon;;
meny_QmFndCBrdWxsZXI;Bagt kuller med rosmarinkartofler;ing_extra_43;Salt;;
meny_QmFndCBrdWxsZXI;Bagt kuller med rosmarinkartofler;ing_aeg;Æg;;
meny_QmFndCBrdWxsZXI;Bagt kuller med rosmarinkartofler;ing_loeg;Løg;;
meny_QmFndCBrdWxsZXI;Bagt kuller med rosmarinkartofler;ing_extra_11;Hvidløg;;
meny_QmFndCBob2trYWl;Bagt hokkaido fyldt med couscoussalat  ;ing_extra_43;Salt;;
meny_QmFndCBob2trYWl;Bagt hokkaido fyldt med couscoussalat  ;ing_aeg;Æg;;
meny_QmFndCBob2trYWl;Bagt hokkaido fyldt med couscoussalat  ;ing_extra_6;Citroner;;
meny_QmFndCBob2trYWl;Bagt hokkaido fyldt med couscoussalat  ;ing_persille;Frisk Persille;;
meny_QnV0dGVyZGVqc3T;Butterdejstærte med brie, pære, rosmarin og honning;ing_extra_31;Olivenolie;;
meny_QnV0dGVyZGVqc3T;Butterdejstærte med brie, pære, rosmarin og honning;ing_extra_43;Salt;;
meny_QnV0dGVyZGVqc3T;Butterdejstærte med brie, pære, rosmarin og honning;ing_rosmarin;Frisk Rosmarin;;
meny_SGVsc3RlZ3Qgb2t;Helstegt oksemørbrad med pommes anna, palmekålchips, blåbær og rødvinssauce;ing_extra_31;Olivenolie;;
meny_SGVsc3RlZ3Qgb2t;Helstegt oksemørbrad med pommes anna, palmekålchips, blåbær og rødvinssauce;ing_extra_43;Salt;;
meny_SGVsc3RlZ3Qgb2t;Helstegt oksemørbrad med pommes anna, palmekålchips, blåbær og rødvinssauce;ing_extra_44;Sort Peber;;
meny_SGVsc3RlZ3Qgb2t;Helstegt oksemørbrad med pommes anna, palmekålchips, blåbær og rødvinssauce;ing_rosmarin;Frisk Rosmarin;;
meny_SGVsc3RlZ3Qgb2t;Helstegt oksemørbrad med pommes anna, palmekålchips, blåbær og rødvinssauce;ing_aeg;Æg;;
meny_SGVsc3RlZ3Qgb2t;Helstegt oksemørbrad med pommes anna, palmekålchips, blåbær og rødvinssauce;ing_extra_11;Hvidløg;;
meny_SGVsc3RlZ3Qgb2t;Helstegt oksemørbrad med pommes anna, palmekålchips, blåbær og rødvinssauce;ing_extra_3;Kartofler;;
meny_fixed_3_1781878444005;Kalveculotte med pocherede grøntsager og kapersmayonnaise;ing_extra_43;Salt;;
meny_fixed_3_1781878444005;Kalveculotte med pocherede grøntsager og kapersmayonnaise;ing_squash;Squash;;
meny_fixed_3_1781878444005;Kalveculotte med pocherede grøntsager og kapersmayonnaise;ing_kalveculotte;Kalveculotte;;
meny_fixed_3_1781878444005;Kalveculotte med pocherede grøntsager og kapersmayonnaise;ing_fennikel;Fennikel;;
meny_fixed_3_1781878444005;Kalveculotte med pocherede grøntsager og kapersmayonnaise;ing_mayonnaise;Mayonnaise;;
meny_fixed_3_1781878444005;Kalveculotte med pocherede grøntsager og kapersmayonnaise;ing_kapers;Kapers;;
meny_fixed_3_1781878444005;Kalveculotte med pocherede grøntsager og kapersmayonnaise;ing_foraarssloeg;Forårsløg;;
meny_fixed_3_1781878444005;Kalveculotte med pocherede grøntsager og kapersmayonnaise;ing_extra_4;Gulerødder;;
meny_fixed_3_1781878444005;Kalveculotte med pocherede grøntsager og kapersmayonnaise;ing_rosmarin;Frisk Rosmarin;;
meny_SW5kaXNrIGt5bGx;Indisk kyllingegryde med røde linser, perlebyg og creme fraiche;ing_extra_4;Gulerødder;;
meny_SW5kaXNrIGt5bGx;Indisk kyllingegryde med røde linser, perlebyg og creme fraiche;ing_extra_31;Olivenolie;;
meny_SW5kaXNrIGt5bGx;Indisk kyllingegryde med røde linser, perlebyg og creme fraiche;ing_extra_43;Salt;;
meny_SW5kaXNrIGt5bGx;Indisk kyllingegryde med røde linser, perlebyg og creme fraiche;ing_extra_44;Sort Peber;;
meny_SW5kaXNrIGt5bGx;Indisk kyllingegryde med røde linser, perlebyg og creme fraiche;ing_extra_45;Paprika;;
meny_SW5kaXNrIGt5bGx;Indisk kyllingegryde med røde linser, perlebyg og creme fraiche;ing_kokosmaelk;Kokosmælk;;
meny_SW5kaXNrIGt5bGx;Indisk kyllingegryde med røde linser, perlebyg og creme fraiche;ing_tomatsovs;Hakkede Tomater;;
meny_SW5kaXNrIGt5bGx;Indisk kyllingegryde med røde linser, perlebyg og creme fraiche;ing_linser;Røde Linser;;
meny_SW5kaXNrIGt5bGx;Indisk kyllingegryde med røde linser, perlebyg og creme fraiche;ing_cremefraiche;Creme Fraiche;;
meny_SW5kaXNrIGt5bGx;Indisk kyllingegryde med røde linser, perlebyg og creme fraiche;ing_extra_11;Hvidløg;;
meny_SW5kaXNrIGt5bGx;Indisk kyllingegryde med røde linser, perlebyg og creme fraiche;ing_extra_1;Tomater (Danske);;
meny_SW5kaXNrIGt5bGx;Indisk kyllingegryde med røde linser, perlebyg og creme fraiche;ing_extra_12;Frisk Ingefær;;
meny_SW5kaXNrIGt5bGx;Indisk kyllingegryde med røde linser, perlebyg og creme fraiche;ing_tomat;Friske Tomater;;
meny_SW5kaXNrIGt5bGx;Indisk kyllingegryde med røde linser, perlebyg og creme fraiche;ing_frisk_chili;Frisk Chili;;
meny_SW5kaXNrIGt5bGx;Indisk kyllingegryde med røde linser, perlebyg og creme fraiche;ing_koriander;Frisk Koriander;;
meny_fixed_2_1781878444005;Brændende kærlighed med linser;ing_extra_3;Kartofler;;
meny_fixed_2_1781878444005;Brændende kærlighed med linser;ing_extra_4;Gulerødder;;
meny_fixed_2_1781878444005;Brændende kærlighed med linser;ing_extra_31;Olivenolie;;
meny_fixed_2_1781878444005;Brændende kærlighed med linser;ing_extra_43;Salt;;
meny_fixed_2_1781878444005;Brændende kærlighed med linser;ing_maelk;Mælk;;
meny_fixed_2_1781878444005;Brændende kærlighed med linser;ing_vand;Koldt vand;;
meny_fixed_2_1781878444005;Brændende kærlighed med linser;ing_loeg;Løg;;
meny_R3JpbGxldCBsYW0;Grillet lam med zhoug og tabouleh med majs og avocado;ing_extra_31;Olivenolie;;
meny_R3JpbGxldCBsYW0;Grillet lam med zhoug og tabouleh med majs og avocado;ing_extra_43;Salt;;
meny_R3JpbGxldCBsYW0;Grillet lam med zhoug og tabouleh med majs og avocado;ing_spidskommen;Spidskommen;;
meny_R3JpbGxldCBsYW0;Grillet lam med zhoug og tabouleh med majs og avocado;ing_avocado;Avocado;;
meny_R3JpbGxldCBsYW0;Grillet lam med zhoug og tabouleh med majs og avocado;ing_extra_11;Hvidløg;;
meny_R3JpbGxldCBsYW0;Grillet lam med zhoug og tabouleh med majs og avocado;ing_extra_6;Citroner;;
meny_R3JpbGxldCBsYW0;Grillet lam med zhoug og tabouleh med majs og avocado;ing_persille;Frisk Persille;;
meny_R3JpbGxldCBsYW0;Grillet lam med zhoug og tabouleh med majs og avocado;ing_frisk_chili;Frisk Chili;;
meny_R3JpbGxldCBsYW0;Grillet lam med zhoug og tabouleh med majs og avocado;ing_koriander;Frisk Koriander;;
meny_R3JpbGxldCBsYW0;Grillet lam med zhoug og tabouleh med majs og avocado;ing_lammekoelle;Lammekølle (ca. 1,5 kg);;
meny_fixed_29_1781879414879;Jalapeño poppers med bacon og cheddar;ing_extra_45;Paprika;;
meny_fixed_29_1781879414879;Jalapeño poppers med bacon og cheddar;ing_bacon;Bacon i tern;;
meny_fixed_29_1781879414879;Jalapeño poppers med bacon og cheddar;ing_pancetta;Pancetta / Bacon i tern;;
meny_QnJhaXNlcmV0IGt;Braiseret kalvespidsbryst med urter;ing_extra_4;Gulerødder;;
meny_QnJhaXNlcmV0IGt;Braiseret kalvespidsbryst med urter;ing_extra_43;Salt;;
meny_QnJhaXNlcmV0IGt;Braiseret kalvespidsbryst med urter;ing_extra_46;Oregano;;
meny_QnJhaXNlcmV0IGt;Braiseret kalvespidsbryst med urter;ing_vand;Koldt vand;;
meny_QnJhaXNlcmV0IGt;Braiseret kalvespidsbryst med urter;ing_loeg;Løg;;
meny_QnJhaXNlcmV0IGt;Braiseret kalvespidsbryst med urter;ing_extra_11;Hvidløg;;
meny_fixed_0_1781879414874;Svampe-bønne stroganoff med filotopping;ing_extra_43;Salt;;
meny_fixed_0_1781879414874;Svampe-bønne stroganoff med filotopping;ing_extra_45;Paprika;;
meny_fixed_0_1781879414874;Svampe-bønne stroganoff med filotopping;ing_aeg;Æg;;
meny_fixed_0_1781879414874;Svampe-bønne stroganoff med filotopping;ing_soja;Sojasauce;;
meny_fixed_0_1781879414874;Svampe-bønne stroganoff med filotopping;ing_loeg;Løg;;
meny_fixed_0_1781879414874;Svampe-bønne stroganoff med filotopping;ing_oestershatte;Østershatte;;
meny_fixed_0_1781879414874;Svampe-bønne stroganoff med filotopping;ing_enoki;Enoki Svampe;;
meny_VGFjb3MgbWVkIGd;Tacos med grillet laks, spidskålsalat og avocado;ing_avocado;Avocado;;
meny_VGFjb3MgbWVkIGd;Tacos med grillet laks, spidskålsalat og avocado;ing_cremefraiche;Creme Fraiche;;
meny_VGFjb3MgbWVkIGd;Tacos med grillet laks, spidskålsalat og avocado;ing_koriander;Frisk Koriander;;
meny_VGFjb3MgbWVkIGd;Tacos med grillet laks, spidskålsalat og avocado;ing_extra_21;Torskefileter;;
meny_VGFjb3MgbWVkIGd;Tacos med grillet laks, spidskålsalat og avocado;ing_laks;Fersk Laks;;
meny_Qm9sbGVyIG1lZCB;Boller med frysetørret hindbær og græskarkerner;ing_extra_43;Salt;;
meny_Qm9sbGVyIG1lZCB;Boller med frysetørret hindbær og græskarkerner;ing_extra_30;Sukker;;
meny_fixed_17_1781879414877;Svampe-bønne stroganoff med filotopping;ing_extra_43;Salt;;
meny_fixed_17_1781879414877;Svampe-bønne stroganoff med filotopping;ing_extra_45;Paprika;;
meny_fixed_17_1781879414877;Svampe-bønne stroganoff med filotopping;ing_aeg;Æg;;
meny_fixed_17_1781879414877;Svampe-bønne stroganoff med filotopping;ing_soja;Sojasauce;;
meny_fixed_17_1781879414877;Svampe-bønne stroganoff med filotopping;ing_loeg;Løg;;
meny_fixed_17_1781879414877;Svampe-bønne stroganoff med filotopping;ing_oestershatte;Østershatte;;
meny_fixed_17_1781879414877;Svampe-bønne stroganoff med filotopping;ing_enoki;Enoki Svampe;;
meny_fixed_3_1781879414874;Kalveculotte med pocherede grøntsager og kapersmayonnaise;ing_extra_43;Salt;;
meny_fixed_3_1781879414874;Kalveculotte med pocherede grøntsager og kapersmayonnaise;ing_squash;Squash;;
meny_fixed_3_1781879414874;Kalveculotte med pocherede grøntsager og kapersmayonnaise;ing_kalveculotte;Kalveculotte;;
meny_fixed_3_1781879414874;Kalveculotte med pocherede grøntsager og kapersmayonnaise;ing_fennikel;Fennikel;;
meny_fixed_3_1781879414874;Kalveculotte med pocherede grøntsager og kapersmayonnaise;ing_mayonnaise;Mayonnaise;;
meny_fixed_3_1781879414874;Kalveculotte med pocherede grøntsager og kapersmayonnaise;ing_kapers;Kapers;;
meny_fixed_3_1781879414874;Kalveculotte med pocherede grøntsager og kapersmayonnaise;ing_foraarssloeg;Forårsløg;;
meny_fixed_3_1781879414874;Kalveculotte med pocherede grøntsager og kapersmayonnaise;ing_extra_4;Gulerødder;;
meny_fixed_3_1781879414874;Kalveculotte med pocherede grøntsager og kapersmayonnaise;ing_rosmarin;Frisk Rosmarin;;
meny_fixed_2_1781879414874;Brændende kærlighed med linser;ing_extra_3;Kartofler;;
meny_fixed_2_1781879414874;Brændende kærlighed med linser;ing_extra_4;Gulerødder;;
meny_fixed_2_1781879414874;Brændende kærlighed med linser;ing_extra_31;Olivenolie;;
meny_fixed_2_1781879414874;Brændende kærlighed med linser;ing_extra_43;Salt;;
meny_fixed_2_1781879414874;Brændende kærlighed med linser;ing_maelk;Mælk;;
meny_fixed_2_1781879414874;Brændende kærlighed med linser;ing_vand;Koldt vand;;
meny_fixed_2_1781879414874;Brændende kærlighed med linser;ing_loeg;Løg;;
meny_Q8Omc2Fyc2FsYXQ;Cæsarsalat med ristet blomkål og croutoner ;ing_extra_31;Olivenolie;;
meny_Q8Omc2Fyc2FsYXQ;Cæsarsalat med ristet blomkål og croutoner ;ing_extra_43;Salt;;
meny_Q8Omc2Fyc2FsYXQ;Cæsarsalat med ristet blomkål og croutoner ;ing_extra_45;Paprika;;
meny_Q8Omc2Fyc2FsYXQ;Cæsarsalat med ristet blomkål og croutoner ;ing_parmesan;Parmesan;;
meny_Q8Omc2Fyc2FsYXQ;Cæsarsalat med ristet blomkål og croutoner ;ing_mayonnaise;Mayonnaise;;
meny_Q8Omc2Fyc2FsYXQ;Cæsarsalat med ristet blomkål og croutoner ;ing_extra_11;Hvidløg;;
meny_Q8Omc2Fyc2FsYXQ;Cæsarsalat med ristet blomkål og croutoner ;ing_extra_1;Tomater (Danske);;
meny_Q8Omc2Fyc2FsYXQ;Cæsarsalat med ristet blomkål og croutoner ;ing_extra_6;Citroner;;
meny_Q8Omc2Fyc2FsYXQ;Cæsarsalat med ristet blomkål og croutoner ;ing_extra_8;Iceberg Salat;;
meny_Q8Omc2Fyc2FsYXQ;Cæsarsalat med ristet blomkål og croutoner ;ing_tomatsovs;Hakkede Tomater;;
meny_Q8Omc2Fyc2FsYXQ;Cæsarsalat med ristet blomkål og croutoner ;ing_salat_mix;Blandet salat;;
meny_Q8Omc2Fyc2FsYXQ;Cæsarsalat med ristet blomkål og croutoner ;ing_salatblanding;Skåret Salatblanding;;
meny_Q8Omc2Fyc2FsYXQ;Cæsarsalat med ristet blomkål og croutoner ;ing_tomat;Friske Tomater;;
meny_SGluZGLDpnIga2F;Hindbær kage;ing_extra_30;Sukker;;
meny_SGluZGLDpnIga2F;Hindbær kage;ing_bagepulver;Bagepulver;;
meny_fixed_4_1781879414875;Mormors vintertarteletter;ing_extra_4;Gulerødder;;
meny_fixed_4_1781879414875;Mormors vintertarteletter;ing_extra_5;Porrer;;
meny_fixed_4_1781879414875;Mormors vintertarteletter;ing_extra_43;Salt;;
meny_fixed_5_1781879414875;Tærte med rødbede, gedeost og rødløg;ing_ris;Ris;;
meny_fixed_5_1781879414875;Tærte med rødbede, gedeost og rødløg;ing_extra_31;Olivenolie;;
meny_fixed_5_1781879414875;Tærte med rødbede, gedeost og rødløg;ing_extra_43;Salt;;
meny_fixed_5_1781879414875;Tærte med rødbede, gedeost og rødløg;ing_aeg;Æg;;
meny_fixed_5_1781879414875;Tærte med rødbede, gedeost og rødløg;ing_cremefraiche;Creme Fraiche;;
meny_SGFzc2VsYmFjayB;Hasselback kylling med rød pesto og sauteret grønt;ing_kyllingebryst;Kyllingebryst;;
meny_SGFzc2VsYmFjayB;Hasselback kylling med rød pesto og sauteret grønt;ing_aeg;Æg;;
meny_SGFzc2VsYmFjayB;Hasselback kylling med rød pesto og sauteret grønt;ing_extra_11;Hvidløg;;
meny_SGFzc2VsYmFjayB;Hasselback kylling med rød pesto og sauteret grønt;ing_hel_kylling;Hel kylling;;
meny_fixed_12_1781879414876;Broccolipesto med sprøde rugbrødschips;ing_extra_43;Salt;;
meny_fixed_12_1781879414876;Broccolipesto med sprøde rugbrødschips;ing_pasta;Pasta;;
meny_fixed_12_1781879414876;Broccolipesto med sprøde rugbrødschips;ing_broccoli;Broccoli;;
meny_fixed_12_1781879414876;Broccolipesto med sprøde rugbrødschips;ing_hasselnoedder;Hasselnødder;;
meny_fixed_12_1781879414876;Broccolipesto med sprøde rugbrødschips;ing_rugbroedschips;Rugbrødschips;;
meny_fixed_12_1781879414876;Broccolipesto med sprøde rugbrødschips;ing_extra_11;Hvidløg;;
meny_fixed_12_1781879414876;Broccolipesto med sprøde rugbrødschips;ing_extra_6;Citroner;;
meny_fixed_12_1781879414876;Broccolipesto med sprøde rugbrødschips;ing_extra_8;Iceberg Salat;;
meny_fixed_12_1781879414876;Broccolipesto med sprøde rugbrødschips;ing_persille;Frisk Persille;;
meny_fixed_12_1781879414876;Broccolipesto med sprøde rugbrødschips;ing_salat_mix;Blandet salat;;
meny_fixed_12_1781879414876;Broccolipesto med sprøde rugbrødschips;ing_salatblanding;Skåret Salatblanding;;
meny_fixed_12_1781879414876;Broccolipesto med sprøde rugbrødschips;ing_frisk_chili;Frisk Chili;;
meny_R3LDpnNrLWluc3B;Græsk-inspireret lammekølle;ing_extra_3;Kartofler;;
meny_R3LDpnNrLWluc3B;Græsk-inspireret lammekølle;ing_extra_31;Olivenolie;;
meny_R3LDpnNrLWluc3B;Græsk-inspireret lammekølle;ing_extra_43;Salt;;
meny_R3LDpnNrLWluc3B;Græsk-inspireret lammekølle;ing_extra_46;Oregano;;
meny_R3LDpnNrLWluc3B;Græsk-inspireret lammekølle;ing_aeg;Æg;;
meny_R3LDpnNrLWluc3B;Græsk-inspireret lammekølle;ing_extra_11;Hvidløg;;
meny_R3LDpnNrLWluc3B;Græsk-inspireret lammekølle;ing_extra_1;Tomater (Danske);;
meny_R3LDpnNrLWluc3B;Græsk-inspireret lammekølle;ing_extra_6;Citroner;;
meny_R3LDpnNrLWluc3B;Græsk-inspireret lammekølle;ing_tomatsovs;Hakkede Tomater;;
meny_R3LDpnNrLWluc3B;Græsk-inspireret lammekølle;ing_tomat;Friske Tomater;;
meny_R3LDpnNrLWluc3B;Græsk-inspireret lammekølle;ing_lammekoelle;Lammekølle (ca. 1,5 kg);;
meny_fixed_23_1781879414878;Ramen med smilende æg, boghvedenudler og sprød topping;ing_extra_4;Gulerødder;;
meny_fixed_23_1781879414878;Ramen med smilende æg, boghvedenudler og sprød topping;ing_soja;Sojasauce;;
meny_fixed_23_1781879414878;Ramen med smilende æg, boghvedenudler og sprød topping;ing_boennespirer;Bønnespirer;;
meny_fixed_23_1781879414878;Ramen med smilende æg, boghvedenudler og sprød topping;ing_koriander;Frisk Koriander;;
meny_fixed_23_1781879414878;Ramen med smilende æg, boghvedenudler og sprød topping;ing_vand;Koldt vand;;
meny_fixed_23_1781879414878;Ramen med smilende æg, boghvedenudler og sprød topping;ing_spidskaal;Spidskål;;
meny_fixed_23_1781879414878;Ramen med smilende æg, boghvedenudler og sprød topping;ing_frisk_chili;Frisk Chili;;
meny_fixed_23_1781879414878;Ramen med smilende æg, boghvedenudler og sprød topping;ing_enoki;Enoki Svampe;;
meny_fixed_1_1781878444004;Langtidsstegt lammekølle med rosmarin & rodfrugter;ing_extra_3;Kartofler;;
meny_fixed_1_1781878444004;Langtidsstegt lammekølle med rosmarin & rodfrugter;ing_extra_31;Olivenolie;;
meny_fixed_1_1781878444004;Langtidsstegt lammekølle med rosmarin & rodfrugter;ing_extra_43;Salt;;
meny_fixed_1_1781878444004;Langtidsstegt lammekølle med rosmarin & rodfrugter;ing_aeg;Æg;;
meny_fixed_1_1781878444004;Langtidsstegt lammekølle med rosmarin & rodfrugter;ing_loeg;Løg;;
meny_fixed_1_1781878444004;Langtidsstegt lammekølle med rosmarin & rodfrugter;ing_extra_11;Hvidløg;;
meny_fixed_1_1781878444004;Langtidsstegt lammekølle med rosmarin & rodfrugter;ing_extra_6;Citroner;;
meny_fixed_1_1781878444004;Langtidsstegt lammekølle med rosmarin & rodfrugter;ing_rosmarin;Frisk Rosmarin;;
meny_fixed_1_1781878444004;Langtidsstegt lammekølle med rosmarin & rodfrugter;ing_lammekoelle;Lammekølle (ca. 1,5 kg);;
meny_fixed_10_1781879414876;Coq au vin;ing_extra_43;Salt;;
meny_fixed_10_1781879414876;Coq au vin;ing_extra_11;Hvidløg;;
meny_fixed_10_1781879414876;Coq au vin;ing_kyllingebryst;Kyllingebryst;;
meny_fixed_10_1781879414876;Coq au vin;ing_bacon;Bacon i tern;;
meny_fixed_10_1781879414876;Coq au vin;ing_pancetta;Pancetta / Bacon i tern;;
meny_fixed_10_1781879414876;Coq au vin;ing_hel_kylling;Hel kylling;;
meny_SGluZGLDpnJjaGV;Hindbærcheesecake;ing_aeg;Æg;;
meny_SGluZGLDpnJjaGV;Hindbærcheesecake;ing_extra_30;Sukker;;
meny_SGluZGLDpnJjaGV;Hindbærcheesecake;ing_vand;Koldt vand;;
meny_SGluZGLDpnJjaGV;Hindbærcheesecake;ing_extra_6;Citroner;;
meny_fixed_7_1781879414875;Bagt kartoffel med linsechili, korianderdressing og ost;ing_extra_4;Gulerødder;;
meny_fixed_7_1781879414875;Bagt kartoffel med linsechili, korianderdressing og ost;ing_extra_43;Salt;;
meny_fixed_7_1781879414875;Bagt kartoffel med linsechili, korianderdressing og ost;ing_extra_45;Paprika;;
meny_fixed_7_1781879414875;Bagt kartoffel med linsechili, korianderdressing og ost;ing_spidskommen;Spidskommen;;
meny_fixed_7_1781879414875;Bagt kartoffel med linsechili, korianderdressing og ost;ing_ost;Revet Ost;;
meny_fixed_7_1781879414875;Bagt kartoffel med linsechili, korianderdressing og ost;ing_loeg;Løg;;
meny_fixed_7_1781879414875;Bagt kartoffel med linsechili, korianderdressing og ost;ing_extra_11;Hvidløg;;
meny_fixed_7_1781879414875;Bagt kartoffel med linsechili, korianderdressing og ost;ing_extra_3;Kartofler;;
meny_fixed_7_1781879414875;Bagt kartoffel med linsechili, korianderdressing og ost;ing_frisk_chili;Frisk Chili;;
meny_fixed_7_1781879414875;Bagt kartoffel med linsechili, korianderdressing og ost;ing_koriander;Frisk Koriander;;
meny_fixed_1_1781879414874;Langtidsstegt lammekølle med rosmarin & rodfrugter;ing_extra_3;Kartofler;;
meny_fixed_1_1781879414874;Langtidsstegt lammekølle med rosmarin & rodfrugter;ing_extra_31;Olivenolie;;
meny_fixed_1_1781879414874;Langtidsstegt lammekølle med rosmarin & rodfrugter;ing_extra_43;Salt;;
meny_fixed_1_1781879414874;Langtidsstegt lammekølle med rosmarin & rodfrugter;ing_aeg;Æg;;
meny_fixed_1_1781879414874;Langtidsstegt lammekølle med rosmarin & rodfrugter;ing_loeg;Løg;;
meny_fixed_1_1781879414874;Langtidsstegt lammekølle med rosmarin & rodfrugter;ing_extra_11;Hvidløg;;
meny_fixed_1_1781879414874;Langtidsstegt lammekølle med rosmarin & rodfrugter;ing_extra_6;Citroner;;
meny_fixed_1_1781879414874;Langtidsstegt lammekølle med rosmarin & rodfrugter;ing_rosmarin;Frisk Rosmarin;;
meny_fixed_1_1781879414874;Langtidsstegt lammekølle med rosmarin & rodfrugter;ing_lammekoelle;Lammekølle (ca. 1,5 kg);;
meny_fixed_9_1781879414876;Gulerodsboller;ing_extra_4;Gulerødder;;
meny_Q3Vsb3R0ZXN0ZWc;Culottesteg med cajun rub og spicy grillet majs;ing_extra_31;Olivenolie;;
meny_Q3Vsb3R0ZXN0ZWc;Culottesteg med cajun rub og spicy grillet majs;ing_extra_43;Salt;;
meny_Q3Vsb3R0ZXN0ZWc;Culottesteg med cajun rub og spicy grillet majs;ing_extra_45;Paprika;;
meny_Q3Vsb3R0ZXN0ZWc;Culottesteg med cajun rub og spicy grillet majs;ing_extra_46;Oregano;;
meny_Q3Vsb3R0ZXN0ZWc;Culottesteg med cajun rub og spicy grillet majs;ing_spidskommen;Spidskommen;;
meny_Q3Vsb3R0ZXN0ZWc;Culottesteg med cajun rub og spicy grillet majs;ing_extra_11;Hvidløg;;
meny_Q3Vsb3R0ZXN0ZWc;Culottesteg med cajun rub og spicy grillet majs;ing_koriander;Frisk Koriander;;
meny_SHZpZCB2YXJtIGN;Hvid varm chokolade med ristet kokos;ing_maelk;Mælk;;
meny_SHZpZCB2YXJtIGN;Hvid varm chokolade med ristet kokos;ing_vanilje;Vaniljesukker;;
meny_QnV0dGVyZGVqc3N;Butterdejssnegle med Jarlsberg® og rosmarin;ing_extra_38;Kanelsnegle;;
meny_QnV0dGVyZGVqc3N;Butterdejssnegle med Jarlsberg® og rosmarin;ing_extra_43;Salt;;
meny_QnV0dGVyZGVqc3N;Butterdejssnegle med Jarlsberg® og rosmarin;ing_aeg;Æg;;
meny_QnV0dGVyZGVqc3N;Butterdejssnegle med Jarlsberg® og rosmarin;ing_rosmarin;Frisk Rosmarin;;
meny_R3JpbGxlZGUgdG9;Grillede tortillas med krydrede kødboller, creme fraiche og rødløg;ing_extra_15;Hakket Kalv og Flæsk;;
meny_R3JpbGxlZGUgdG9;Grillede tortillas med krydrede kødboller, creme fraiche og rødløg;ing_extra_43;Salt;;
meny_R3JpbGxlZGUgdG9;Grillede tortillas med krydrede kødboller, creme fraiche og rødløg;ing_maelk;Mælk;;
meny_R3JpbGxlZGUgdG9;Grillede tortillas med krydrede kødboller, creme fraiche og rødløg;ing_spidskommen;Spidskommen;;
meny_R3JpbGxlZGUgdG9;Grillede tortillas med krydrede kødboller, creme fraiche og rødløg;ing_tortillas;Tortillas;;
meny_R3JpbGxlZGUgdG9;Grillede tortillas med krydrede kødboller, creme fraiche og rødløg;ing_cremefraiche;Creme Fraiche;;
meny_R3JpbGxlZGUgdG9;Grillede tortillas med krydrede kødboller, creme fraiche og rødløg;ing_koriander;Frisk Koriander;;
meny_R3JpbGxlZGUgdG9;Grillede tortillas med krydrede kødboller, creme fraiche og rødløg;ing_hakket_gris_kalv;Hakket Gris & Kalv;;
meny_QnJhaXNlcmV0IGh;Braiseret hjerte med stegte æbler, kål og linser;ing_bouillon;Bouillon;;
meny_QnJhaXNlcmV0IGh;Braiseret hjerte med stegte æbler, kål og linser;ing_extra_4;Gulerødder;;
meny_QnJhaXNlcmV0IGh;Braiseret hjerte med stegte æbler, kål og linser;ing_extra_43;Salt;;
meny_QnJhaXNlcmV0IGh;Braiseret hjerte med stegte æbler, kål og linser;ing_vand;Koldt vand;;
meny_QnJhaXNlcmV0IGh;Braiseret hjerte med stegte æbler, kål og linser;ing_loeg;Løg;;
meny_QnJhaXNlcmV0IGh;Braiseret hjerte med stegte æbler, kål og linser;ing_extra_11;Hvidløg;;
meny_RGFkZWxrYWdlIG1;Dadelkage med kokos, klementin og chokoladeganache;ing_extra_43;Salt;;
meny_RGFkZWxrYWdlIG1;Dadelkage med kokos, klementin og chokoladeganache;ing_extra_29;Hvedemel;;
meny_RGFkZWxrYWdlIG1;Dadelkage med kokos, klementin og chokoladeganache;ing_vanilje;Vaniljesukker;;
meny_RGFkZWxrYWdlIG1;Dadelkage med kokos, klementin og chokoladeganache;ing_bagepulver;Bagepulver;;
meny_R3JpbGxwYWtrZXI;Grillpakker med kuller og kryddersmør;ing_extra_3;Kartofler;;
meny_R3JpbGxwYWtrZXI;Grillpakker med kuller og kryddersmør;ing_extra_43;Salt;;
meny_R3JpbGxwYWtrZXI;Grillpakker med kuller og kryddersmør;ing_citron;Citron;;
meny_R3JpbGxwYWtrZXI;Grillpakker med kuller og kryddersmør;ing_asparges;Grønne Asparges;;
meny_R3JpbGxwYWtrZXI;Grillpakker med kuller og kryddersmør;ing_extra_11;Hvidløg;;
meny_R3JpbGxwYWtrZXI;Grillpakker med kuller og kryddersmør;ing_extra_6;Citroner;;
meny_R3JpbGxwYWtrZXI;Grillpakker med kuller og kryddersmør;ing_koriander;Frisk Koriander;;
meny_fixed_13_1781879414876;Tærte med laks, Anicia linser og spinat;ing_taertedej;Tærtedej;;
meny_fixed_13_1781879414876;Tærte med laks, Anicia linser og spinat;ing_extra_43;Salt;;
meny_fixed_13_1781879414876;Tærte med laks, Anicia linser og spinat;ing_extra_11;Hvidløg;;
meny_fixed_13_1781879414876;Tærte med laks, Anicia linser og spinat;ing_extra_9;Frisk Spinat;;
meny_fixed_13_1781879414876;Tærte med laks, Anicia linser og spinat;ing_extra_21;Torskefileter;;
meny_fixed_13_1781879414876;Tærte med laks, Anicia linser og spinat;ing_laks;Fersk Laks;;
meny_fixed_19_1781879414877;Brændende kærlighed med linser;ing_extra_3;Kartofler;;
meny_fixed_19_1781879414877;Brændende kærlighed med linser;ing_extra_4;Gulerødder;;
meny_fixed_19_1781879414877;Brændende kærlighed med linser;ing_extra_31;Olivenolie;;
meny_fixed_19_1781879414877;Brændende kærlighed med linser;ing_extra_43;Salt;;
meny_fixed_19_1781879414877;Brændende kærlighed med linser;ing_maelk;Mælk;;
meny_fixed_19_1781879414877;Brændende kærlighed med linser;ing_vand;Koldt vand;;
meny_fixed_19_1781879414877;Brændende kærlighed med linser;ing_loeg;Løg;;
meny_fixed_20_1781879414877;Kalveculotte med pocherede grøntsager og kapersmayonnaise;ing_extra_43;Salt;;
meny_fixed_20_1781879414877;Kalveculotte med pocherede grøntsager og kapersmayonnaise;ing_squash;Squash;;
meny_fixed_20_1781879414877;Kalveculotte med pocherede grøntsager og kapersmayonnaise;ing_kalveculotte;Kalveculotte;;
meny_fixed_20_1781879414877;Kalveculotte med pocherede grøntsager og kapersmayonnaise;ing_fennikel;Fennikel;;
meny_fixed_20_1781879414877;Kalveculotte med pocherede grøntsager og kapersmayonnaise;ing_mayonnaise;Mayonnaise;;
meny_fixed_20_1781879414877;Kalveculotte med pocherede grøntsager og kapersmayonnaise;ing_kapers;Kapers;;
meny_fixed_20_1781879414877;Kalveculotte med pocherede grøntsager og kapersmayonnaise;ing_foraarssloeg;Forårsløg;;
meny_fixed_20_1781879414877;Kalveculotte med pocherede grøntsager og kapersmayonnaise;ing_extra_4;Gulerødder;;
meny_fixed_20_1781879414877;Kalveculotte med pocherede grøntsager og kapersmayonnaise;ing_rosmarin;Frisk Rosmarin;;
meny_fixed_16_1781879414877;Banan-chokoladepandekager;ing_extra_43;Salt;;
meny_fixed_16_1781879414877;Banan-chokoladepandekager;ing_extra_29;Hvedemel;;
meny_fixed_16_1781879414877;Banan-chokoladepandekager;ing_extra_30;Sukker;;
meny_fixed_16_1781879414877;Banan-chokoladepandekager;ing_ahornsirup;Ahornsirup;;
meny_fixed_16_1781879414877;Banan-chokoladepandekager;ing_bagepulver;Bagepulver;;
meny_fixed_16_1781879414877;Banan-chokoladepandekager;ing_extra_7;Bananer;;
meny_SGFsbG93ZWVudMO;Halloweentærte med hindbær og frangipane;ing_extra_43;Salt;;
meny_SGFsbG93ZWVudMO;Halloweentærte med hindbær og frangipane;ing_extra_29;Hvedemel;;
meny_SGFsbG93ZWVudMO;Halloweentærte med hindbær og frangipane;ing_aeg;Æg;;
meny_SGFsbG93ZWVudMO;Halloweentærte med hindbær og frangipane;ing_extra_30;Sukker;;
meny_SGFsbG93ZWVudMO;Halloweentærte med hindbær og frangipane;ing_vanilje;Vaniljesukker;;
meny_SGFsbG93ZWVudMO;Halloweentærte med hindbær og frangipane;ing_vand;Koldt vand;;
meny_R3JpbGxldCBtYWp;Grillet majs med cremet bacontopping;ing_extra_44;Sort Peber;;
meny_R3JpbGxldCBtYWp;Grillet majs med cremet bacontopping;ing_foraarssloeg;Forårsløg;;
meny_R3JpbGxldCBtYWp;Grillet majs med cremet bacontopping;ing_bacon;Bacon i tern;;
meny_R3JpbGxldCBtYWp;Grillet majs med cremet bacontopping;ing_pancetta;Pancetta / Bacon i tern;;
meny_fixed_21_1781879414878;Mormors vintertarteletter;ing_extra_4;Gulerødder;;
meny_fixed_21_1781879414878;Mormors vintertarteletter;ing_extra_5;Porrer;;
meny_fixed_21_1781879414878;Mormors vintertarteletter;ing_extra_43;Salt;;
meny_fixed_22_1781879414878;Tærte med rødbede, gedeost og rødløg;ing_ris;Ris;;
meny_fixed_22_1781879414878;Tærte med rødbede, gedeost og rødløg;ing_extra_31;Olivenolie;;
meny_fixed_22_1781879414878;Tærte med rødbede, gedeost og rødløg;ing_extra_43;Salt;;
meny_fixed_22_1781879414878;Tærte med rødbede, gedeost og rødløg;ing_aeg;Æg;;
meny_fixed_22_1781879414878;Tærte med rødbede, gedeost og rødløg;ing_cremefraiche;Creme Fraiche;;
meny_Q3Jvc3RpbmkgbWV;Crostini med parmaskinke og nektarin;ing_extra_31;Olivenolie;;
meny_Q3Jvc3RpbmkgbWV;Crostini med parmaskinke og nektarin;ing_extra_44;Sort Peber;;
meny_Q3Jvc3RpbmkgbWV;Crostini med parmaskinke og nektarin;ing_extra_17;Skinketern;;
meny_Q3Jvc3RpbmkgbWV;Crostini med parmaskinke og nektarin;ing_skinke;Kogt Skinke;;
meny_R2x1dGVuLSBvZyB;Gluten- og laktosefrie tykke pandekager med is, flødeskum, blåbær og hasselnødder;ing_laktosefri_floede;Laktosefri Fløde;;
meny_R2x1dGVuLSBvZyB;Gluten- og laktosefrie tykke pandekager med is, flødeskum, blåbær og hasselnødder;ing_extra_43;Salt;;
meny_R2x1dGVuLSBvZyB;Gluten- og laktosefrie tykke pandekager med is, flødeskum, blåbær og hasselnødder;ing_maelk;Mælk;;
meny_R2x1dGVuLSBvZyB;Gluten- og laktosefrie tykke pandekager med is, flødeskum, blåbær og hasselnødder;ing_bagepulver;Bagepulver;;
meny_R2x1dGVuLSBvZyB;Gluten- og laktosefrie tykke pandekager med is, flødeskum, blåbær og hasselnødder;ing_hasselnoedder;Hasselnødder;;
meny_fixed_26_1781879414878;Grønkålssalat med klementindressing;ing_extra_31;Olivenolie;;
meny_fixed_26_1781879414878;Grønkålssalat med klementindressing;ing_extra_43;Salt;;
meny_fixed_26_1781879414878;Grønkålssalat med klementindressing;ing_ahornsirup;Ahornsirup;;
meny_fixed_27_1781879414878;Grillet culotte med hvidløgs-pebermix;ing_extra_43;Salt;;
meny_fixed_27_1781879414878;Grillet culotte med hvidløgs-pebermix;ing_pasta;Pasta;;
meny_fixed_27_1781879414878;Grillet culotte med hvidløgs-pebermix;ing_extra_11;Hvidløg;;
meny_fixed_28_1781879414878;Gulerodsboller;ing_extra_4;Gulerødder;;
meny_fixed_30_1781879414879;Fuldkornspebernødder med chokoladebund;ing_aeg;Æg;;
meny_fixed_30_1781879414879;Fuldkornspebernødder med chokoladebund;ing_bagepulver;Bagepulver;;
meny_fixed_30_1781879414879;Fuldkornspebernødder med chokoladebund;ing_pølser;Gode Brunchpølser;;
meny_fixed_34_1781879414879;Grillet flæskestegssandwich;ing_extra_14;Flæskesteg;;
meny_fixed_34_1781879414879;Grillet flæskestegssandwich;ing_extra_31;Olivenolie;;
meny_fixed_34_1781879414879;Grillet flæskestegssandwich;ing_extra_43;Salt;;
meny_fixed_34_1781879414879;Grillet flæskestegssandwich;ing_extra_4;Gulerødder;;
meny_fixed_34_1781879414879;Grillet flæskestegssandwich;ing_extra_8;Iceberg Salat;;
meny_fixed_34_1781879414879;Grillet flæskestegssandwich;ing_salat_mix;Blandet salat;;
meny_fixed_34_1781879414879;Grillet flæskestegssandwich;ing_salatblanding;Skåret Salatblanding;;
meny_U2FsYXQgYWYgZ3J;Salat af grillede tomater med gedeostebrød;ing_extra_31;Olivenolie;;
meny_U2FsYXQgYWYgZ3J;Salat af grillede tomater med gedeostebrød;ing_extra_43;Salt;;
meny_U2FsYXQgYWYgZ3J;Salat af grillede tomater med gedeostebrød;ing_rosmarin;Frisk Rosmarin;;
meny_U2FsYXQgYWYgZ3J;Salat af grillede tomater med gedeostebrød;ing_aeg;Æg;;
meny_U2FsYXQgYWYgZ3J;Salat af grillede tomater med gedeostebrød;ing_extra_1;Tomater (Danske);;
meny_U2FsYXQgYWYgZ3J;Salat af grillede tomater med gedeostebrød;ing_extra_8;Iceberg Salat;;
meny_U2FsYXQgYWYgZ3J;Salat af grillede tomater med gedeostebrød;ing_extra_9;Frisk Spinat;;
meny_U2FsYXQgYWYgZ3J;Salat af grillede tomater med gedeostebrød;ing_tomatsovs;Hakkede Tomater;;
meny_U2FsYXQgYWYgZ3J;Salat af grillede tomater med gedeostebrød;ing_salat_mix;Blandet salat;;
meny_U2FsYXQgYWYgZ3J;Salat af grillede tomater med gedeostebrød;ing_salatblanding;Skåret Salatblanding;;
meny_U2FsYXQgYWYgZ3J;Salat af grillede tomater med gedeostebrød;ing_tomat;Friske Tomater;;
meny_S3J5ZHJlZGUga8O;Krydrede kødboller med frisk pasta og tomatsauce;ing_extra_15;Hakket Kalv og Flæsk;;
meny_S3J5ZHJlZGUga8O;Krydrede kødboller med frisk pasta og tomatsauce;ing_extra_43;Salt;;
meny_S3J5ZHJlZGUga8O;Krydrede kødboller med frisk pasta og tomatsauce;ing_maelk;Mælk;;
meny_S3J5ZHJlZGUga8O;Krydrede kødboller med frisk pasta og tomatsauce;ing_pasta;Pasta;;
meny_S3J5ZHJlZGUga8O;Krydrede kødboller med frisk pasta og tomatsauce;ing_spidskommen;Spidskommen;;
meny_S3J5ZHJlZGUga8O;Krydrede kødboller med frisk pasta og tomatsauce;ing_frisk_pasta;Frisk Pasta;;
meny_S3J5ZHJlZGUga8O;Krydrede kødboller med frisk pasta og tomatsauce;ing_hakket_gris_kalv;Hakket Gris & Kalv;;
meny_R2x1dGVuZnJpIHB;Glutenfri pizza med kartofler;ing_extra_3;Kartofler;;
meny_R2x1dGVuZnJpIHB;Glutenfri pizza med kartofler;ing_extra_31;Olivenolie;;
meny_R2x1dGVuZnJpIHB;Glutenfri pizza med kartofler;ing_extra_43;Salt;;
meny_R2x1dGVuZnJpIHB;Glutenfri pizza med kartofler;ing_rosmarin;Frisk Rosmarin;;
meny_R2x1dGVuZnJpIHB;Glutenfri pizza med kartofler;ing_aeg;Æg;;
meny_RmFzdGVsYXZuc2J;Fastelavnsboller med hindbær og crème;ing_maelk;Mælk;;
meny_RmFzdGVsYXZuc2J;Fastelavnsboller med hindbær og crème;ing_aeg;Æg;;
meny_RmFzdGVsYXZuc2J;Fastelavnsboller med hindbær og crème;ing_extra_30;Sukker;;
meny_TXVzbGluZ2VyIG1;Muslinger med dijonsauce;ing_extra_5;Porrer;;
meny_TXVzbGluZ2VyIG1;Muslinger med dijonsauce;ing_extra_40;Hvidvin;;
meny_TXVzbGluZ2VyIG1;Muslinger med dijonsauce;ing_extra_43;Salt;;
meny_TXVzbGluZ2VyIG1;Muslinger med dijonsauce;ing_extra_11;Hvidløg;;
meny_TXVzbGluZ2VyIG1;Muslinger med dijonsauce;ing_persille;Frisk Persille;;
meny_TXVzbGluZ2VyIG1;Muslinger med dijonsauce;ing_extra_21;Torskefileter;;
meny_U23DpSBqdWxldMO;Små juletærter med frugt og chokolade;ing_taertedej;Tærtedej;;
meny_U23DpSBqdWxldMO;Små juletærter med frugt og chokolade;ing_extra_29;Hvedemel;;
meny_U23DpSBqdWxldMO;Små juletærter med frugt og chokolade;ing_aeg;Æg;;
meny_U23DpSBqdWxldMO;Små juletærter med frugt og chokolade;ing_extra_30;Sukker;;
meny_VGV4LW1leCBidXJ;Tex-mex burger med cheddar, majs-avocado salat og salsa;ing_extra_31;Olivenolie;;
meny_VGV4LW1leCBidXJ;Tex-mex burger med cheddar, majs-avocado salat og salsa;ing_extra_43;Salt;;
meny_VGV4LW1leCBidXJ;Tex-mex burger med cheddar, majs-avocado salat og salsa;ing_aeg;Æg;;
meny_VGV4LW1leCBidXJ;Tex-mex burger med cheddar, majs-avocado salat og salsa;ing_cheddar;Cheddarost;;
meny_VGV4LW1leCBidXJ;Tex-mex burger med cheddar, majs-avocado salat og salsa;ing_avocado;Avocado;;
meny_VGV4LW1leCBidXJ;Tex-mex burger med cheddar, majs-avocado salat og salsa;ing_foraarssloeg;Forårsløg;;
meny_VGV4LW1leCBidXJ;Tex-mex burger med cheddar, majs-avocado salat og salsa;ing_extra_8;Iceberg Salat;;
meny_VGV4LW1leCBidXJ;Tex-mex burger med cheddar, majs-avocado salat og salsa;ing_salat_mix;Blandet salat;;
meny_VGV4LW1leCBidXJ;Tex-mex burger med cheddar, majs-avocado salat og salsa;ing_salatblanding;Skåret Salatblanding;;
meny_VGV4LW1leCBidXJ;Tex-mex burger med cheddar, majs-avocado salat og salsa;ing_frisk_chili;Frisk Chili;;
meny_VGV4LW1leCBidXJ;Tex-mex burger med cheddar, majs-avocado salat og salsa;ing_extra_20;Hakket oksekød (8-14%);;
meny_VGV4LW1leCBidXJ;Tex-mex burger med cheddar, majs-avocado salat og salsa;ing_hakket_okse;Hakket Oksekød;;
meny_RnJpa2FkZWxsZWJ;Frikadelleburger med rødbede-slaw;ing_extra_15;Hakket Kalv og Flæsk;;
meny_RnJpa2FkZWxsZWJ;Frikadelleburger med rødbede-slaw;ing_extra_43;Salt;;
meny_RnJpa2FkZWxsZWJ;Frikadelleburger med rødbede-slaw;ing_extra_45;Paprika;;
meny_RnJpa2FkZWxsZWJ;Frikadelleburger med rødbede-slaw;ing_maelk;Mælk;;
meny_RnJpa2FkZWxsZWJ;Frikadelleburger med rødbede-slaw;ing_extra_29;Hvedemel;;
meny_RnJpa2FkZWxsZWJ;Frikadelleburger med rødbede-slaw;ing_burgerboller;Burgerboller;;
meny_RnJpa2FkZWxsZWJ;Frikadelleburger med rødbede-slaw;ing_loeg;Løg;;
meny_RnJpa2FkZWxsZWJ;Frikadelleburger med rødbede-slaw;ing_hakket_gris_kalv;Hakket Gris & Kalv;;
meny_U2FmdGlnIHdva3J;Saftig wokret med skinketern;ing_peberfrugt;Peberfrugt;;
meny_U2FmdGlnIHdva3J;Saftig wokret med skinketern;ing_extra_17;Skinketern;;
meny_U2FmdGlnIHdva3J;Saftig wokret med skinketern;ing_boennespirer;Bønnespirer;;
meny_U2FmdGlnIHdva3J;Saftig wokret med skinketern;ing_koriander;Frisk Koriander;;
meny_U2FmdGlnIHdva3J;Saftig wokret med skinketern;ing_extra_11;Hvidløg;;
meny_U2FmdGlnIHdva3J;Saftig wokret med skinketern;ing_spidskaal;Spidskål;;
meny_U2FmdGlnIHdva3J;Saftig wokret med skinketern;ing_extra_12;Frisk Ingefær;;
meny_VGhhaSBzYWxhdCB;Thai salat med peanuts, risnudler og roastbeef;ing_extra_16;Roastbeef;;
meny_VGhhaSBzYWxhdCB;Thai salat med peanuts, risnudler og roastbeef;ing_vand;Koldt vand;;
meny_VGhhaSBzYWxhdCB;Thai salat med peanuts, risnudler og roastbeef;ing_extra_5;Porrer;;
meny_VGhhaSBzYWxhdCB;Thai salat med peanuts, risnudler og roastbeef;ing_extra_8;Iceberg Salat;;
meny_VGhhaSBzYWxhdCB;Thai salat med peanuts, risnudler og roastbeef;ing_salat_mix;Blandet salat;;
meny_VGhhaSBzYWxhdCB;Thai salat med peanuts, risnudler og roastbeef;ing_salatblanding;Skåret Salatblanding;;
meny_VGhhaSBzYWxhdCB;Thai salat med peanuts, risnudler og roastbeef;ing_koriander;Frisk Koriander;;
meny_UmVqZXIgaSBodml;Rejer i hvidløg;ing_extra_31;Olivenolie;;
meny_UmVqZXIgaSBodml;Rejer i hvidløg;ing_extra_43;Salt;;
meny_UmVqZXIgaSBodml;Rejer i hvidløg;ing_aeg;Æg;;
meny_UmVqZXIgaSBodml;Rejer i hvidløg;ing_salat_mix;Blandet salat;;
meny_UmVqZXIgaSBodml;Rejer i hvidløg;ing_extra_11;Hvidløg;;
meny_UmVqZXIgaSBodml;Rejer i hvidløg;ing_extra_8;Iceberg Salat;;
meny_UmVqZXIgaSBodml;Rejer i hvidløg;ing_persille;Frisk Persille;;
meny_UmVqZXIgaSBodml;Rejer i hvidløg;ing_salatblanding;Skåret Salatblanding;;
meny_UmVqZXIgaSBodml;Rejer i hvidløg;ing_frisk_chili;Frisk Chili;;
meny_UmVqZXIgaSBodml;Rejer i hvidløg;ing_extra_21;Torskefileter;;
meny_QmFjb25zbnVycmV;Baconsnurrer med flødeost;ing_extra_43;Salt;;
meny_QmFjb25zbnVycmV;Baconsnurrer med flødeost;ing_extra_46;Oregano;;
meny_QmFjb25zbnVycmV;Baconsnurrer med flødeost;ing_maelk;Mælk;;
meny_QmFjb25zbnVycmV;Baconsnurrer med flødeost;ing_aeg;Æg;;
meny_QmFjb25zbnVycmV;Baconsnurrer med flødeost;ing_extra_30;Sukker;;
meny_QmFjb25zbnVycmV;Baconsnurrer med flødeost;ing_bagepulver;Bagepulver;;
meny_QmFjb25zbnVycmV;Baconsnurrer med flødeost;ing_bacon;Bacon i tern;;
meny_QmFjb25zbnVycmV;Baconsnurrer med flødeost;ing_pancetta;Pancetta / Bacon i tern;;
meny_Q3JlbWV0IGZpc2t;Cremet fiskesuppe med laks, kartofler og dild;ing_extra_3;Kartofler;;
meny_Q3JlbWV0IGZpc2t;Cremet fiskesuppe med laks, kartofler og dild;ing_bouillon;Bouillon;;
meny_Q3JlbWV0IGZpc2t;Cremet fiskesuppe med laks, kartofler og dild;ing_extra_4;Gulerødder;;
meny_Q3JlbWV0IGZpc2t;Cremet fiskesuppe med laks, kartofler og dild;ing_extra_5;Porrer;;
meny_Q3JlbWV0IGZpc2t;Cremet fiskesuppe med laks, kartofler og dild;ing_extra_43;Salt;;
meny_Q3JlbWV0IGZpc2t;Cremet fiskesuppe med laks, kartofler og dild;ing_cremefraiche;Creme Fraiche;;
meny_Q3JlbWV0IGZpc2t;Cremet fiskesuppe med laks, kartofler og dild;ing_loeg;Løg;;
meny_Q3JlbWV0IGZpc2t;Cremet fiskesuppe med laks, kartofler og dild;ing_laks;Fersk Laks;;
meny_SMO4c3RzaWxkIG1;Høstsild med ­løvstikke;ing_extra_3;Kartofler;;
meny_SMO4c3RzaWxkIG1;Høstsild med ­løvstikke;ing_extra_43;Salt;;
meny_SMO4c3RzaWxkIG1;Høstsild med ­løvstikke;ing_citron;Citron;;
meny_SMO4c3RzaWxkIG1;Høstsild med ­løvstikke;ing_extra_6;Citroner;;
meny_SMO4c3RzaWxkIG1;Høstsild med ­løvstikke;ing_extra_21;Torskefileter;;
meny_R3LDpnNrZSBrw7h;Græske kødboller med bagte tomater feta og fladbrød;ing_extra_31;Olivenolie;;
meny_R3LDpnNrZSBrw7h;Græske kødboller med bagte tomater feta og fladbrød;ing_extra_43;Salt;;
meny_R3LDpnNrZSBrw7h;Græske kødboller med bagte tomater feta og fladbrød;ing_hakket_okse;Hakket Oksekød;;
meny_R3LDpnNrZSBrw7h;Græske kødboller med bagte tomater feta og fladbrød;ing_extra_11;Hvidløg;;
meny_R3LDpnNrZSBrw7h;Græske kødboller med bagte tomater feta og fladbrød;ing_extra_1;Tomater (Danske);;
meny_R3LDpnNrZSBrw7h;Græske kødboller med bagte tomater feta og fladbrød;ing_tomatsovs;Hakkede Tomater;;
meny_R3LDpnNrZSBrw7h;Græske kødboller med bagte tomater feta og fladbrød;ing_persille;Frisk Persille;;
meny_R3LDpnNrZSBrw7h;Græske kødboller med bagte tomater feta og fladbrød;ing_tomat;Friske Tomater;;
meny_R3LDpnNrZSBrw7h;Græske kødboller med bagte tomater feta og fladbrød;ing_extra_20;Hakket oksekød (8-14%);;
meny_Q2hva29sYWRlYnV;Chokoladebudding med spøgelser;ing_maelk;Mælk;;
meny_Q2hva29sYWRlYnV;Chokoladebudding med spøgelser;ing_extra_30;Sukker;;
meny_Q2hva29sYWRlYnV;Chokoladebudding med spøgelser;ing_mork_chokolade;Mørk Chokolade;;
meny_Q2hva29sYWRlYnV;Chokoladebudding med spøgelser;ing_vanilje;Vaniljesukker;;
meny_SGplbW1lbGF2ZXQ;Hjemmelavet mysli med honning;ing_extra_33;Havregryn;;
meny_SGplbW1lbGF2ZXQ;Hjemmelavet mysli med honning;ing_hasselnoedder;Hasselnødder;;
meny_S3lsbGluZ2V1bmR;Kyllingeunderlår med ristet blomkål og gurkemejedressing;ing_extra_19;Kyllingeunderlår;;
meny_QXBwbGUgcGllIG1;Apple pie med cheddardej;ing_extra_29;Hvedemel;;
meny_QXBwbGUgcGllIG1;Apple pie med cheddardej;ing_extra_30;Sukker;;
meny_QXBwbGUgcGllIG1;Apple pie med cheddardej;ing_extra_12;Frisk Ingefær;;
meny_Q2hpbGkgY29uIGN;Chili con carne;ing_extra_43;Salt;;
meny_Q2hpbGkgY29uIGN;Chili con carne;ing_extra_44;Sort Peber;;
meny_Q2hpbGkgY29uIGN;Chili con carne;ing_hakket_okse;Hakket Oksekød;;
meny_Q2hpbGkgY29uIGN;Chili con carne;ing_loeg;Løg;;
meny_Q2hpbGkgY29uIGN;Chili con carne;ing_extra_11;Hvidløg;;
meny_Q2hpbGkgY29uIGN;Chili con carne;ing_extra_1;Tomater (Danske);;
meny_Q2hpbGkgY29uIGN;Chili con carne;ing_tomatsovs;Hakkede Tomater;;
meny_Q2hpbGkgY29uIGN;Chili con carne;ing_tomat;Friske Tomater;;
meny_Q2hpbGkgY29uIGN;Chili con carne;ing_frisk_chili;Frisk Chili;;
meny_Q2hpbGkgY29uIGN;Chili con carne;ing_bacon;Bacon i tern;;
meny_Q2hpbGkgY29uIGN;Chili con carne;ing_pancetta;Pancetta / Bacon i tern;;
meny_Q2hpbGkgY29uIGN;Chili con carne;ing_extra_20;Hakket oksekød (8-14%);;
meny_SGplcnRlciBpIGZ;Hjerter i flødesovs med kartoffelmos og kruspersille;ing_extra_3;Kartofler;;
meny_SGplcnRlciBpIGZ;Hjerter i flødesovs med kartoffelmos og kruspersille;ing_extra_43;Salt;;
meny_SGplcnRlciBpIGZ;Hjerter i flødesovs med kartoffelmos og kruspersille;ing_extra_44;Sort Peber;;
meny_SGplcnRlciBpIGZ;Hjerter i flødesovs med kartoffelmos og kruspersille;ing_maelk;Mælk;;
meny_SGplcnRlciBpIGZ;Hjerter i flødesovs med kartoffelmos og kruspersille;ing_soja;Sojasauce;;
meny_R3Jpc3NpbmkgbWV;Grissini med olivenolie;ing_extra_31;Olivenolie;;
meny_R3Jpc3NpbmkgbWV;Grissini med olivenolie;ing_extra_43;Salt;;
meny_R3Jpc3NpbmkgbWV;Grissini med olivenolie;ing_aeg;Æg;;
meny_R3Jpc3NpbmkgbWV;Grissini med olivenolie;ing_extra_30;Sukker;;
meny_fixed_11_1781879414876;Grillet flæskestegssandwich;ing_extra_14;Flæskesteg;;
meny_fixed_11_1781879414876;Grillet flæskestegssandwich;ing_extra_31;Olivenolie;;
meny_fixed_11_1781879414876;Grillet flæskestegssandwich;ing_extra_43;Salt;;
meny_fixed_11_1781879414876;Grillet flæskestegssandwich;ing_extra_4;Gulerødder;;
meny_fixed_11_1781879414876;Grillet flæskestegssandwich;ing_extra_8;Iceberg Salat;;
meny_fixed_11_1781879414876;Grillet flæskestegssandwich;ing_salat_mix;Blandet salat;;
meny_fixed_11_1781879414876;Grillet flæskestegssandwich;ing_salatblanding;Skåret Salatblanding;;
meny_R3JpbGxldCBsYW1;Grillet lammekølle med fyld af pistacie, parmaskinke, basilikum og abrikos;ing_extra_31;Olivenolie;;
meny_R3JpbGxldCBsYW1;Grillet lammekølle med fyld af pistacie, parmaskinke, basilikum og abrikos;ing_extra_43;Salt;;
meny_R3JpbGxldCBsYW1;Grillet lammekølle med fyld af pistacie, parmaskinke, basilikum og abrikos;ing_lammekoelle;Lammekølle (ca. 1,5 kg);;
meny_QnJpb2NoZQ;Brioche;ing_extra_43;Salt;;
meny_QnJpb2NoZQ;Brioche;ing_maelk;Mælk;;
meny_QnJpb2NoZQ;Brioche;ing_aeg;Æg;;
meny_QnJpb2NoZQ;Brioche;ing_extra_30;Sukker;;
meny_UsO4ZHNww6Z0dGU;Rødspætte med majssalsa;ing_extra_22;Rødspætte;;
meny_UsO4ZHNww6Z0dGU;Rødspætte med majssalsa;ing_extra_43;Salt;;
meny_UsO4ZHNww6Z0dGU;Rødspætte med majssalsa;ing_aeg;Æg;;
meny_UsO4ZHNww6Z0dGU;Rødspætte med majssalsa;ing_citron;Citron;;
meny_UsO4ZHNww6Z0dGU;Rødspætte med majssalsa;ing_extra_11;Hvidløg;;
meny_UsO4ZHNww6Z0dGU;Rødspætte med majssalsa;ing_extra_6;Citroner;;
meny_UsO4ZHNww6Z0dGU;Rødspætte med majssalsa;ing_frisk_chili;Frisk Chili;;
meny_UsO4ZHNww6Z0dGU;Rødspætte med majssalsa;ing_extra_21;Torskefileter;;
meny_S3lsbGluZ2VkZWx;Kyllingedeller på citrongræsspyd;ing_salat_mix;Blandet salat;;
meny_S3lsbGluZ2VkZWx;Kyllingedeller på citrongræsspyd;ing_foraarssloeg;Forårsløg;;
meny_S3lsbGluZ2VkZWx;Kyllingedeller på citrongræsspyd;ing_extra_11;Hvidløg;;
meny_S3lsbGluZ2VkZWx;Kyllingedeller på citrongræsspyd;ing_extra_8;Iceberg Salat;;
meny_S3lsbGluZ2VkZWx;Kyllingedeller på citrongræsspyd;ing_salatblanding;Skåret Salatblanding;;
meny_R3JpbGxldCBrdWx;Grillet kulmule med søde kartofler, grønne asparges og basilikumspesto;ing_extra_3;Kartofler;;
meny_R3JpbGxldCBrdWx;Grillet kulmule med søde kartofler, grønne asparges og basilikumspesto;ing_extra_31;Olivenolie;;
meny_R3JpbGxldCBrdWx;Grillet kulmule med søde kartofler, grønne asparges og basilikumspesto;ing_extra_43;Salt;;
meny_R3JpbGxldCBrdWx;Grillet kulmule med søde kartofler, grønne asparges og basilikumspesto;ing_extra_45;Paprika;;
meny_R3JpbGxldCBrdWx;Grillet kulmule med søde kartofler, grønne asparges og basilikumspesto;ing_asparges;Grønne Asparges;;
meny_R3JpbGxldCBrdWx;Grillet kulmule med søde kartofler, grønne asparges og basilikumspesto;ing_extra_21;Torskefileter;;
meny_S3lsbGluZyBtZWQ;Kylling med tomat, citron og oliven;ing_kyllingebryst;Kyllingebryst;;
meny_S3lsbGluZyBtZWQ;Kylling med tomat, citron og oliven;ing_extra_19;Kyllingeunderlår;;
meny_S3lsbGluZyBtZWQ;Kylling med tomat, citron og oliven;ing_extra_31;Olivenolie;;
meny_S3lsbGluZyBtZWQ;Kylling med tomat, citron og oliven;ing_extra_43;Salt;;
meny_S3lsbGluZyBtZWQ;Kylling med tomat, citron og oliven;ing_tomatsovs;Hakkede Tomater;;
meny_S3lsbGluZyBtZWQ;Kylling med tomat, citron og oliven;ing_aeg;Æg;;
meny_S3lsbGluZyBtZWQ;Kylling med tomat, citron og oliven;ing_citron;Citron;;
meny_S3lsbGluZyBtZWQ;Kylling med tomat, citron og oliven;ing_extra_1;Tomater (Danske);;
meny_S3lsbGluZyBtZWQ;Kylling med tomat, citron og oliven;ing_extra_6;Citroner;;
meny_S3lsbGluZyBtZWQ;Kylling med tomat, citron og oliven;ing_tomat;Friske Tomater;;
meny_S3lsbGluZyBtZWQ;Kylling med tomat, citron og oliven;ing_bacon;Bacon i tern;;
meny_S3lsbGluZyBtZWQ;Kylling med tomat, citron og oliven;ing_pancetta;Pancetta / Bacon i tern;;
meny_S3lsbGluZyBtZWQ;Kylling med tomat, citron og oliven;ing_hel_kylling;Hel kylling;;
meny_RnJpa2FkZWxsZXI;Frikadeller med æble og salvie;ing_extra_43;Salt;;
meny_RnJpa2FkZWxsZXI;Frikadeller med æble og salvie;ing_extra_29;Hvedemel;;
meny_RnJpa2FkZWxsZXI;Frikadeller med æble og salvie;ing_hakket_gris;Hakket Grisekød;;
meny_fixed_4_1781878444005;Mormors vintertarteletter;ing_extra_4;Gulerødder;;
meny_fixed_4_1781878444005;Mormors vintertarteletter;ing_extra_5;Porrer;;
meny_fixed_4_1781878444005;Mormors vintertarteletter;ing_extra_43;Salt;;
meny_fixed_32_1781879414879;Pasta Pomodoro;ing_extra_31;Olivenolie;;
meny_fixed_32_1781879414879;Pasta Pomodoro;ing_extra_43;Salt;;
meny_fixed_32_1781879414879;Pasta Pomodoro;ing_pasta;Pasta;;
meny_fixed_32_1781879414879;Pasta Pomodoro;ing_extra_30;Sukker;;
meny_fixed_32_1781879414879;Pasta Pomodoro;ing_loeg;Løg;;
meny_fixed_32_1781879414879;Pasta Pomodoro;ing_extra_11;Hvidløg;;
meny_fixed_32_1781879414879;Pasta Pomodoro;ing_extra_1;Tomater (Danske);;
meny_fixed_32_1781879414879;Pasta Pomodoro;ing_tomatsovs;Hakkede Tomater;;
meny_fixed_32_1781879414879;Pasta Pomodoro;ing_tomat;Friske Tomater;;
meny_fixed_32_1781879414879;Pasta Pomodoro;ing_frisk_chili;Frisk Chili;;
meny_fixed_15_1781879414877;Græskar-, æble- og klementinchutney;ing_klementiner;Klementiner;;
meny_fixed_15_1781879414877;Græskar-, æble- og klementinchutney;ing_extra_11;Hvidløg;;
meny_fixed_15_1781879414877;Græskar-, æble- og klementinchutney;ing_extra_12;Frisk Ingefær;;
meny_fixed_15_1781879414877;Græskar-, æble- og klementinchutney;ing_frisk_chili;Frisk Chili;;
meny_fixed_25_1781879414878;Dhal;ing_ris;Ris;;
meny_fixed_25_1781879414878;Dhal;ing_extra_43;Salt;;
meny_fixed_25_1781879414878;Dhal;ing_extra_30;Sukker;;
meny_fixed_25_1781879414878;Dhal;ing_koriander;Frisk Koriander;;
meny_fixed_25_1781879414878;Dhal;ing_loeg;Løg;;
meny_fixed_25_1781879414878;Dhal;ing_extra_11;Hvidløg;;
meny_fixed_25_1781879414878;Dhal;ing_frisk_chili;Frisk Chili;;
meny_R3JpbGxldCBibG9;Grillet blomkål med kogte nye kartofler, urteyoghurt og brunet sojasmør;ing_extra_3;Kartofler;;
meny_R3JpbGxldCBibG9;Grillet blomkål med kogte nye kartofler, urteyoghurt og brunet sojasmør;ing_extra_43;Salt;;
meny_R3JpbGxldCBibG9;Grillet blomkål med kogte nye kartofler, urteyoghurt og brunet sojasmør;ing_extra_44;Sort Peber;;
meny_R3JpbGxldCBibG9;Grillet blomkål med kogte nye kartofler, urteyoghurt og brunet sojasmør;ing_aeg;Æg;;
meny_R3JpbGxldCBibG9;Grillet blomkål med kogte nye kartofler, urteyoghurt og brunet sojasmør;ing_soja;Sojasauce;;
meny_R3JpbGxldCBibG9;Grillet blomkål med kogte nye kartofler, urteyoghurt og brunet sojasmør;ing_foraarssloeg;Forårsløg;;
meny_R3JpbGxldCBibG9;Grillet blomkål med kogte nye kartofler, urteyoghurt og brunet sojasmør;ing_nye_kartofler;Nye kartofler;;
meny_R3JpbGxldCBibG9;Grillet blomkål med kogte nye kartofler, urteyoghurt og brunet sojasmør;ing_extra_6;Citroner;;
meny_R3JpbGxldCBibG9;Grillet blomkål med kogte nye kartofler, urteyoghurt og brunet sojasmør;ing_frisk_chili;Frisk Chili;;
meny_R3JpbGxldCBibG9;Grillet blomkål med kogte nye kartofler, urteyoghurt og brunet sojasmør;ing_koriander;Frisk Koriander;;
meny_R3JpbGxldCBibG9;Grillet blomkål med kogte nye kartofler, urteyoghurt og brunet sojasmør;ing_laks;Fersk Laks;;
meny_fixed_31_1781879414879;Coq au vin;ing_extra_43;Salt;;
meny_fixed_31_1781879414879;Coq au vin;ing_extra_11;Hvidløg;;
meny_fixed_31_1781879414879;Coq au vin;ing_kyllingebryst;Kyllingebryst;;
meny_fixed_31_1781879414879;Coq au vin;ing_bacon;Bacon i tern;;
meny_fixed_31_1781879414879;Coq au vin;ing_pancetta;Pancetta / Bacon i tern;;
meny_fixed_31_1781879414879;Coq au vin;ing_hel_kylling;Hel kylling;;
meny_SGVsc3RlZ3QgYW5;Helstegt and med æble, tranebær og rosmarin;ing_extra_43;Salt;;
meny_SGVsc3RlZ3QgYW5;Helstegt and med æble, tranebær og rosmarin;ing_loeg;Løg;;
meny_SGVsc3RlZ3QgYW5;Helstegt and med æble, tranebær og rosmarin;ing_rosmarin;Frisk Rosmarin;;
meny_SGVsc3RlZ3QgYW5;Helstegt and med æble, tranebær og rosmarin;ing_bacon;Bacon i tern;;
meny_SGVsc3RlZ3QgYW5;Helstegt and med æble, tranebær og rosmarin;ing_pancetta;Pancetta / Bacon i tern;;
meny_w5hsbWFyaW5lcmV;Ølmarineret medister med råstegte rødder;ing_extra_3;Kartofler;;
meny_w5hsbWFyaW5lcmV;Ølmarineret medister med råstegte rødder;ing_extra_18;Medister;;
meny_w5hsbWFyaW5lcmV;Ølmarineret medister med råstegte rødder;ing_extra_43;Salt;;
meny_fixed_14_1781879414877;Traditionelle æbleskiver med kanel og æbletern;ing_extra_30;Sukker;;
meny_fixed_14_1781879414877;Traditionelle æbleskiver med kanel og æbletern;ing_extra_6;Citroner;;
meny_Rmlza2VmcmlrYWR;Fiskefrikadeller med fennikelsalat;ing_extra_31;Olivenolie;;
meny_Rmlza2VmcmlrYWR;Fiskefrikadeller med fennikelsalat;ing_fennikel;Fennikel;;
meny_Rmlza2VmcmlrYWR;Fiskefrikadeller med fennikelsalat;ing_persille;Frisk Persille;;
meny_R2x1dGVuZnJpdCB;Glutenfrit mørkt rugbrød;ing_extra_33;Havregryn;;
meny_R2x1dGVuZnJpdCB;Glutenfrit mørkt rugbrød;ing_extra_34;Mørkt Rugbrød;;
meny_R2x1dGVuZnJpdCB;Glutenfrit mørkt rugbrød;ing_extra_43;Salt;;
meny_MSBncnVuZGRlaiA;1 grunddej - 3 slags spændende småkager;ing_aeg;Æg;;
meny_MSBncnVuZGRlaiA;1 grunddej - 3 slags spændende småkager;ing_mork_chokolade;Mørk Chokolade;;
meny_QkJRLW1hcmluYWR;BBQ-marinade;ing_peberfrugt;Peberfrugt;;
meny_QkJRLW1hcmluYWR;BBQ-marinade;ing_extra_43;Salt;;
meny_QkJRLW1hcmluYWR;BBQ-marinade;ing_extra_11;Hvidløg;;
meny_SHZpZGvDpWxzc2F;Hvidkålssalat med æble, spinatdressing og bacon;ing_hvidkaal;Hvidkål;;
meny_SHZpZGvDpWxzc2F;Hvidkålssalat med æble, spinatdressing og bacon;ing_extra_31;Olivenolie;;
meny_SHZpZGvDpWxzc2F;Hvidkålssalat med æble, spinatdressing og bacon;ing_extra_43;Salt;;
meny_SHZpZGvDpWxzc2F;Hvidkålssalat med æble, spinatdressing og bacon;ing_aeg;Æg;;
meny_SHZpZGvDpWxzc2F;Hvidkålssalat med æble, spinatdressing og bacon;ing_foraarssloeg;Forårsløg;;
meny_SHZpZGvDpWxzc2F;Hvidkålssalat med æble, spinatdressing og bacon;ing_extra_11;Hvidløg;;
meny_SHZpZGvDpWxzc2F;Hvidkålssalat med æble, spinatdressing og bacon;ing_extra_6;Citroner;;
meny_SHZpZGvDpWxzc2F;Hvidkålssalat med æble, spinatdressing og bacon;ing_extra_9;Frisk Spinat;;
meny_SHZpZGvDpWxzc2F;Hvidkålssalat med æble, spinatdressing og bacon;ing_persille;Frisk Persille;;
meny_SHZpZGvDpWxzc2F;Hvidkålssalat med æble, spinatdressing og bacon;ing_bacon;Bacon i tern;;
meny_SHZpZGvDpWxzc2F;Hvidkålssalat med æble, spinatdressing og bacon;ing_pancetta;Pancetta / Bacon i tern;;
meny_SHZpZGzDuGdzbWF;Hvidløgsmarinade;ing_extra_13;Svinekoteletter;;
meny_SHZpZGzDuGdzbWF;Hvidløgsmarinade;ing_svinemoerbrad;Svinemørbrad;;
meny_SHZpZGzDuGdzbWF;Hvidløgsmarinade;ing_kyllingebryst;Kyllingebryst;;
meny_SHZpZGzDuGdzbWF;Hvidløgsmarinade;ing_hel_kylling;Hel kylling;;
meny_S2FuZWxzbmVnbGU;Kanelsnegle;ing_extra_38;Kanelsnegle;;
meny_S2FuZWxzbmVnbGU;Kanelsnegle;ing_extra_43;Salt;;
meny_S2FuZWxzbmVnbGU;Kanelsnegle;ing_maelk;Mælk;;
meny_S2FuZWxzbmVnbGU;Kanelsnegle;ing_extra_30;Sukker;;
meny_QXNwYXJnZXNrYXJ;Aspargeskartofler med granatæblekerner og sprød parmaskinke;ing_extra_3;Kartofler;;
meny_QXNwYXJnZXNrYXJ;Aspargeskartofler med granatæblekerner og sprød parmaskinke;ing_extra_31;Olivenolie;;
meny_QXNwYXJnZXNrYXJ;Aspargeskartofler med granatæblekerner og sprød parmaskinke;ing_extra_43;Salt;;
meny_QXNwYXJnZXNrYXJ;Aspargeskartofler med granatæblekerner og sprød parmaskinke;ing_squash;Squash;;
meny_QXNwYXJnZXNrYXJ;Aspargeskartofler med granatæblekerner og sprød parmaskinke;ing_vand;Koldt vand;;
meny_Q3JlbWV0IHBhc3R;Cremet pasta med kylling, fennikel og tomat;ing_extra_43;Salt;;
meny_Q3JlbWV0IHBhc3R;Cremet pasta med kylling, fennikel og tomat;ing_pasta;Pasta;;
meny_Q3JlbWV0IHBhc3R;Cremet pasta med kylling, fennikel og tomat;ing_fennikel;Fennikel;;
meny_Q3JlbWV0IHBhc3R;Cremet pasta med kylling, fennikel og tomat;ing_loeg;Løg;;
meny_Q3JlbWV0IHBhc3R;Cremet pasta med kylling, fennikel og tomat;ing_extra_1;Tomater (Danske);;
meny_Q3JlbWV0IHBhc3R;Cremet pasta med kylling, fennikel og tomat;ing_kyllingebryst;Kyllingebryst;;
meny_Q3JlbWV0IHBhc3R;Cremet pasta med kylling, fennikel og tomat;ing_extra_4;Gulerødder;;
meny_Q3JlbWV0IHBhc3R;Cremet pasta med kylling, fennikel og tomat;ing_tomatsovs;Hakkede Tomater;;
meny_Q3JlbWV0IHBhc3R;Cremet pasta med kylling, fennikel og tomat;ing_tomat;Friske Tomater;;
meny_Q3JlbWV0IHBhc3R;Cremet pasta med kylling, fennikel og tomat;ing_hel_kylling;Hel kylling;;
meny_R3JpbGxlZGUgYmF;Grillede bananer med cheesecakecreme;ing_extra_7;Bananer;;
meny_R3JpbGxlZGUgYmF;Grillede bananer med cheesecakecreme;ing_vanilje;Vaniljesukker;;
meny_R3JpbGxlZGUgYmF;Grillede bananer med cheesecakecreme;ing_hasselnoedder;Hasselnødder;;
meny_fixed_0_1781878444004;Svampe-bønne stroganoff med filotopping;ing_extra_43;Salt;;
meny_fixed_0_1781878444004;Svampe-bønne stroganoff med filotopping;ing_extra_45;Paprika;;
meny_fixed_0_1781878444004;Svampe-bønne stroganoff med filotopping;ing_aeg;Æg;;
meny_fixed_0_1781878444004;Svampe-bønne stroganoff med filotopping;ing_soja;Sojasauce;;
meny_fixed_0_1781878444004;Svampe-bønne stroganoff med filotopping;ing_loeg;Løg;;
meny_fixed_0_1781878444004;Svampe-bønne stroganoff med filotopping;ing_oestershatte;Østershatte;;
meny_fixed_0_1781878444004;Svampe-bønne stroganoff med filotopping;ing_enoki;Enoki Svampe;;
meny_QXZvY2Fkby1tYW5;Avocado-mangosalat med cashewnødder og hytteost;ing_extra_43;Salt;;
meny_QXZvY2Fkby1tYW5;Avocado-mangosalat med cashewnødder og hytteost;ing_extra_46;Oregano;;
meny_QXZvY2Fkby1tYW5;Avocado-mangosalat med cashewnødder og hytteost;ing_avocado;Avocado;;
meny_RmFzYW4gaSBjcmV;Fasan i cremet bourbonsauce med salvie, bacon og æble ;ing_extra_43;Salt;;
meny_RmFzYW4gaSBjcmV;Fasan i cremet bourbonsauce med salvie, bacon og æble ;ing_aeg;Æg;;
meny_RmFzYW4gaSBjcmV;Fasan i cremet bourbonsauce med salvie, bacon og æble ;ing_bacon;Bacon i tern;;
meny_RmFzYW4gaSBjcmV;Fasan i cremet bourbonsauce med salvie, bacon og æble ;ing_pancetta;Pancetta / Bacon i tern;;
meny_R3JpbGxlZGUga3J;Grillede krabbeklør med aioli og lime;ing_extra_43;Salt;;
meny_R3JpbGxlZGUga3J;Grillede krabbeklør med aioli og lime;ing_vand;Koldt vand;;
meny_R3JpbGxlZGUga3J;Grillede krabbeklør med aioli og lime;ing_extra_11;Hvidløg;;
meny_SHVtbXVzIG1lZCB;Hummus med krydrede kødboller og spidskålsalat;ing_extra_31;Olivenolie;;
meny_SHVtbXVzIG1lZCB;Hummus med krydrede kødboller og spidskålsalat;ing_extra_43;Salt;;
meny_SHVtbXVzIG1lZCB;Hummus med krydrede kødboller og spidskålsalat;ing_spidskommen;Spidskommen;;
meny_SHVtbXVzIG1lZCB;Hummus med krydrede kødboller og spidskålsalat;ing_loeg;Løg;;
meny_SHVtbXVzIG1lZCB;Hummus med krydrede kødboller og spidskålsalat;ing_extra_11;Hvidløg;;
meny_SHVtbXVzIG1lZCB;Hummus med krydrede kødboller og spidskålsalat;ing_extra_6;Citroner;;
meny_SHVtbXVzIG1lZCB;Hummus med krydrede kødboller og spidskålsalat;ing_extra_8;Iceberg Salat;;
meny_SHVtbXVzIG1lZCB;Hummus med krydrede kødboller og spidskålsalat;ing_persille;Frisk Persille;;
meny_SHVtbXVzIG1lZCB;Hummus med krydrede kødboller og spidskålsalat;ing_salat_mix;Blandet salat;;
meny_SHVtbXVzIG1lZCB;Hummus med krydrede kødboller og spidskålsalat;ing_salatblanding;Skåret Salatblanding;;
meny_SGplbW1lbGF2ZWR;Hjemmelavede hotdogs med grønne asparges og rejesalat;ing_extra_31;Olivenolie;;
meny_SGplbW1lbGF2ZWR;Hjemmelavede hotdogs med grønne asparges og rejesalat;ing_extra_43;Salt;;
meny_SGplbW1lbGF2ZWR;Hjemmelavede hotdogs med grønne asparges og rejesalat;ing_extra_29;Hvedemel;;
meny_SGplbW1lbGF2ZWR;Hjemmelavede hotdogs med grønne asparges og rejesalat;ing_extra_30;Sukker;;
meny_SGplbW1lbGF2ZWR;Hjemmelavede hotdogs med grønne asparges og rejesalat;ing_asparges;Grønne Asparges;;
meny_SGplbW1lbGF2ZWR;Hjemmelavede hotdogs med grønne asparges og rejesalat;ing_mayonnaise;Mayonnaise;;
meny_SGplbW1lbGF2ZWR;Hjemmelavede hotdogs med grønne asparges og rejesalat;ing_foraarssloeg;Forårsløg;;
meny_SGplbW1lbGF2ZWR;Hjemmelavede hotdogs med grønne asparges og rejesalat;ing_vand;Koldt vand;;
meny_SGplbW1lbGF2ZWR;Hjemmelavede hotdogs med grønne asparges og rejesalat;ing_extra_6;Citroner;;
meny_SGplbW1lbGF2ZWR;Hjemmelavede hotdogs med grønne asparges og rejesalat;ing_pølser;Gode Brunchpølser;;
meny_SMO4bnNlc2FsYXQ;Hønsesalat med æble og valnødder;ing_extra_36;Franskbrød;;
meny_SMO4bnNlc2FsYXQ;Hønsesalat med æble og valnødder;ing_extra_43;Salt;;
meny_SMO4bnNlc2FsYXQ;Hønsesalat med æble og valnødder;ing_mayonnaise;Mayonnaise;;
meny_SMO4bnNlc2FsYXQ;Hønsesalat med æble og valnødder;ing_kyllingebryst;Kyllingebryst;;
meny_SMO4bnNlc2FsYXQ;Hønsesalat med æble og valnødder;ing_bacon;Bacon i tern;;
meny_SMO4bnNlc2FsYXQ;Hønsesalat med æble og valnødder;ing_pancetta;Pancetta / Bacon i tern;;
meny_SMO4bnNlc2FsYXQ;Hønsesalat med æble og valnødder;ing_hel_kylling;Hel kylling;;
meny_R3JpbGxldCBhZ3V;Grillet agurk med grillede jordbær, saltmandler og mynte;ing_extra_2;Agurk;;
meny_R3JpbGxldCBhZ3V;Grillet agurk med grillede jordbær, saltmandler og mynte;ing_aeble;Æble;;
meny_R3JpbGxldCBhZ3V;Grillet agurk med grillede jordbær, saltmandler og mynte;ing_extra_43;Salt;;
meny_RnlsZHRlIGF1YmV;Fyldte aubergineruller;ing_extra_31;Olivenolie;;
meny_RnlsZHRlIGF1YmV;Fyldte aubergineruller;ing_extra_43;Salt;;
meny_RnlsZHRlIGF1YmV;Fyldte aubergineruller;ing_aeg;Æg;;
meny_RnlsZHRlIGF1YmV;Fyldte aubergineruller;ing_loeg;Løg;;
meny_RnlsZHRlIGF1YmV;Fyldte aubergineruller;ing_rosmarin;Frisk Rosmarin;;
meny_QXZvY2Fkb3NhbGF;Avocadosalat med blåbær, fetaost, saltristede mandler og mynte-limedressing;ing_quinoa;Quinoa;;
meny_QXZvY2Fkb3NhbGF;Avocadosalat med blåbær, fetaost, saltristede mandler og mynte-limedressing;ing_extra_31;Olivenolie;;
meny_QXZvY2Fkb3NhbGF;Avocadosalat med blåbær, fetaost, saltristede mandler og mynte-limedressing;ing_extra_43;Salt;;
meny_QXZvY2Fkb3NhbGF;Avocadosalat med blåbær, fetaost, saltristede mandler og mynte-limedressing;ing_extra_44;Sort Peber;;
meny_QXZvY2Fkb3NhbGF;Avocadosalat med blåbær, fetaost, saltristede mandler og mynte-limedressing;ing_avocado;Avocado;;
meny_QXZvY2Fkb3NhbGF;Avocadosalat med blåbær, fetaost, saltristede mandler og mynte-limedressing;ing_vand;Koldt vand;;
meny_QXZvY2Fkb3NhbGF;Avocadosalat med blåbær, fetaost, saltristede mandler og mynte-limedressing;ing_extra_9;Frisk Spinat;;
meny_R3JhdGluZXJlZGU;Gratinerede auberginer;ing_extra_31;Olivenolie;;
meny_R3JhdGluZXJlZGU;Gratinerede auberginer;ing_extra_43;Salt;;
meny_R3JhdGluZXJlZGU;Gratinerede auberginer;ing_aubergine;Aubergine;;
meny_RHVtbGUgY2hvY29;Dumle chocolate chip cookies;ing_extra_29;Hvedemel;;
meny_RHVtbGUgY2hvY29;Dumle chocolate chip cookies;ing_extra_30;Sukker;;
meny_RHVtbGUgY2hvY29;Dumle chocolate chip cookies;ing_vanilje;Vaniljesukker;;
meny_RHVtbGUgY2hvY29;Dumle chocolate chip cookies;ing_bagepulver;Bagepulver;;
meny_fixed_18_1781879414877;Langtidsstegt lammekølle med rosmarin & rodfrugter;ing_extra_3;Kartofler;;
meny_fixed_18_1781879414877;Langtidsstegt lammekølle med rosmarin & rodfrugter;ing_extra_31;Olivenolie;;
meny_fixed_18_1781879414877;Langtidsstegt lammekølle med rosmarin & rodfrugter;ing_extra_43;Salt;;
meny_fixed_18_1781879414877;Langtidsstegt lammekølle med rosmarin & rodfrugter;ing_aeg;Æg;;
meny_fixed_18_1781879414877;Langtidsstegt lammekølle med rosmarin & rodfrugter;ing_loeg;Løg;;
meny_fixed_18_1781879414877;Langtidsstegt lammekølle med rosmarin & rodfrugter;ing_extra_11;Hvidløg;;
meny_fixed_18_1781879414877;Langtidsstegt lammekølle med rosmarin & rodfrugter;ing_extra_6;Citroner;;
meny_fixed_18_1781879414877;Langtidsstegt lammekølle med rosmarin & rodfrugter;ing_rosmarin;Frisk Rosmarin;;
meny_fixed_18_1781879414877;Langtidsstegt lammekølle med rosmarin & rodfrugter;ing_lammekoelle;Lammekølle (ca. 1,5 kg);;
meny_Q3JlbWV0IHRvbWF;Cremet tomatsuppe med ristede auberginer;ing_extra_43;Salt;;
meny_Q3JlbWV0IHRvbWF;Cremet tomatsuppe med ristede auberginer;ing_aubergine;Aubergine;;
meny_Q3JlbWV0IHRvbWF;Cremet tomatsuppe med ristede auberginer;ing_loeg;Løg;;
meny_R3LDuG4gYXNwYXJ;Grøn aspargessuppe med grillede aspargeshoveder;ing_extra_43;Salt;;
meny_R3LDuG4gYXNwYXJ;Grøn aspargessuppe med grillede aspargeshoveder;ing_loeg;Løg;;
meny_R3JpbGxldCBncml;Grillet grisemørbrad med pinjekerner og parmaskinke;ing_extra_43;Salt;;
meny_R3JpbGxldCBncml;Grillet grisemørbrad med pinjekerner og parmaskinke;ing_aeg;Æg;;
meny_R3JpbGxldCBncml;Grillet grisemørbrad med pinjekerner og parmaskinke;ing_extra_1;Tomater (Danske);;
meny_R3JpbGxldCBncml;Grillet grisemørbrad med pinjekerner og parmaskinke;ing_rosmarin;Frisk Rosmarin;;
meny_R3JpbGxldCBncml;Grillet grisemørbrad med pinjekerner og parmaskinke;ing_tomatsovs;Hakkede Tomater;;
meny_R3JpbGxldCBncml;Grillet grisemørbrad med pinjekerner og parmaskinke;ing_tomat;Friske Tomater;;
meny_R3JpbGxldCBncml;Grillet grisemørbrad med pinjekerner og parmaskinke;ing_svinemoerbrad;Svinemørbrad;;
meny_TW9ybW9ycyByw7h;Mormors rødkål med æble, appelsin og solbærsaft;ing_extra_43;Salt;;
meny_TW9ybW9ycyByw7h;Mormors rødkål med æble, appelsin og solbærsaft;ing_extra_30;Sukker;;
meny_TW9ybW9ycyByw7h;Mormors rødkål med æble, appelsin og solbærsaft;ing_loeg;Løg;;
meny_TWluZXN0cm9uZSB;Minestrone med kål, pancetta, kikærter og pasta;ing_extra_3;Kartofler;;
meny_TWluZXN0cm9uZSB;Minestrone med kål, pancetta, kikærter og pasta;ing_extra_4;Gulerødder;;
meny_TWluZXN0cm9uZSB;Minestrone med kål, pancetta, kikærter og pasta;ing_extra_43;Salt;;
meny_TWluZXN0cm9uZSB;Minestrone med kål, pancetta, kikærter og pasta;ing_pasta;Pasta;;
meny_TWluZXN0cm9uZSB;Minestrone med kål, pancetta, kikærter og pasta;ing_loeg;Løg;;
meny_TWluZXN0cm9uZSB;Minestrone med kål, pancetta, kikærter og pasta;ing_extra_11;Hvidløg;;
meny_TWluZXN0cm9uZSB;Minestrone med kål, pancetta, kikærter og pasta;ing_rosmarin;Frisk Rosmarin;;
meny_TWluZXN0cm9uZSB;Minestrone med kål, pancetta, kikærter og pasta;ing_pancetta;Pancetta / Bacon i tern;;
meny_TmFra2VmaWxldCD;Nakkefilet à la normande;ing_champignon;Champignon;;
meny_TmFra2VmaWxldCD;Nakkefilet à la normande;ing_extra_43;Salt;;
meny_TmFra2VmaWxldCD;Nakkefilet à la normande;ing_aeg;Æg;;
meny_TmFra2VmaWxldCD;Nakkefilet à la normande;ing_loeg;Løg;;
meny_TmFra2VmaWxldCD;Nakkefilet à la normande;ing_extra_11;Hvidløg;;
meny_R2luICYgVG9uaWM;Gin & Tonic med brombær og timian;ing_aeg;Æg;;
meny_R2luICYgVG9uaWM;Gin & Tonic med brombær og timian;ing_citron;Citron;;
meny_R2luICYgVG9uaWM;Gin & Tonic med brombær og timian;ing_extra_6;Citroner;;
meny_w5hsYW5kc3BhbmN;Ølandspancakes med bacon, kernedrys og sirup;ing_aeg;Æg;;
meny_w5hsYW5kc3BhbmN;Ølandspancakes med bacon, kernedrys og sirup;ing_extra_30;Sukker;;
meny_w5hsYW5kc3BhbmN;Ølandspancakes med bacon, kernedrys og sirup;ing_bagepulver;Bagepulver;;
meny_w5hsYW5kc3BhbmN;Ølandspancakes med bacon, kernedrys og sirup;ing_bacon;Bacon i tern;;
meny_w5hsYW5kc3BhbmN;Ølandspancakes med bacon, kernedrys og sirup;ing_pancetta;Pancetta / Bacon i tern;;
meny_TsO4ZGRlY3JlbWU;Nøddecreme/nutella-tærte med hindbær;ing_extra_43;Salt;;
meny_TsO4ZGRlY3JlbWU;Nøddecreme/nutella-tærte med hindbær;ing_aeg;Æg;;
meny_TsO4ZGRlY3JlbWU;Nøddecreme/nutella-tærte med hindbær;ing_extra_30;Sukker;;
meny_TmVtIHTDpnJ0ZSB;Nem tærte med squash, oliven og mozzarella;ing_extra_31;Olivenolie;;
meny_TmVtIHTDpnJ0ZSB;Nem tærte med squash, oliven og mozzarella;ing_extra_43;Salt;;
meny_TmVtIHTDpnJ0ZSB;Nem tærte med squash, oliven og mozzarella;ing_squash;Squash;;
meny_TmVtIHTDpnJ0ZSB;Nem tærte med squash, oliven og mozzarella;ing_aeg;Æg;;
meny_TmVtIHTDpnJ0ZSB;Nem tærte med squash, oliven og mozzarella;ing_frisk_chili;Frisk Chili;;
meny_QnV0dGVyY2hpY2t;Butterchicken med kikærter, basmatiris, broccoli og limemarineret rødkål;ing_ris;Ris;;
meny_QnV0dGVyY2hpY2t;Butterchicken med kikærter, basmatiris, broccoli og limemarineret rødkål;ing_extra_43;Salt;;
meny_QnV0dGVyY2hpY2t;Butterchicken med kikærter, basmatiris, broccoli og limemarineret rødkål;ing_tomatsovs;Hakkede Tomater;;
meny_QnV0dGVyY2hpY2t;Butterchicken med kikærter, basmatiris, broccoli og limemarineret rødkål;ing_aeg;Æg;;
meny_QnV0dGVyY2hpY2t;Butterchicken med kikærter, basmatiris, broccoli og limemarineret rødkål;ing_broccoli;Broccoli;;
meny_QnV0dGVyY2hpY2t;Butterchicken med kikærter, basmatiris, broccoli og limemarineret rødkål;ing_koriander;Frisk Koriander;;
meny_QnV0dGVyY2hpY2t;Butterchicken med kikærter, basmatiris, broccoli og limemarineret rødkål;ing_vand;Koldt vand;;
meny_QnV0dGVyY2hpY2t;Butterchicken med kikærter, basmatiris, broccoli og limemarineret rødkål;ing_loeg;Løg;;
meny_QnV0dGVyY2hpY2t;Butterchicken med kikærter, basmatiris, broccoli og limemarineret rødkål;ing_extra_11;Hvidløg;;
meny_QnV0dGVyY2hpY2t;Butterchicken med kikærter, basmatiris, broccoli og limemarineret rødkål;ing_extra_1;Tomater (Danske);;
meny_QnV0dGVyY2hpY2t;Butterchicken med kikærter, basmatiris, broccoli og limemarineret rødkål;ing_extra_12;Frisk Ingefær;;
meny_QnV0dGVyY2hpY2t;Butterchicken med kikærter, basmatiris, broccoli og limemarineret rødkål;ing_tomat;Friske Tomater;;
meny_QnV0dGVyY2hpY2t;Butterchicken med kikærter, basmatiris, broccoli og limemarineret rødkål;ing_frisk_chili;Frisk Chili;;
meny_TmFra2Vrb3RlbGV;Nakkekoteletter med nem BBQ-sauce og bagte kartofler med purløgsdressing;ing_extra_3;Kartofler;;
meny_TmFra2Vrb3RlbGV;Nakkekoteletter med nem BBQ-sauce og bagte kartofler med purløgsdressing;ing_extra_31;Olivenolie;;
meny_TmFra2Vrb3RlbGV;Nakkekoteletter med nem BBQ-sauce og bagte kartofler med purløgsdressing;ing_extra_32;Ketchup;;
meny_TmFra2Vrb3RlbGV;Nakkekoteletter med nem BBQ-sauce og bagte kartofler med purløgsdressing;ing_extra_43;Salt;;
meny_TmFra2Vrb3RlbGV;Nakkekoteletter med nem BBQ-sauce og bagte kartofler med purløgsdressing;ing_extra_44;Sort Peber;;
meny_TmFra2Vrb3RlbGV;Nakkekoteletter med nem BBQ-sauce og bagte kartofler med purløgsdressing;ing_aeg;Æg;;
meny_TmFra2Vrb3RlbGV;Nakkekoteletter med nem BBQ-sauce og bagte kartofler med purløgsdressing;ing_cremefraiche;Creme Fraiche;;
meny_TmFra2Vrb3RlbGV;Nakkekoteletter med nem BBQ-sauce og bagte kartofler med purløgsdressing;ing_soja;Sojasauce;;
meny_TmFra2Vrb3RlbGV;Nakkekoteletter med nem BBQ-sauce og bagte kartofler med purløgsdressing;ing_extra_11;Hvidløg;;
meny_Q2hva29sYWRlbW9;Chokolademousse med yoghurt;ing_extra_30;Sukker;;
meny_Q2hva29sYWRlbW9;Chokolademousse med yoghurt;ing_vanilje;Vaniljesukker;;
meny_Q2hva29sYWRlbW9;Chokolademousse med yoghurt;ing_vand;Koldt vand;;
meny_THVuIHBlYWNoIG1;Lun peach melba-salat med skinke og gedeost;ing_extra_31;Olivenolie;;
meny_THVuIHBlYWNoIG1;Lun peach melba-salat med skinke og gedeost;ing_extra_43;Salt;;
meny_THVuIHBlYWNoIG1;Lun peach melba-salat med skinke og gedeost;ing_extra_8;Iceberg Salat;;
meny_THVuIHBlYWNoIG1;Lun peach melba-salat med skinke og gedeost;ing_salat_mix;Blandet salat;;
meny_THVuIHBlYWNoIG1;Lun peach melba-salat med skinke og gedeost;ing_salatblanding;Skåret Salatblanding;;
meny_THVuIHBlYWNoIG1;Lun peach melba-salat med skinke og gedeost;ing_extra_17;Skinketern;;
meny_THVuIHBlYWNoIG1;Lun peach melba-salat med skinke og gedeost;ing_skinke;Kogt Skinke;;
meny_TWFycnkgbWUgQ2h;Marry me Chicken (Kylling i cremet sauce med soltørret tomat);ing_bouillon;Bouillon;;
meny_TWFycnkgbWUgQ2h;Marry me Chicken (Kylling i cremet sauce med soltørret tomat);ing_extra_31;Olivenolie;;
meny_TWFycnkgbWUgQ2h;Marry me Chicken (Kylling i cremet sauce med soltørret tomat);ing_extra_43;Salt;;
meny_TWFycnkgbWUgQ2h;Marry me Chicken (Kylling i cremet sauce med soltørret tomat);ing_extra_46;Oregano;;
meny_TWFycnkgbWUgQ2h;Marry me Chicken (Kylling i cremet sauce med soltørret tomat);ing_aeg;Æg;;
meny_TWFycnkgbWUgQ2h;Marry me Chicken (Kylling i cremet sauce med soltørret tomat);ing_parmesan;Parmesan;;
meny_TWFycnkgbWUgQ2h;Marry me Chicken (Kylling i cremet sauce med soltørret tomat);ing_extra_11;Hvidløg;;
meny_TWFycnkgbWUgQ2h;Marry me Chicken (Kylling i cremet sauce med soltørret tomat);ing_extra_1;Tomater (Danske);;
meny_TWFycnkgbWUgQ2h;Marry me Chicken (Kylling i cremet sauce med soltørret tomat);ing_kyllingebryst;Kyllingebryst;;
meny_TWFycnkgbWUgQ2h;Marry me Chicken (Kylling i cremet sauce med soltørret tomat);ing_tomatsovs;Hakkede Tomater;;
meny_TWFycnkgbWUgQ2h;Marry me Chicken (Kylling i cremet sauce med soltørret tomat);ing_persille;Frisk Persille;;
meny_TWFycnkgbWUgQ2h;Marry me Chicken (Kylling i cremet sauce med soltørret tomat);ing_tomat;Friske Tomater;;
meny_TWFycnkgbWUgQ2h;Marry me Chicken (Kylling i cremet sauce med soltørret tomat);ing_hel_kylling;Hel kylling;;
meny_TWFyY2lwYW5yw7h;Marcipanrør med bær & chokolade;ing_aeg;Æg;;
meny_TWFyY2lwYW5yw7h;Marcipanrør med bær & chokolade;ing_extra_30;Sukker;;
meny_R3JpbGxldCBzYW5;Grillet sandwich med røræg, grillede courgetter og mayonnaise;ing_extra_31;Olivenolie;;
meny_R3JpbGxldCBzYW5;Grillet sandwich med røræg, grillede courgetter og mayonnaise;ing_extra_43;Salt;;
meny_R3JpbGxldCBzYW5;Grillet sandwich med røræg, grillede courgetter og mayonnaise;ing_aeg;Æg;;
meny_R3JpbGxldCBzYW5;Grillet sandwich med røræg, grillede courgetter og mayonnaise;ing_mayonnaise;Mayonnaise;;
meny_R3JpbGxldCBzYW5;Grillet sandwich med røræg, grillede courgetter og mayonnaise;ing_extra_6;Citroner;;
meny_fixed_24_1781879414878;Bagt kartoffel med linsechili, korianderdressing og ost;ing_extra_4;Gulerødder;;
meny_fixed_24_1781879414878;Bagt kartoffel med linsechili, korianderdressing og ost;ing_extra_43;Salt;;
meny_fixed_24_1781879414878;Bagt kartoffel med linsechili, korianderdressing og ost;ing_extra_45;Paprika;;
meny_fixed_24_1781879414878;Bagt kartoffel med linsechili, korianderdressing og ost;ing_spidskommen;Spidskommen;;
meny_fixed_24_1781879414878;Bagt kartoffel med linsechili, korianderdressing og ost;ing_ost;Revet Ost;;
meny_fixed_24_1781879414878;Bagt kartoffel med linsechili, korianderdressing og ost;ing_loeg;Løg;;
meny_fixed_24_1781879414878;Bagt kartoffel med linsechili, korianderdressing og ost;ing_extra_11;Hvidløg;;
meny_fixed_24_1781879414878;Bagt kartoffel med linsechili, korianderdressing og ost;ing_extra_3;Kartofler;;
meny_fixed_24_1781879414878;Bagt kartoffel med linsechili, korianderdressing og ost;ing_frisk_chili;Frisk Chili;;
meny_fixed_24_1781879414878;Bagt kartoffel med linsechili, korianderdressing og ost;ing_koriander;Frisk Koriander;;
meny_RmlzaGJ1cmdlciB;Fishburger med avocadosalat;ing_extra_43;Salt;;
meny_RmlzaGJ1cmdlciB;Fishburger med avocadosalat;ing_aeg;Æg;;
meny_RmlzaGJ1cmdlciB;Fishburger med avocadosalat;ing_burgerboller;Burgerboller;;
meny_RmlzaGJ1cmdlciB;Fishburger med avocadosalat;ing_avocado;Avocado;;
meny_RmlzaGJ1cmdlciB;Fishburger med avocadosalat;ing_koriander;Frisk Koriander;;
meny_RmlzaGJ1cmdlciB;Fishburger med avocadosalat;ing_extra_21;Torskefileter;;
meny_UG9yY2hldHRhIG1;Porchetta med salvie, citron og persille;ing_extra_43;Salt;;
meny_UG9yY2hldHRhIG1;Porchetta med salvie, citron og persille;ing_aeg;Æg;;
meny_UG9yY2hldHRhIG1;Porchetta med salvie, citron og persille;ing_citron;Citron;;
meny_UG9yY2hldHRhIG1;Porchetta med salvie, citron og persille;ing_loeg;Løg;;
meny_UG9yY2hldHRhIG1;Porchetta med salvie, citron og persille;ing_extra_6;Citroner;;
meny_UG9yY2hldHRhIG1;Porchetta med salvie, citron og persille;ing_persille;Frisk Persille;;
meny_T3JlbyBtdW1pZS1;Oreo mumie-cakepops;ing_aeg;Æg;;
meny_T3JlbyBtdW1pZS1;Oreo mumie-cakepops;ing_extra_30;Sukker;;
meny_UGF2bG92YSBtZWQ;Pavlova med rabarber og bær;ing_aeg;Æg;;
meny_UGF2bG92YSBtZWQ;Pavlova med rabarber og bær;ing_extra_30;Sukker;;
meny_UGF2bG92YSBtZWQ;Pavlova med rabarber og bær;ing_vanilje;Vaniljesukker;;
meny_QWd1cmtlc2FuZHd;Agurkesandwich med citron-estragonsmør;ing_extra_43;Salt;;
meny_QWd1cmtlc2FuZHd;Agurkesandwich med citron-estragonsmør;ing_citron;Citron;;
meny_QWd1cmtlc2FuZHd;Agurkesandwich med citron-estragonsmør;ing_extra_6;Citroner;;
meny_fixed_35_1781879414879;Broccolipesto med sprøde rugbrødschips;ing_extra_43;Salt;;
meny_fixed_35_1781879414879;Broccolipesto med sprøde rugbrødschips;ing_pasta;Pasta;;
meny_fixed_35_1781879414879;Broccolipesto med sprøde rugbrødschips;ing_broccoli;Broccoli;;
meny_fixed_35_1781879414879;Broccolipesto med sprøde rugbrødschips;ing_hasselnoedder;Hasselnødder;;
meny_fixed_35_1781879414879;Broccolipesto med sprøde rugbrødschips;ing_rugbroedschips;Rugbrødschips;;
meny_fixed_35_1781879414879;Broccolipesto med sprøde rugbrødschips;ing_extra_11;Hvidløg;;
meny_fixed_35_1781879414879;Broccolipesto med sprøde rugbrødschips;ing_extra_6;Citroner;;
meny_fixed_35_1781879414879;Broccolipesto med sprøde rugbrødschips;ing_extra_8;Iceberg Salat;;
meny_fixed_35_1781879414879;Broccolipesto med sprøde rugbrødschips;ing_persille;Frisk Persille;;
meny_fixed_35_1781879414879;Broccolipesto med sprøde rugbrødschips;ing_salat_mix;Blandet salat;;
meny_fixed_35_1781879414879;Broccolipesto med sprøde rugbrødschips;ing_salatblanding;Skåret Salatblanding;;
meny_fixed_35_1781879414879;Broccolipesto med sprøde rugbrødschips;ing_frisk_chili;Frisk Chili;;
meny_UsOlbWFyaW5lcmV;Råmarinerede dildsild med akvavit og fennikel;ing_aeg;Æg;;
meny_UsOlbWFyaW5lcmV;Råmarinerede dildsild med akvavit og fennikel;ing_fennikel;Fennikel;;
meny_Q2hva29sYWRlc25;Chokoladesnitter med vaniljeis og smørcreme;ing_maelk;Mælk;;
meny_Q2hva29sYWRlc25;Chokoladesnitter med vaniljeis og smørcreme;ing_extra_29;Hvedemel;;
meny_Q2hva29sYWRlc25;Chokoladesnitter med vaniljeis og smørcreme;ing_extra_30;Sukker;;
meny_Q2hva29sYWRlc25;Chokoladesnitter med vaniljeis og smørcreme;ing_vanilje;Vaniljesukker;;
meny_Q2hva29sYWRlc25;Chokoladesnitter med vaniljeis og smørcreme;ing_bagepulver;Bagepulver;;
meny_UmliZXllIG1lZCB;Ribeye med saltbagte kartofler, grønne asparges og kryddersmør;ing_extra_3;Kartofler;;
meny_UmliZXllIG1lZCB;Ribeye med saltbagte kartofler, grønne asparges og kryddersmør;ing_extra_31;Olivenolie;;
meny_UmliZXllIG1lZCB;Ribeye med saltbagte kartofler, grønne asparges og kryddersmør;ing_extra_43;Salt;;
meny_UmliZXllIG1lZCB;Ribeye med saltbagte kartofler, grønne asparges og kryddersmør;ing_aeg;Æg;;
meny_UmliZXllIG1lZCB;Ribeye med saltbagte kartofler, grønne asparges og kryddersmør;ing_asparges;Grønne Asparges;;
meny_UmliZXllIG1lZCB;Ribeye med saltbagte kartofler, grønne asparges og kryddersmør;ing_extra_11;Hvidløg;;
meny_Um9kZnJ1Z3Ryw7h;Rodfrugtrøsti med koriander-avocado-creme og frisk tomatsalsa;ing_peberfrugt;Peberfrugt;;
meny_Um9kZnJ1Z3Ryw7h;Rodfrugtrøsti med koriander-avocado-creme og frisk tomatsalsa;ing_extra_3;Kartofler;;
meny_Um9kZnJ1Z3Ryw7h;Rodfrugtrøsti med koriander-avocado-creme og frisk tomatsalsa;ing_extra_4;Gulerødder;;
meny_Um9kZnJ1Z3Ryw7h;Rodfrugtrøsti med koriander-avocado-creme og frisk tomatsalsa;ing_extra_43;Salt;;
meny_Um9kZnJ1Z3Ryw7h;Rodfrugtrøsti med koriander-avocado-creme og frisk tomatsalsa;ing_extra_29;Hvedemel;;
meny_Um9kZnJ1Z3Ryw7h;Rodfrugtrøsti med koriander-avocado-creme og frisk tomatsalsa;ing_aeg;Æg;;
meny_Um9kZnJ1Z3Ryw7h;Rodfrugtrøsti med koriander-avocado-creme og frisk tomatsalsa;ing_avocado;Avocado;;
meny_Um9kZnJ1Z3Ryw7h;Rodfrugtrøsti med koriander-avocado-creme og frisk tomatsalsa;ing_cremefraiche;Creme Fraiche;;
meny_Um9kZnJ1Z3Ryw7h;Rodfrugtrøsti med koriander-avocado-creme og frisk tomatsalsa;ing_loeg;Løg;;
meny_Um9kZnJ1Z3Ryw7h;Rodfrugtrøsti med koriander-avocado-creme og frisk tomatsalsa;ing_extra_1;Tomater (Danske);;
meny_Um9kZnJ1Z3Ryw7h;Rodfrugtrøsti med koriander-avocado-creme og frisk tomatsalsa;ing_tomatsovs;Hakkede Tomater;;
meny_Um9kZnJ1Z3Ryw7h;Rodfrugtrøsti med koriander-avocado-creme og frisk tomatsalsa;ing_tomat;Friske Tomater;;
meny_Um9kZnJ1Z3Ryw7h;Rodfrugtrøsti med koriander-avocado-creme og frisk tomatsalsa;ing_frisk_chili;Frisk Chili;;
meny_Um9kZnJ1Z3Ryw7h;Rodfrugtrøsti med koriander-avocado-creme og frisk tomatsalsa;ing_koriander;Frisk Koriander;;
meny_Um9hc3RiZWVmIG1;Roastbeef med bearnaise, syltede perleløg og kartoffelchips;ing_extra_16;Roastbeef;;
meny_U2Ftb3NhIG1lZCB;Samosa med kyllingefyld og raita;ing_extra_31;Olivenolie;;
meny_U2Ftb3NhIG1lZCB;Samosa med kyllingefyld og raita;ing_extra_43;Salt;;
meny_U2Ftb3NhIG1lZCB;Samosa med kyllingefyld og raita;ing_spidskommen;Spidskommen;;
meny_U2Ftb3NhIG1lZCB;Samosa med kyllingefyld og raita;ing_aeg;Æg;;
meny_U2Ftb3NhIG1lZCB;Samosa med kyllingefyld og raita;ing_loeg;Løg;;
meny_U2Ftb3NhIG1lZCB;Samosa med kyllingefyld og raita;ing_frisk_chili;Frisk Chili;;
meny_T2tzZWN1dmV0dGU;Oksecuvette med juletwist og julesalat;ing_aeble;Æble;;
meny_T2tzZWN1dmV0dGU;Oksecuvette med juletwist og julesalat;ing_aeg;Æg;;
meny_T2tzZWN1dmV0dGU;Oksecuvette med juletwist og julesalat;ing_klementiner;Klementiner;;
meny_T2tzZWN1dmV0dGU;Oksecuvette med juletwist og julesalat;ing_spidskaal;Spidskål;;
meny_SGF2cmVncnluc2N;Havregrynscookies med kokos og tranebær;ing_extra_33;Havregryn;;
meny_SGF2cmVncnluc2N;Havregrynscookies med kokos og tranebær;ing_extra_29;Hvedemel;;
meny_SGF2cmVncnluc2N;Havregrynscookies med kokos og tranebær;ing_aeg;Æg;;
meny_SGF2cmVncnluc2N;Havregrynscookies med kokos og tranebær;ing_extra_30;Sukker;;
meny_SGF2cmVncnluc2N;Havregrynscookies med kokos og tranebær;ing_bagepulver;Bagepulver;;
meny_UGFzdGEgYWdsaW8;Pasta aglio e olio med ost, citron og pistacienødder;ing_extra_43;Salt;;
meny_UGFzdGEgYWdsaW8;Pasta aglio e olio med ost, citron og pistacienødder;ing_extra_44;Sort Peber;;
meny_UGFzdGEgYWdsaW8;Pasta aglio e olio med ost, citron og pistacienødder;ing_pasta;Pasta;;
meny_UGFzdGEgYWdsaW8;Pasta aglio e olio med ost, citron og pistacienødder;ing_citron;Citron;;
meny_UGFzdGEgYWdsaW8;Pasta aglio e olio med ost, citron og pistacienødder;ing_ost;Revet Ost;;
meny_UGFzdGEgYWdsaW8;Pasta aglio e olio med ost, citron og pistacienødder;ing_extra_11;Hvidløg;;
meny_UGFzdGEgYWdsaW8;Pasta aglio e olio med ost, citron og pistacienødder;ing_extra_6;Citroner;;
meny_UGFzdGEgYWdsaW8;Pasta aglio e olio med ost, citron og pistacienødder;ing_persille;Frisk Persille;;
meny_UGFzdGEgYWdsaW8;Pasta aglio e olio med ost, citron og pistacienødder;ing_frisk_chili;Frisk Chili;;
meny_QnVkZGhhIGJvd2w;Buddha bowl med spicy kartofler og avocadodressing ;ing_extra_3;Kartofler;;
meny_QnVkZGhhIGJvd2w;Buddha bowl med spicy kartofler og avocadodressing ;ing_extra_31;Olivenolie;;
meny_QnVkZGhhIGJvd2w;Buddha bowl med spicy kartofler og avocadodressing ;ing_extra_43;Salt;;
meny_QnVkZGhhIGJvd2w;Buddha bowl med spicy kartofler og avocadodressing ;ing_avocado;Avocado;;
meny_QnVkZGhhIGJvd2w;Buddha bowl med spicy kartofler og avocadodressing ;ing_foraarssloeg;Forårsløg;;
meny_QnVkZGhhIGJvd2w;Buddha bowl med spicy kartofler og avocadodressing ;ing_extra_8;Iceberg Salat;;
meny_QnVkZGhhIGJvd2w;Buddha bowl med spicy kartofler og avocadodressing ;ing_extra_9;Frisk Spinat;;
meny_QnVkZGhhIGJvd2w;Buddha bowl med spicy kartofler og avocadodressing ;ing_salat_mix;Blandet salat;;
meny_QnVkZGhhIGJvd2w;Buddha bowl med spicy kartofler og avocadodressing ;ing_salatblanding;Skåret Salatblanding;;
meny_QnVkZGhhIGJvd2w;Buddha bowl med spicy kartofler og avocadodressing ;ing_koriander;Frisk Koriander;;
meny_R3JpbGxlZGUgc2t;Grillede skaftkoteletter med nye kartofler og salsa af tomat og jordbær;ing_extra_3;Kartofler;;
meny_R3JpbGxlZGUgc2t;Grillede skaftkoteletter med nye kartofler og salsa af tomat og jordbær;ing_extra_5;Porrer;;
meny_R3JpbGxlZGUgc2t;Grillede skaftkoteletter med nye kartofler og salsa af tomat og jordbær;ing_extra_31;Olivenolie;;
meny_R3JpbGxlZGUgc2t;Grillede skaftkoteletter med nye kartofler og salsa af tomat og jordbær;ing_extra_43;Salt;;
meny_R3JpbGxlZGUgc2t;Grillede skaftkoteletter med nye kartofler og salsa af tomat og jordbær;ing_cremefraiche;Creme Fraiche;;
meny_R3JpbGxlZGUgc2t;Grillede skaftkoteletter med nye kartofler og salsa af tomat og jordbær;ing_koriander;Frisk Koriander;;
meny_R3JpbGxlZGUgc2t;Grillede skaftkoteletter med nye kartofler og salsa af tomat og jordbær;ing_extra_11;Hvidløg;;
meny_R3JpbGxlZGUgc2t;Grillede skaftkoteletter med nye kartofler og salsa af tomat og jordbær;ing_nye_kartofler;Nye kartofler;;
meny_R3JpbGxlZGUgc2t;Grillede skaftkoteletter med nye kartofler og salsa af tomat og jordbær;ing_extra_1;Tomater (Danske);;
meny_R3JpbGxlZGUgc2t;Grillede skaftkoteletter med nye kartofler og salsa af tomat og jordbær;ing_extra_6;Citroner;;
meny_R3JpbGxlZGUgc2t;Grillede skaftkoteletter med nye kartofler og salsa af tomat og jordbær;ing_tomatsovs;Hakkede Tomater;;
meny_R3JpbGxlZGUgc2t;Grillede skaftkoteletter med nye kartofler og salsa af tomat og jordbær;ing_persille;Frisk Persille;;
meny_R3JpbGxlZGUgc2t;Grillede skaftkoteletter med nye kartofler og salsa af tomat og jordbær;ing_tomat;Friske Tomater;;
meny_R3LDuG4gc2FsYXQ;Grøn salat med blåbær og appelsin;ing_extra_43;Salt;;
meny_R3LDuG4gc2FsYXQ;Grøn salat med blåbær og appelsin;ing_vand;Koldt vand;;
meny_R3LDuG4gc2FsYXQ;Grøn salat med blåbær og appelsin;ing_extra_8;Iceberg Salat;;
meny_R3LDuG4gc2FsYXQ;Grøn salat med blåbær og appelsin;ing_salat_mix;Blandet salat;;
meny_R3LDuG4gc2FsYXQ;Grøn salat med blåbær og appelsin;ing_salatblanding;Skåret Salatblanding;;
meny_R3JpbGxlZGUgbGF;Grillede lammekoteletter med garam masala, spicy karrykartofler og rød peberfrugtpuré;ing_extra_31;Olivenolie;;
meny_R3JpbGxlZGUgbGF;Grillede lammekoteletter med garam masala, spicy karrykartofler og rød peberfrugtpuré;ing_extra_43;Salt;;
meny_R3JpbGxlZGUgbGF;Grillede lammekoteletter med garam masala, spicy karrykartofler og rød peberfrugtpuré;ing_cremefraiche;Creme Fraiche;;
meny_R3JpbGxlZGUgbGF;Grillede lammekoteletter med garam masala, spicy karrykartofler og rød peberfrugtpuré;ing_extra_6;Citroner;;
meny_R3JpbGxlZGUgbGF;Grillede lammekoteletter med garam masala, spicy karrykartofler og rød peberfrugtpuré;ing_persille;Frisk Persille;;
meny_R3LDuG50c2Fnc3N;Grøntsagsspyd med tahin-marinade;ing_extra_3;Kartofler;;
meny_R3LDuG50c2Fnc3N;Grøntsagsspyd med tahin-marinade;ing_extra_31;Olivenolie;;
meny_R3LDuG50c2Fnc3N;Grøntsagsspyd med tahin-marinade;ing_extra_43;Salt;;
meny_R3LDuG50c2Fnc3N;Grøntsagsspyd med tahin-marinade;ing_extra_44;Sort Peber;;
meny_R3LDuG50c2Fnc3N;Grøntsagsspyd med tahin-marinade;ing_extra_11;Hvidløg;;
meny_R3LDuG50c2Fnc3N;Grøntsagsspyd med tahin-marinade;ing_extra_6;Citroner;;
meny_R3LDuG5uZSB3cmF;Grønne wraps med sprøde falafler og cremet fetadressing;ing_extra_3;Kartofler;;
meny_R3LDuG5uZSB3cmF;Grønne wraps med sprøde falafler og cremet fetadressing;ing_extra_43;Salt;;
meny_R3LDuG5uZSB3cmF;Grønne wraps med sprøde falafler og cremet fetadressing;ing_spidskommen;Spidskommen;;
meny_R3LDuG5uZSB3cmF;Grønne wraps med sprøde falafler og cremet fetadressing;ing_aeg;Æg;;
meny_R3LDuG5uZSB3cmF;Grønne wraps med sprøde falafler og cremet fetadressing;ing_foraarssloeg;Forårsløg;;
meny_R3LDuG5uZSB3cmF;Grønne wraps med sprøde falafler og cremet fetadressing;ing_chili;Chilipulver;;
meny_R3LDuG5uZSB3cmF;Grønne wraps med sprøde falafler og cremet fetadressing;ing_loeg;Løg;;
meny_R3LDuG5uZSB3cmF;Grønne wraps med sprøde falafler og cremet fetadressing;ing_extra_11;Hvidløg;;
meny_R3LDuG5uZSB3cmF;Grønne wraps med sprøde falafler og cremet fetadressing;ing_extra_6;Citroner;;
meny_R3LDuG5uZSB3cmF;Grønne wraps med sprøde falafler og cremet fetadressing;ing_frisk_chili;Frisk Chili;;
meny_R3LDuG5uZSB3cmF;Grønne wraps med sprøde falafler og cremet fetadressing;ing_koriander;Frisk Koriander;;
meny_RmxhZGJyw7hkIG1;Fladbrød med hummus, stegt aubergine og tahindressing ;ing_extra_2;Agurk;;
meny_RmxhZGJyw7hkIG1;Fladbrød med hummus, stegt aubergine og tahindressing ;ing_extra_43;Salt;;
meny_RmxhZGJyw7hkIG1;Fladbrød med hummus, stegt aubergine og tahindressing ;ing_aubergine;Aubergine;;
meny_RmxhZGJyw7hkIG1;Fladbrød med hummus, stegt aubergine og tahindressing ;ing_citron;Citron;;
meny_RmxhZGJyw7hkIG1;Fladbrød med hummus, stegt aubergine og tahindressing ;ing_loeg;Løg;;
meny_RmxhZGJyw7hkIG1;Fladbrød med hummus, stegt aubergine og tahindressing ;ing_extra_6;Citroner;;
meny_RmxhZGJyw7hkIG1;Fladbrød med hummus, stegt aubergine og tahindressing ;ing_persille;Frisk Persille;;
meny_QXNpYXRpc2sgbWF;Asiatisk marinerede stegeben med frisk salat og peanutdressing;ing_aeg;Æg;;
meny_QXNpYXRpc2sgbWF;Asiatisk marinerede stegeben med frisk salat og peanutdressing;ing_foraarssloeg;Forårsløg;;
meny_QXNpYXRpc2sgbWF;Asiatisk marinerede stegeben med frisk salat og peanutdressing;ing_extra_11;Hvidløg;;
meny_QXNpYXRpc2sgbWF;Asiatisk marinerede stegeben med frisk salat og peanutdressing;ing_spidskaal;Spidskål;;
meny_QXNpYXRpc2sgbWF;Asiatisk marinerede stegeben med frisk salat og peanutdressing;ing_extra_8;Iceberg Salat;;
meny_QXNpYXRpc2sgbWF;Asiatisk marinerede stegeben med frisk salat og peanutdressing;ing_extra_12;Frisk Ingefær;;
meny_QXNpYXRpc2sgbWF;Asiatisk marinerede stegeben med frisk salat og peanutdressing;ing_salat_mix;Blandet salat;;
meny_QXNpYXRpc2sgbWF;Asiatisk marinerede stegeben med frisk salat og peanutdressing;ing_salatblanding;Skåret Salatblanding;;
meny_QXNpYXRpc2sgbWF;Asiatisk marinerede stegeben med frisk salat og peanutdressing;ing_frisk_chili;Frisk Chili;;
meny_QXNpYXRpc2sgbWF;Asiatisk marinerede stegeben med frisk salat og peanutdressing;ing_koriander;Frisk Koriander;;
meny_R3JpbGxldCBhdWJ;Grillet aubergine- og squashsalat med salatost i tern;ing_extra_43;Salt;;
meny_R3JpbGxldCBhdWJ;Grillet aubergine- og squashsalat med salatost i tern;ing_aubergine;Aubergine;;
meny_R3JpbGxldCBhdWJ;Grillet aubergine- og squashsalat med salatost i tern;ing_squash;Squash;;
meny_R3JpbGxldCBhdWJ;Grillet aubergine- og squashsalat med salatost i tern;ing_vand;Koldt vand;;
meny_R3JpbGxldCBhdWJ;Grillet aubergine- og squashsalat med salatost i tern;ing_loeg;Løg;;
meny_R3JpbGxldCBhdWJ;Grillet aubergine- og squashsalat med salatost i tern;ing_extra_8;Iceberg Salat;;
meny_R3JpbGxldCBhdWJ;Grillet aubergine- og squashsalat med salatost i tern;ing_salat_mix;Blandet salat;;
meny_R3JpbGxldCBhdWJ;Grillet aubergine- og squashsalat med salatost i tern;ing_salatblanding;Skåret Salatblanding;;
meny_R3JlZW5pZSBib3d;Greenie bowl med banan, spinat og broccoli;ing_extra_33;Havregryn;;
meny_R3JlZW5pZSBib3d;Greenie bowl med banan, spinat og broccoli;ing_broccoli;Broccoli;;
meny_R3JlZW5pZSBib3d;Greenie bowl med banan, spinat og broccoli;ing_extra_7;Bananer;;
meny_R3JlZW5pZSBib3d;Greenie bowl med banan, spinat og broccoli;ing_extra_9;Frisk Spinat;;
meny_R3JpbGxlZGUgbWF;Grillede majskolber med salsa fresca, feta og honning-tabascomarinade;ing_peberfrugt;Peberfrugt;;
meny_R3JpbGxlZGUgbWF;Grillede majskolber med salsa fresca, feta og honning-tabascomarinade;ing_extra_31;Olivenolie;;
meny_R3JpbGxlZGUgbWF;Grillede majskolber med salsa fresca, feta og honning-tabascomarinade;ing_extra_43;Salt;;
meny_R3JpbGxlZGUgbWF;Grillede majskolber med salsa fresca, feta og honning-tabascomarinade;ing_extra_44;Sort Peber;;
meny_R3JpbGxlZGUgbWF;Grillede majskolber med salsa fresca, feta og honning-tabascomarinade;ing_aeg;Æg;;
meny_R3JpbGxlZGUgbWF;Grillede majskolber med salsa fresca, feta og honning-tabascomarinade;ing_extra_1;Tomater (Danske);;
meny_R3JpbGxlZGUgbWF;Grillede majskolber med salsa fresca, feta og honning-tabascomarinade;ing_tomatsovs;Hakkede Tomater;;
meny_R3JpbGxlZGUgbWF;Grillede majskolber med salsa fresca, feta og honning-tabascomarinade;ing_tomat;Friske Tomater;;
meny_R3JpbGxlZGUgbWF;Grillede majskolber med salsa fresca, feta og honning-tabascomarinade;ing_koriander;Frisk Koriander;;
meny_R3JpbGxldCBoZWw;Grillet hel rødspætte med kartoffelsalat;ing_extra_3;Kartofler;;
meny_R3JpbGxldCBoZWw;Grillet hel rødspætte med kartoffelsalat;ing_extra_6;Citroner;;
meny_R3JpbGxldCBoZWw;Grillet hel rødspætte med kartoffelsalat;ing_extra_22;Rødspætte;;
meny_R3JpbGxldCBoZWw;Grillet hel rødspætte med kartoffelsalat;ing_extra_31;Olivenolie;;
meny_R3JpbGxldCBoZWw;Grillet hel rødspætte med kartoffelsalat;ing_extra_43;Salt;;
meny_R3JpbGxldCBoZWw;Grillet hel rødspætte med kartoffelsalat;ing_aeg;Æg;;
meny_R3JpbGxldCBoZWw;Grillet hel rødspætte med kartoffelsalat;ing_citron;Citron;;
meny_R3JpbGxldCBoZWw;Grillet hel rødspætte med kartoffelsalat;ing_vand;Koldt vand;;
meny_R3JpbGxldCBoZWw;Grillet hel rødspætte med kartoffelsalat;ing_koriander;Frisk Koriander;;
meny_SGVsc3RlZ3Qga3l;Helstegt kylling på kartoffel-porrebund;ing_extra_31;Olivenolie;;
meny_SGVsc3RlZ3Qga3l;Helstegt kylling på kartoffel-porrebund;ing_extra_43;Salt;;
meny_SGVsc3RlZ3Qga3l;Helstegt kylling på kartoffel-porrebund;ing_aeg;Æg;;
meny_SGVsc3RlZ3Qga3l;Helstegt kylling på kartoffel-porrebund;ing_kyllingebryst;Kyllingebryst;;
meny_SGVsc3RlZ3Qga3l;Helstegt kylling på kartoffel-porrebund;ing_extra_3;Kartofler;;
meny_SGVsc3RlZ3Qga3l;Helstegt kylling på kartoffel-porrebund;ing_hel_kylling;Hel kylling;;
meny_R3JpbGxldCBtZWR;Grillet medister med serranoskinke, italiensk kartoffelsalat og asparges;ing_extra_3;Kartofler;;
meny_R3JpbGxldCBtZWR;Grillet medister med serranoskinke, italiensk kartoffelsalat og asparges;ing_extra_6;Citroner;;
meny_R3JpbGxldCBtZWR;Grillet medister med serranoskinke, italiensk kartoffelsalat og asparges;ing_extra_18;Medister;;
meny_R3JpbGxldCBtZWR;Grillet medister med serranoskinke, italiensk kartoffelsalat og asparges;ing_extra_31;Olivenolie;;
meny_R3JpbGxldCBtZWR;Grillet medister med serranoskinke, italiensk kartoffelsalat og asparges;ing_extra_43;Salt;;
meny_R3JpbGxldCBtZWR;Grillet medister med serranoskinke, italiensk kartoffelsalat og asparges;ing_aeg;Æg;;
meny_R3JpbGxldCBtZWR;Grillet medister med serranoskinke, italiensk kartoffelsalat og asparges;ing_asparges;Grønne Asparges;;
meny_R3JpbGxldCBtZWR;Grillet medister med serranoskinke, italiensk kartoffelsalat og asparges;ing_extra_11;Hvidløg;;
meny_R3JpbGxldCBtZWR;Grillet medister med serranoskinke, italiensk kartoffelsalat og asparges;ing_rosmarin;Frisk Rosmarin;;
meny_QmFnZWthcnRvZmx;Bagekartofler med rødbedetzatziki, sprøde rødbedechips og purløg;ing_extra_43;Salt;;
meny_QmFnZWthcnRvZmx;Bagekartofler med rødbedetzatziki, sprøde rødbedechips og purløg;ing_aeg;Æg;;
meny_QmFnZWthcnRvZmx;Bagekartofler med rødbedetzatziki, sprøde rødbedechips og purløg;ing_bagekartofler;Bagekartofler;;
meny_QmFnZWthcnRvZmx;Bagekartofler med rødbedetzatziki, sprøde rødbedechips og purløg;ing_vand;Koldt vand;;
meny_QmFnZWthcnRvZmx;Bagekartofler med rødbedetzatziki, sprøde rødbedechips og purløg;ing_extra_11;Hvidløg;;
meny_QmFnZWthcnRvZmx;Bagekartofler med rødbedetzatziki, sprøde rødbedechips og purløg;ing_extra_3;Kartofler;;
meny_R3JpbGxldCBULWJ;Grillet T-bone med majs-ribs, grønt og bearnaisesauce;ing_extra_31;Olivenolie;;
meny_R3JpbGxldCBULWJ;Grillet T-bone med majs-ribs, grønt og bearnaisesauce;ing_extra_43;Salt;;
meny_R3JpbGxldCBULWJ;Grillet T-bone med majs-ribs, grønt og bearnaisesauce;ing_extra_45;Paprika;;
meny_R3JpbGxldCBULWJ;Grillet T-bone med majs-ribs, grønt og bearnaisesauce;ing_persille;Frisk Persille;;
meny_U2FsYXQgYWYgYnJ;Salat af brombær, enoki svampe, æbler, hjertesalat og flydende ramsløg;ing_enoki;Enoki Svampe;;
meny_U2FsYXQgYWYgYnJ;Salat af brombær, enoki svampe, æbler, hjertesalat og flydende ramsløg;ing_extra_8;Iceberg Salat;;
meny_U2FsYXQgYWYgYnJ;Salat af brombær, enoki svampe, æbler, hjertesalat og flydende ramsløg;ing_salat_mix;Blandet salat;;
meny_U2FsYXQgYWYgYnJ;Salat af brombær, enoki svampe, æbler, hjertesalat og flydende ramsløg;ing_salatblanding;Skåret Salatblanding;;
meny_U2FsYXQgYWYgYnJ;Salat af brombær, enoki svampe, æbler, hjertesalat og flydende ramsløg;ing_oestershatte;Østershatte;;
meny_Q2l0cnVzcGlja2x;Citruspickles med hvidløg og chili;ing_karry;Karrypulver;;
meny_Q2l0cnVzcGlja2x;Citruspickles med hvidløg og chili;ing_extra_6;Citroner;;
meny_Q2l0cnVzcGlja2x;Citruspickles med hvidløg og chili;ing_extra_43;Salt;;
meny_Q2l0cnVzcGlja2x;Citruspickles med hvidløg og chili;ing_spidskommen;Spidskommen;;
meny_Q2l0cnVzcGlja2x;Citruspickles med hvidløg og chili;ing_extra_11;Hvidløg;;
meny_Q2l0cnVzcGlja2x;Citruspickles med hvidløg og chili;ing_frisk_chili;Frisk Chili;;
meny_QXNwYXJnZXMgaG9;Asparges hotdog med skagenröre i brioche;ing_extra_43;Salt;;
meny_QXNwYXJnZXMgaG9;Asparges hotdog med skagenröre i brioche;ing_aeg;Æg;;
meny_QXNwYXJnZXMgaG9;Asparges hotdog med skagenröre i brioche;ing_cremefraiche;Creme Fraiche;;
meny_QXNwYXJnZXMgaG9;Asparges hotdog med skagenröre i brioche;ing_mayonnaise;Mayonnaise;;
meny_QXNwYXJnZXMgaG9;Asparges hotdog med skagenröre i brioche;ing_extra_6;Citroner;;
meny_R3JpbGxldCByaWJ;Grillet ribeye med knuste kartofler, parmesanost og ærtepuré;ing_extra_3;Kartofler;;
meny_R3JpbGxldCByaWJ;Grillet ribeye med knuste kartofler, parmesanost og ærtepuré;ing_extra_43;Salt;;
meny_R3JpbGxldCByaWJ;Grillet ribeye med knuste kartofler, parmesanost og ærtepuré;ing_rosmarin;Frisk Rosmarin;;
meny_R3JpbGxldCByaWJ;Grillet ribeye med knuste kartofler, parmesanost og ærtepuré;ing_parmesan;Parmesan;;
meny_R3JpbGxldCByaWJ;Grillet ribeye med knuste kartofler, parmesanost og ærtepuré;ing_extra_11;Hvidløg;;
meny_R3JpbGxldCByaWJ;Grillet ribeye med knuste kartofler, parmesanost og ærtepuré;ing_extra_6;Citroner;;
meny_R3JpbGxldCByaWJ;Grillet ribeye med knuste kartofler, parmesanost og ærtepuré;ing_persille;Frisk Persille;;
meny_R3Jpc2Vtw7hyYnJ;Grisemørbrad med forårsløg og asparges;ing_extra_3;Kartofler;;
meny_R3Jpc2Vtw7hyYnJ;Grisemørbrad med forårsløg og asparges;ing_extra_31;Olivenolie;;
meny_R3Jpc2Vtw7hyYnJ;Grisemørbrad med forårsløg og asparges;ing_extra_43;Salt;;
meny_R3Jpc2Vtw7hyYnJ;Grisemørbrad med forårsløg og asparges;ing_extra_46;Oregano;;
meny_R3Jpc2Vtw7hyYnJ;Grisemørbrad med forårsløg og asparges;ing_svinemoerbrad;Svinemørbrad;;
meny_R3Jpc2Vtw7hyYnJ;Grisemørbrad med forårsløg og asparges;ing_foraarssloeg;Forårsløg;;
meny_R3Jpc2Vtw7hyYnJ;Grisemørbrad med forårsløg og asparges;ing_extra_11;Hvidløg;;
meny_R3Jpc2Vtw7hyYnJ;Grisemørbrad med forårsløg og asparges;ing_extra_6;Citroner;;
meny_R3Jpc2Vtw7hyYnJ;Grisemørbrad med forårsløg og asparges;ing_rosmarin;Frisk Rosmarin;;
meny_fixed_8_1781879414876;Dhal;ing_ris;Ris;;
meny_fixed_8_1781879414876;Dhal;ing_extra_43;Salt;;
meny_fixed_8_1781879414876;Dhal;ing_extra_30;Sukker;;
meny_fixed_8_1781879414876;Dhal;ing_koriander;Frisk Koriander;;
meny_fixed_8_1781879414876;Dhal;ing_loeg;Løg;;
meny_fixed_8_1781879414876;Dhal;ing_extra_11;Hvidløg;;
meny_fixed_8_1781879414876;Dhal;ing_frisk_chili;Frisk Chili;;
meny_TWVudWllcmVzdGV;Menuierestegt rødspætte med pastinak i grov sennepscreme;ing_extra_22;Rødspætte;;
meny_TWVudWllcmVzdGV;Menuierestegt rødspætte med pastinak i grov sennepscreme;ing_extra_43;Salt;;
meny_TWVudWllcmVzdGV;Menuierestegt rødspætte med pastinak i grov sennepscreme;ing_citron;Citron;;
meny_TWVudWllcmVzdGV;Menuierestegt rødspætte med pastinak i grov sennepscreme;ing_foraarssloeg;Forårsløg;;
meny_TWVudWllcmVzdGV;Menuierestegt rødspætte med pastinak i grov sennepscreme;ing_extra_6;Citroner;;
meny_TWVudWllcmVzdGV;Menuierestegt rødspætte med pastinak i grov sennepscreme;ing_persille;Frisk Persille;;
meny_TWVudWllcmVzdGV;Menuierestegt rødspætte med pastinak i grov sennepscreme;ing_extra_21;Torskefileter;;
meny_fixed_6_1781879414875;Ramen med smilende æg, boghvedenudler og sprød topping;ing_extra_4;Gulerødder;;
meny_fixed_6_1781879414875;Ramen med smilende æg, boghvedenudler og sprød topping;ing_soja;Sojasauce;;
meny_fixed_6_1781879414875;Ramen med smilende æg, boghvedenudler og sprød topping;ing_boennespirer;Bønnespirer;;
meny_fixed_6_1781879414875;Ramen med smilende æg, boghvedenudler og sprød topping;ing_koriander;Frisk Koriander;;
meny_fixed_6_1781879414875;Ramen med smilende æg, boghvedenudler og sprød topping;ing_vand;Koldt vand;;
meny_fixed_6_1781879414875;Ramen med smilende æg, boghvedenudler og sprød topping;ing_spidskaal;Spidskål;;
meny_fixed_6_1781879414875;Ramen med smilende æg, boghvedenudler og sprød topping;ing_frisk_chili;Frisk Chili;;
meny_fixed_6_1781879414875;Ramen med smilende æg, boghvedenudler og sprød topping;ing_enoki;Enoki Svampe;;
meny_R3JpbGxlZGUgaHZ;Grillede hvide asparges med persillepesto;ing_extra_31;Olivenolie;;
meny_R3JpbGxlZGUgaHZ;Grillede hvide asparges med persillepesto;ing_extra_43;Salt;;
meny_R3JpbGxlZGUgaHZ;Grillede hvide asparges med persillepesto;ing_extra_11;Hvidløg;;
meny_R3JpbGxlZGUgaHZ;Grillede hvide asparges med persillepesto;ing_persille;Frisk Persille;;
meny_RnJhbnNrIGt5bGx;Fransk kylling med grillede små kartofler;ing_extra_3;Kartofler;;
meny_RnJhbnNrIGt5bGx;Fransk kylling med grillede små kartofler;ing_smaa_kartofler;Små kartofler;;
meny_RnJhbnNrIGt5bGx;Fransk kylling med grillede små kartofler;ing_kyllingebryst;Kyllingebryst;;
meny_RnJhbnNrIGt5bGx;Fransk kylling med grillede små kartofler;ing_extra_8;Iceberg Salat;;
meny_RnJhbnNrIGt5bGx;Fransk kylling med grillede små kartofler;ing_salat_mix;Blandet salat;;
meny_RnJhbnNrIGt5bGx;Fransk kylling med grillede små kartofler;ing_salatblanding;Skåret Salatblanding;;
meny_RnJhbnNrIGt5bGx;Fransk kylling med grillede små kartofler;ing_hel_kylling;Hel kylling;;
meny_QmFyYmVjdWVzYW5;Barbecuesandwich;ing_extra_32;Ketchup;;
meny_QmFyYmVjdWVzYW5;Barbecuesandwich;ing_extra_43;Salt;;
meny_QmFyYmVjdWVzYW5;Barbecuesandwich;ing_extra_45;Paprika;;
meny_QmFyYmVjdWVzYW5;Barbecuesandwich;ing_cremefraiche;Creme Fraiche;;
meny_QmFyYmVjdWVzYW5;Barbecuesandwich;ing_mayonnaise;Mayonnaise;;
meny_QmFyYmVjdWVzYW5;Barbecuesandwich;ing_sødkartoffel;Sød Kartoffel;;
meny_QmFyYmVjdWVzYW5;Barbecuesandwich;ing_extra_3;Kartofler;;
meny_QmFyYmVjdWVzYW5;Barbecuesandwich;ing_extra_8;Iceberg Salat;;
meny_QmFyYmVjdWVzYW5;Barbecuesandwich;ing_salat_mix;Blandet salat;;
meny_QmFyYmVjdWVzYW5;Barbecuesandwich;ing_salatblanding;Skåret Salatblanding;;
meny_R3JpbGxlZGUgZ3L;Grillede grøntsager naan-sandwich med linse-hummus;ing_extra_31;Olivenolie;;
meny_R3JpbGxlZGUgZ3L;Grillede grøntsager naan-sandwich med linse-hummus;ing_extra_43;Salt;;
meny_R3JpbGxlZGUgZ3L;Grillede grøntsager naan-sandwich med linse-hummus;ing_spidskommen;Spidskommen;;
meny_R3JpbGxlZGUgZ3L;Grillede grøntsager naan-sandwich med linse-hummus;ing_aeg;Æg;;
meny_R3JpbGxlZGUgZ3L;Grillede grøntsager naan-sandwich med linse-hummus;ing_extra_11;Hvidløg;;
meny_R3JpbGxlZGUgZ3L;Grillede grøntsager naan-sandwich med linse-hummus;ing_extra_6;Citroner;;
meny_R3JpbGxlZGUgZ3L;Grillede grøntsager naan-sandwich med linse-hummus;ing_rosmarin;Frisk Rosmarin;;
meny_R3JpbGxldCBsYWt;Grillet laks med spidskåls-tzatziki med forårsløg og ærter;ing_extra_43;Salt;;
meny_R3JpbGxldCBsYWt;Grillet laks med spidskåls-tzatziki med forårsløg og ærter;ing_foraarssloeg;Forårsløg;;
meny_R3JpbGxldCBsYWt;Grillet laks med spidskåls-tzatziki med forårsløg og ærter;ing_vand;Koldt vand;;
meny_R3JpbGxldCBsYWt;Grillet laks med spidskåls-tzatziki med forårsløg og ærter;ing_extra_11;Hvidløg;;
meny_R3JpbGxldCBsYWt;Grillet laks med spidskåls-tzatziki med forårsløg og ærter;ing_spidskaal;Spidskål;;
meny_R3JpbGxldCBsYWt;Grillet laks med spidskåls-tzatziki med forårsløg og ærter;ing_extra_6;Citroner;;
meny_R3JpbGxldCBsYWt;Grillet laks med spidskåls-tzatziki med forårsløg og ærter;ing_laks;Fersk Laks;;
meny_Qm9uZGVzYWxhdCB;Bondesalat med kogte kartofler, pocheret æg, croutoner, grønkål og grøn mayo;ing_extra_3;Kartofler;;
meny_Qm9uZGVzYWxhdCB;Bondesalat med kogte kartofler, pocheret æg, croutoner, grønkål og grøn mayo;ing_extra_31;Olivenolie;;
meny_Qm9uZGVzYWxhdCB;Bondesalat med kogte kartofler, pocheret æg, croutoner, grønkål og grøn mayo;ing_extra_43;Salt;;
meny_Qm9uZGVzYWxhdCB;Bondesalat med kogte kartofler, pocheret æg, croutoner, grønkål og grøn mayo;ing_mayonnaise;Mayonnaise;;
meny_Qm9uZGVzYWxhdCB;Bondesalat med kogte kartofler, pocheret æg, croutoner, grønkål og grøn mayo;ing_extra_11;Hvidløg;;
meny_Qm9uZGVzYWxhdCB;Bondesalat med kogte kartofler, pocheret æg, croutoner, grønkål og grøn mayo;ing_extra_6;Citroner;;
meny_Qm9uZGVzYWxhdCB;Bondesalat med kogte kartofler, pocheret æg, croutoner, grønkål og grøn mayo;ing_rosmarin;Frisk Rosmarin;;
meny_UHVsbCBhcGFydCB;Pull apart bread med parmesan, hvidløg og persille;ing_extra_43;Salt;;
meny_UHVsbCBhcGFydCB;Pull apart bread med parmesan, hvidløg og persille;ing_maelk;Mælk;;
meny_UHVsbCBhcGFydCB;Pull apart bread med parmesan, hvidløg og persille;ing_extra_29;Hvedemel;;
meny_UHVsbCBhcGFydCB;Pull apart bread med parmesan, hvidløg og persille;ing_parmesan;Parmesan;;
meny_UHVsbCBhcGFydCB;Pull apart bread med parmesan, hvidløg og persille;ing_ost;Revet Ost;;
meny_UHVsbCBhcGFydCB;Pull apart bread med parmesan, hvidløg og persille;ing_extra_11;Hvidløg;;
meny_UHVsbCBhcGFydCB;Pull apart bread med parmesan, hvidløg og persille;ing_persille;Frisk Persille;;
meny_R3JhbmF0w6ZibGU;Granatæble Fizz;ing_aeble;Æble;;
meny_R3JhbmF0w6ZibGU;Granatæble Fizz;ing_citron;Citron;;
meny_R3JhbmF0w6ZibGU;Granatæble Fizz;ing_extra_6;Citroner;;
meny_R3JpbGxldCBzYWx;Grillet salat med Cardini’s Caesar dressing;ing_extra_43;Salt;;
meny_R3JpbGxldCBzYWx;Grillet salat med Cardini’s Caesar dressing;ing_squash;Squash;;
meny_R3JpbGxldCBzYWx;Grillet salat med Cardini’s Caesar dressing;ing_asparges;Grønne Asparges;;
meny_R3JpbGxldCBzYWx;Grillet salat med Cardini’s Caesar dressing;ing_spidskaal;Spidskål;;
meny_R3JpbGxldCBzYWx;Grillet salat med Cardini’s Caesar dressing;ing_kyllingebryst;Kyllingebryst;;
meny_R3JpbGxldCBzYWx;Grillet salat med Cardini’s Caesar dressing;ing_extra_8;Iceberg Salat;;
meny_R3JpbGxldCBzYWx;Grillet salat med Cardini’s Caesar dressing;ing_salat_mix;Blandet salat;;
meny_R3JpbGxldCBzYWx;Grillet salat med Cardini’s Caesar dressing;ing_salatblanding;Skåret Salatblanding;;
meny_R3JpbGxldCBzYWx;Grillet salat med Cardini’s Caesar dressing;ing_hel_kylling;Hel kylling;;
meny_Q2hlZXNlY2FrZSB;Cheesecake med citron og brombær;ing_extra_30;Sukker;;
meny_Q2hlZXNlY2FrZSB;Cheesecake med citron og brombær;ing_citron;Citron;;
meny_Q2hlZXNlY2FrZSB;Cheesecake med citron og brombær;ing_vand;Koldt vand;;
meny_Q2hlZXNlY2FrZSB;Cheesecake med citron og brombær;ing_extra_6;Citroner;;
meny_QXNpYXRpc2sgd29;Asiatisk wok med mørbrad af gris, ægnudler, kål, forårsløg og cashewnødder;ing_peberfrugt;Peberfrugt;;
meny_QXNpYXRpc2sgd29;Asiatisk wok med mørbrad af gris, ægnudler, kål, forårsløg og cashewnødder;ing_extra_4;Gulerødder;;
meny_QXNpYXRpc2sgd29;Asiatisk wok med mørbrad af gris, ægnudler, kål, forårsløg og cashewnødder;ing_soja;Sojasauce;;
meny_QXNpYXRpc2sgd29;Asiatisk wok med mørbrad af gris, ægnudler, kål, forårsløg og cashewnødder;ing_koriander;Frisk Koriander;;
meny_QXNpYXRpc2sgd29;Asiatisk wok med mørbrad af gris, ægnudler, kål, forårsløg og cashewnødder;ing_foraarssloeg;Forårsløg;;
meny_QXNpYXRpc2sgd29;Asiatisk wok med mørbrad af gris, ægnudler, kål, forårsløg og cashewnødder;ing_extra_11;Hvidløg;;
meny_QXNpYXRpc2sgd29;Asiatisk wok med mørbrad af gris, ægnudler, kål, forårsløg og cashewnødder;ing_spidskaal;Spidskål;;
meny_QXNpYXRpc2sgd29;Asiatisk wok med mørbrad af gris, ægnudler, kål, forårsløg og cashewnødder;ing_extra_12;Frisk Ingefær;;
meny_QXNpYXRpc2sgd29;Asiatisk wok med mørbrad af gris, ægnudler, kål, forårsløg og cashewnødder;ing_frisk_chili;Frisk Chili;;
meny_QXNpYXRpc2sgd29;Asiatisk wok med mørbrad af gris, ægnudler, kål, forårsløg og cashewnødder;ing_svinemoerbrad;Svinemørbrad;;
meny_QnJ1bmNodGFsbGV;Brunchtallerken med æg, brie og søde kartofler;ing_extra_2;Agurk;;
meny_QnJ1bmNodGFsbGV;Brunchtallerken med æg, brie og søde kartofler;ing_extra_3;Kartofler;;
meny_QnJ1bmNodGFsbGV;Brunchtallerken med æg, brie og søde kartofler;ing_extra_31;Olivenolie;;
meny_QnJ1bmNodGFsbGV;Brunchtallerken med æg, brie og søde kartofler;ing_extra_43;Salt;;
meny_QnJ1bmNodGFsbGV;Brunchtallerken med æg, brie og søde kartofler;ing_aeg;Æg;;
meny_QnJ1bmNodGFsbGV;Brunchtallerken med æg, brie og søde kartofler;ing_frisk_chili;Frisk Chili;;
meny_QnJ1bmNodGFsbGV;Brunchtallerken med æg, brie og søde kartofler;ing_extra_6;Citroner;;
meny_TnllIGthcnRvZmx;Nye kartofler med avocado aioli;ing_extra_3;Kartofler;;
meny_TnllIGthcnRvZmx;Nye kartofler med avocado aioli;ing_extra_43;Salt;;
meny_TnllIGthcnRvZmx;Nye kartofler med avocado aioli;ing_avocado;Avocado;;
meny_TnllIGthcnRvZmx;Nye kartofler med avocado aioli;ing_mayonnaise;Mayonnaise;;
meny_TnllIGthcnRvZmx;Nye kartofler med avocado aioli;ing_extra_11;Hvidløg;;
meny_TnllIGthcnRvZmx;Nye kartofler med avocado aioli;ing_nye_kartofler;Nye kartofler;;
meny_TnllIGthcnRvZmx;Nye kartofler med avocado aioli;ing_extra_6;Citroner;;
meny_QnVsZ3Vyc2FsYXQ;Bulgursalat med tahindressing - vegansk fra Mia Sommer;ing_extra_4;Gulerødder;;
meny_QnVsZ3Vyc2FsYXQ;Bulgursalat med tahindressing - vegansk fra Mia Sommer;ing_extra_43;Salt;;
meny_QnVsZ3Vyc2FsYXQ;Bulgursalat med tahindressing - vegansk fra Mia Sommer;ing_aeg;Æg;;
meny_QnVsZ3Vyc2FsYXQ;Bulgursalat med tahindressing - vegansk fra Mia Sommer;ing_foraarssloeg;Forårsløg;;
meny_QnVsZ3Vyc2FsYXQ;Bulgursalat med tahindressing - vegansk fra Mia Sommer;ing_persille;Frisk Persille;;
meny_UmlzdGVkZSBhc3B;Ristede asparges med hvidløgsdrys og citron;ing_extra_31;Olivenolie;;
meny_UmlzdGVkZSBhc3B;Ristede asparges med hvidløgsdrys og citron;ing_extra_43;Salt;;
meny_UmlzdGVkZSBhc3B;Ristede asparges med hvidløgsdrys og citron;ing_citron;Citron;;
meny_UmlzdGVkZSBhc3B;Ristede asparges med hvidløgsdrys og citron;ing_extra_11;Hvidløg;;
meny_UmlzdGVkZSBhc3B;Ristede asparges med hvidløgsdrys og citron;ing_extra_6;Citroner;;
meny_R3JpbGxldCBmbGF;Grillet flanksteak med nem bbq marinade, chiliflutes og grillet majs;ing_extra_31;Olivenolie;;
meny_R3JpbGxldCBmbGF;Grillet flanksteak med nem bbq marinade, chiliflutes og grillet majs;ing_extra_32;Ketchup;;
meny_R3JpbGxldCBmbGF;Grillet flanksteak med nem bbq marinade, chiliflutes og grillet majs;ing_extra_43;Salt;;
meny_R3JpbGxldCBmbGF;Grillet flanksteak med nem bbq marinade, chiliflutes og grillet majs;ing_extra_45;Paprika;;
meny_R3JpbGxldCBmbGF;Grillet flanksteak med nem bbq marinade, chiliflutes og grillet majs;ing_extra_11;Hvidløg;;
meny_R3JpbGxldCBmbGF;Grillet flanksteak med nem bbq marinade, chiliflutes og grillet majs;ing_extra_6;Citroner;;
meny_R3JpbGxldCBmbGF;Grillet flanksteak med nem bbq marinade, chiliflutes og grillet majs;ing_frisk_chili;Frisk Chili;;
