Opskrift ID;Opskrift Titel;Raavare ID;Ingrediens Navn;Ny Mængde;Ny Enhed
meny_R3VsbGFzY2ggbWV;Gullasch med gulerødder;ing_ris;Ris;;
meny_R3VsbGFzY2ggbWV;Gullasch med gulerødder;ing_bouillon;Bouillon;3;dl
meny_R3VsbGFzY2ggbWV;Gullasch med gulerødder;ing_extra_4;Gulerødder;400;g
meny_R3VsbGFzY2ggbWV;Gullasch med gulerødder;ing_extra_43;Salt;;
meny_R3VsbGFzY2ggbWV;Gullasch med gulerødder;ing_extra_29;Hvedemel;1;spsk
meny_R3VsbGFzY2ggbWV;Gullasch med gulerødder;ing_tomatsovs;Hakkede Tomater;2;stk
meny_R3VsbGFzY2ggbWV;Gullasch med gulerødder;ing_loeg;Løg;1;stk
meny_R3VsbGFzY2ggbWV;Gullasch med gulerødder;ing_extra_1;Tomater (Danske);2;stk
meny_R3VsbGFzY2ggbWV;Gullasch med gulerødder;ing_tomat;Friske Tomater;2;stk
meny_R3VsbGFzY2ggbWV;Gullasch med gulerødder;ing_bacon;Bacon i tern;400;g
meny_R3VsbGFzY2ggbWV;Gullasch med gulerødder;;Kalvebov;600;g
meny_R3VsbGFzY2ggbWV;Gullasch med gulerødder;;Timian;1;tsk
meny_R3VsbGFzY2ggbWV;Gullasch med gulerødder;;Bladsselleri;1;stilk
meny_R3VsbGFzY2ggbWV;Gullasch med gulerødder;ing_meny_auto_2;stilke bladselleri i mindre stykker;4;stk
meny_R3VsbGFzY2ggbWV;Gullasch med gulerødder;ing_meny_auto_3;dåse koncentreret tomatpuré;1;stk
meny_R3VsbGFzY2ggbWV;Gullasch med gulerødder;ing_meny_auto_4;rødvin;2;dl
meny_TGFrcyBtZWQgcGF;Laks med pasta og langtidsbagte tomater, persille og kapers;ing_extra_31;Olivenolie;2;spsk
meny_TGFrcyBtZWQgcGF;Laks med pasta og langtidsbagte tomater, persille og kapers;ing_extra_43;Salt;;
meny_TGFrcyBtZWQgcGF;Laks med pasta og langtidsbagte tomater, persille og kapers;ing_pasta;Pasta;500;g
meny_TGFrcyBtZWQgcGF;Laks med pasta og langtidsbagte tomater, persille og kapers;ing_frisk_pasta;Frisk Pasta;500;g
meny_TGFrcyBtZWQgcGF;Laks med pasta og langtidsbagte tomater, persille og kapers;ing_kapers;Kapers;2;spsk
meny_TGFrcyBtZWQgcGF;Laks med pasta og langtidsbagte tomater, persille og kapers;ing_extra_1;Tomater (Danske);500;g
meny_TGFrcyBtZWQgcGF;Laks med pasta og langtidsbagte tomater, persille og kapers;ing_extra_6;Citroner;1;stk
meny_TGFrcyBtZWQgcGF;Laks med pasta og langtidsbagte tomater, persille og kapers;ing_tomatsovs;Hakkede Tomater;125;gram
meny_TGFrcyBtZWQgcGF;Laks med pasta og langtidsbagte tomater, persille og kapers;ing_persille;Frisk Persille;1;dl
meny_TGFrcyBtZWQgcGF;Laks med pasta og langtidsbagte tomater, persille og kapers;ing_tomat;Friske Tomater;500;g
meny_TGFrcyBtZWQgcGF;Laks med pasta og langtidsbagte tomater, persille og kapers;ing_extra_21;Torskefileter;150;gram
meny_TGFrcyBtZWQgcGF;Laks med pasta og langtidsbagte tomater, persille og kapers;ing_laks;Fersk Laks;150;gram
meny_TGFrcyBtZWQgcGF;Laks med pasta og langtidsbagte tomater, persille og kapers;ing_meny_auto_5;laksefileter;600;g
meny_TGFrcyBtZWQgcGF;Laks med pasta og langtidsbagte tomater, persille og kapers;ing_meny_auto_6;citronskal  af 1 citron;;
meny_TGFrcyBtZWQgcGF;Laks med pasta og langtidsbagte tomater, persille og kapers;ing_meny_auto_7;revet parmigiano reggiano;;
meny_1781947919149;Tærte med rødløg, spinat, skinke og timian;ing_extra_43;Salt;0.5;tsk
meny_1781947919149;Tærte med rødløg, spinat, skinke og timian;ing_maelk;Mælk;3;dl
meny_1781947919149;Tærte med rødløg, spinat, skinke og timian;ing_extra_9;Frisk Spinat;200;g
meny_1781947919149;Tærte med rødløg, spinat, skinke og timian;ing_extra_17;Skinketern;50;gram
meny_1781947919149;Tærte med rødløg, spinat, skinke og timian;ing_skinke;Kogt Skinke;200;g
meny_1781947919149;Tærte med rødløg, spinat, skinke og timian;;Æg ;6;stk
meny_1781947919149;Tærte med rødløg, spinat, skinke og timian;;Mozarella ost (revet);0,38;dl
meny_1781947919149;Tærte med rødløg, spinat, skinke og timian;;Timian;1;spsk
meny_1781947919149;Tærte med rødløg, spinat, skinke og timian;;Fuldkorns tærtedej;1;pakke
meny_1781947919149;Tærte med rødløg, spinat, skinke og timian;;Hvidløg;2;fed
meny_1781947919149;Tærte med rødløg, spinat, skinke og timian;;Rødløg;3;stk
meny_1781947919149;Tærte med rødløg, spinat, skinke og timian;ing_meny_auto_8;olivenolie;1;spsk
meny_1781947919149;Tærte med rødløg, spinat, skinke og timian;ing_meny_auto_9;revet mozzarellaost;1.5;dl
meny_1781947919149;Tærte med rødløg, spinat, skinke og timian;ing_meny_auto_10;friskkværnet peber;0.5;tsk
meny_R3LDpnNrIHNhbGF;Græsk salat med nye kartofler;ing_extra_3;Kartofler;500;g
meny_R3LDpnNrIHNhbGF;Græsk salat med nye kartofler;ing_extra_31;Olivenolie;5;spsk
meny_R3LDpnNrIHNhbGF;Græsk salat med nye kartofler;ing_extra_43;Salt;0.5;tsk
meny_R3LDpnNrIHNhbGF;Græsk salat med nye kartofler;ing_nye_kartofler;Nye kartofler;500;g
meny_R3LDpnNrIHNhbGF;Græsk salat med nye kartofler;ing_extra_6;Citroner;;
meny_R3LDpnNrIHNhbGF;Græsk salat med nye kartofler;ing_extra_8;Iceberg Salat;;
meny_R3LDpnNrIHNhbGF;Græsk salat med nye kartofler;ing_persille;Frisk Persille;1;stk
meny_R3LDpnNrIHNhbGF;Græsk salat med nye kartofler;ing_salat_mix;Blandet salat;;
meny_R3LDpnNrIHNhbGF;Græsk salat med nye kartofler;ing_salatblanding;Skåret Salatblanding;;
meny_R3LDpnNrIHNhbGF;Græsk salat med nye kartofler;ing_meny_auto_11;agurker;2;stk
meny_R3LDpnNrIHNhbGF;Græsk salat med nye kartofler;ing_meny_auto_12;røde og gule cherrytomater;300;g
meny_R3LDpnNrIHNhbGF;Græsk salat med nye kartofler;ing_meny_auto_13;lille rødløg;1;stk
meny_R3LDpnNrIHNhbGF;Græsk salat med nye kartofler;ing_meny_auto_14;frisk dild;1;bundt
meny_R3LDpnNrIHNhbGF;Græsk salat med nye kartofler;ing_meny_auto_15;feta i tern;150;g
meny_R3LDpnNrIHNhbGF;Græsk salat med nye kartofler;ing_meny_auto_16;kalamataoliven;75;g
meny_R3LDpnNrIHNhbGF;Græsk salat med nye kartofler;ing_meny_auto_17;citronsaft;0.5;stk
meny_R3LDpnNrIHNhbGF;Græsk salat med nye kartofler;ing_meny_auto_18;sort peber;0.5;tsk
meny_U2xpZGVycyBtZWQ;Sliders med torpedorejer og avocadocoleslaw;ing_hvidkaal;Hvidkål;200;g
meny_U2xpZGVycyBtZWQ;Sliders med torpedorejer og avocadocoleslaw;ing_extra_4;Gulerødder;150;g
meny_U2xpZGVycyBtZWQ;Sliders med torpedorejer og avocadocoleslaw;ing_extra_43;Salt;;
meny_U2xpZGVycyBtZWQ;Sliders med torpedorejer og avocadocoleslaw;ing_avocado;Avocado;2;stk
meny_U2xpZGVycyBtZWQ;Sliders med torpedorejer og avocadocoleslaw;ing_mayonnaise;Mayonnaise;4;spsk
meny_U2xpZGVycyBtZWQ;Sliders med torpedorejer og avocadocoleslaw;ing_frisk_chili;Frisk Chili;1;stk
meny_U2xpZGVycyBtZWQ;Sliders med torpedorejer og avocadocoleslaw;ing_koriander;Frisk Koriander;1;stk
meny_U2xpZGVycyBtZWQ;Sliders med torpedorejer og avocadocoleslaw;ing_extra_21;Torpedo Rejer;12;stk
meny_U2xpZGVycyBtZWQ;Sliders med torpedorejer og avocadocoleslaw;ing_meny_auto_19;torpedo rejer;12;stk
meny_U2xpZGVycyBtZWQ;Sliders med torpedorejer og avocadocoleslaw;ing_meny_auto_20;friskpresset limesaft;;
meny_U2xpZGVycyBtZWQ;Sliders med torpedorejer og avocadocoleslaw;ing_meny_auto_21;sliders;12;stk
meny_U3F1YXNoIOKAmGZ;Squash ‘fettuccine’ med sød kartoffelpure, bacon og gedeost;ing_extra_3;Kartofler;500;g
meny_U3F1YXNoIOKAmGZ;Squash ‘fettuccine’ med sød kartoffelpure, bacon og gedeost;ing_extra_31;Olivenolie;1;spsk
meny_U3F1YXNoIOKAmGZ;Squash ‘fettuccine’ med sød kartoffelpure, bacon og gedeost;ing_extra_43;Salt;;
meny_U3F1YXNoIOKAmGZ;Squash ‘fettuccine’ med sød kartoffelpure, bacon og gedeost;ing_squash;Squash;1;stk
meny_U3F1YXNoIOKAmGZ;Squash ‘fettuccine’ med sød kartoffelpure, bacon og gedeost;ing_bacon;Bacontern;150;g
meny_U3F1YXNoIOKAmGZ;Squash ‘fettuccine’ med sød kartoffelpure, bacon og gedeost;ing_meny_auto_23;friske gedeoste;150;g
meny_U3F1YXNoIOKAmGZ;Squash ‘fettuccine’ med sød kartoffelpure, bacon og gedeost;ing_meny_auto_24;purløg;1;bundt
meny_R3LDuG5uZSBmcml;Grønne frikadeller med feta, tzatziki og græske kartofler;ing_extra_3;Kartofler;800;g
meny_R3LDuG5uZSBmcml;Grønne frikadeller med feta, tzatziki og græske kartofler;ing_bouillon;Bouillon;4;dl
meny_R3LDuG5uZSBmcml;Grønne frikadeller med feta, tzatziki og græske kartofler;ing_extra_31;Olivenolie;4;spsk
meny_R3LDuG5uZSBmcml;Grønne frikadeller med feta, tzatziki og græske kartofler;ing_extra_43;Salt;;
meny_R3LDuG5uZSBmcml;Grønne frikadeller med feta, tzatziki og græske kartofler;ing_loeg;Løg;2;stk
meny_R3LDuG5uZSBmcml;Grønne frikadeller med feta, tzatziki og græske kartofler;ing_extra_11;Hvidløg;2;stk
meny_R3LDuG5uZSBmcml;Grønne frikadeller med feta, tzatziki og græske kartofler;ing_meny_auto_25;rosmarinkvist;1;stk
meny_R3LDuG5uZSBmcml;Grønne frikadeller med feta, tzatziki og græske kartofler;ing_meny_auto_26;agurk;0.33;stk
meny_R3LDuG5uZSBmcml;Grønne frikadeller med feta, tzatziki og græske kartofler;ing_meny_auto_27;yoghurt 10% 10%;250;g
meny_R3LDuG5uZSBmcml;Grønne frikadeller med feta, tzatziki og græske kartofler;ing_meny_auto_28;plantefars;300;g
meny_R3LDuG5uZSBmcml;Grønne frikadeller med feta, tzatziki og græske kartofler;ing_meny_auto_30;Puck® salatost i blok;100;g
meny_R3JpbGxldCBrYWx;Grillet kalvecuvette med jordbær-caprese;ing_extra_3;Kartofler;600;g
meny_R3JpbGxldCBrYWx;Grillet kalvecuvette med jordbær-caprese;ing_extra_43;Salt;1;tsk
meny_R3JpbGxldCBrYWx;Grillet kalvecuvette med jordbær-caprese;ing_nye_kartofler;Nye kartofler;600;g
meny_R3JpbGxldCBrYWx;Grillet kalvecuvette med jordbær-caprese;ing_meny_auto_31;kalvecuvette;1;stk
meny_R3JpbGxldCBrYWx;Grillet kalvecuvette med jordbær-caprese;ing_meny_auto_32;friskkværnet peber;1;tsk
meny_R3JpbGxldCBrYWx;Grillet kalvecuvette med jordbær-caprese;ing_meny_auto_33;stilke frisk timian;3;stk
meny_R3JpbGxldCBrYWx;Grillet kalvecuvette med jordbær-caprese;ing_meny_auto_34;jordbær;500;g
meny_R3JpbGxldCBrYWx;Grillet kalvecuvette med jordbær-caprese;ing_meny_auto_35;Arla Karolines Køkken® Mozzarella Tern;200;g
meny_R3JpbGxldCBrYWx;Grillet kalvecuvette med jordbær-caprese;ing_meny_auto_36;bakke rucolasalat;1;stk
meny_R3JpbGxldCBrYWx;Grillet kalvecuvette med jordbær-caprese;ing_meny_auto_37;hvid balsamicoeddike;3;spsk
meny_R3JpbGxldCBrYWx;Grillet kalvecuvette med jordbær-caprese;ing_meny_auto_39;friskkværnet peber;;
meny_R3JpbGxldCBreWx;Grillet kyllingebryststeg med ristet majs, chili og forårsløg;ing_extra_28;Sorte Bønner;;
meny_R3JpbGxldCBreWx;Grillet kyllingebryststeg med ristet majs, chili og forårsløg;ing_koriander;Frisk Koriander;;
meny_R3JpbGxldCBreWx;Grillet kyllingebryststeg med ristet majs, chili og forårsløg;ing_foraarssloeg;Forårsløg;1;bundt
meny_R3JpbGxldCBreWx;Grillet kyllingebryststeg med ristet majs, chili og forårsløg;ing_frisk_chili;Frisk Chili;1;stk
meny_R3JpbGxldCBreWx;Grillet kyllingebryststeg med ristet majs, chili og forårsløg;ing_meny_auto_40;kyllingebryst;2;stk
meny_R3JpbGxldCBreWx;Grillet kyllingebryststeg med ristet majs, chili og forårsløg;ing_meny_auto_41;barbecuekrydderi med selleri;15;tsk
meny_R3JpbGxldCBreWx;Grillet kyllingebryststeg med ristet majs, chili og forårsløg;ing_meny_auto_42;olivenolie;2;spsk
meny_R3JpbGxldCBreWx;Grillet kyllingebryststeg med ristet majs, chili og forårsløg;ing_meny_auto_43;friske majskolber;3;stk
meny_R3JpbGxldCBreWx;Grillet kyllingebryststeg med ristet majs, chili og forårsløg;ing_meny_auto_44;dåse sort bønne;1;stk
meny_R3JpbGxldCBreWx;Grillet kyllingebryststeg med ristet majs, chili og forårsløg;ing_meny_auto_45;havsalt;0.5;tsk
meny_R3JpcyBpIGvDpWw;Gris i kål med chili;ing_hakket_gris;Hakket Grisekød;500;g
meny_R3JpcyBpIGvDpWw;Gris i kål med chili;ing_extra_4;Gulerødder;300;g
meny_R3JpcyBpIGvDpWw;Gris i kål med chili;ing_extra_45;Paprika;1;tsk
meny_R3JpcyBpIGvDpWw;Gris i kål med chili;ing_spidskommen;Spidskommen;0.5;tsk
meny_R3JpcyBpIGvDpWw;Gris i kål med chili;ing_cremefraiche;Creme Fraiche;;
meny_R3JpcyBpIGvDpWw;Gris i kål med chili;ing_soja;Sojasauce;2;spsk
meny_R3JpcyBpIGvDpWw;Gris i kål med chili;ing_frisk_chili;Frisk Chili;1;tsk
meny_R3JpcyBpIGvDpWw;Gris i kål med chili;ing_meny_auto_46;olie;2;spsk
meny_R3JpcyBpIGvDpWw;Gris i kål med chili;ing_meny_auto_47;knoldselleri;300;g
meny_R3JpcyBpIGvDpWw;Gris i kål med chili;ing_meny_auto_48;grøntsagsbouillon;7;dl
meny_R3JpcyBpIGvDpWw;Gris i kål med chili;ing_meny_auto_49;grønkål;100;g
meny_RmFsYWZlbGJ1cmd;Falafelburger med myntedressing;ing_extra_43;Salt;2;tsk
meny_RmFsYWZlbGJ1cmd;Falafelburger med myntedressing;ing_extra_29;Hvedemel;4;spsk
meny_RmFsYWZlbGJ1cmd;Falafelburger med myntedressing;ing_spidskommen;Spidskommen;1.5;tsk
meny_RmFsYWZlbGJ1cmd;Falafelburger med myntedressing;ing_aeg;Æg;;
meny_RmFsYWZlbGJ1cmd;Falafelburger med myntedressing;ing_loeg;Løg;1;stk
meny_RmFsYWZlbGJ1cmd;Falafelburger med myntedressing;ing_extra_11;Hvidløg;1;stk
meny_RmFsYWZlbGJ1cmd;Falafelburger med myntedressing;ing_extra_1;Tomater (Danske);2;stk
meny_RmFsYWZlbGJ1cmd;Falafelburger med myntedressing;ing_extra_8;Iceberg Salat;;
meny_RmFsYWZlbGJ1cmd;Falafelburger med myntedressing;ing_tomatsovs;Hakkede Tomater;2;stk
meny_RmFsYWZlbGJ1cmd;Falafelburger med myntedressing;ing_persille;Frisk Persille;;
meny_RmFsYWZlbGJ1cmd;Falafelburger med myntedressing;ing_salat_mix;Blandet salat;;
meny_RmFsYWZlbGJ1cmd;Falafelburger med myntedressing;ing_salatblanding;Skåret Salatblanding;;
meny_RmFsYWZlbGJ1cmd;Falafelburger med myntedressing;ing_tomat;Friske Tomater;2;stk
meny_RmFsYWZlbGJ1cmd;Falafelburger med myntedressing;ing_koriander;Frisk Koriander;1.5;tsk
meny_RmFsYWZlbGJ1cmd;Falafelburger med myntedressing;ing_meny_auto_51;kikærter;250;g
meny_RmFsYWZlbGJ1cmd;Falafelburger med myntedressing;ing_meny_auto_53;sesamfrø;1;spsk
meny_RmFsYWZlbGJ1cmd;Falafelburger med myntedressing;ing_meny_auto_54;olivenolie til stegning;1;dl
meny_RmFsYWZlbGJ1cmd;Falafelburger med myntedressing;ing_meny_auto_55;græsk inspireret yoghurt 10%;150;g
meny_RmFsYWZlbGJ1cmd;Falafelburger med myntedressing;ing_meny_auto_56;mynte;;
meny_RmFsYWZlbGJ1cmd;Falafelburger med myntedressing;ing_meny_auto_59;sort peber;;
meny_RmFsYWZlbGJ1cmd;Falafelburger med myntedressing;ing_meny_auto_61;burgerboller;4;stk
meny_RmFsYWZlbGJ1cmd;Falafelburger med myntedressing;ing_meny_auto_62;hovedsalat;8;blade
meny_R3JpbGxldCBva3N;Grillet oksecuvette med krydderiblanding og mynte-persillepesto;ing_extra_3;Kartofler;;
meny_R3JpbGxldCBva3N;Grillet oksecuvette med krydderiblanding og mynte-persillepesto;ing_asparges;Grønne Asparges;;
meny_R3JpbGxldCBva3N;Grillet oksecuvette med krydderiblanding og mynte-persillepesto;ing_meny_auto_63;oksecuvette ca. 1 kg;1;stk
meny_R3JpbGxldCBva3N;Grillet oksecuvette med krydderiblanding og mynte-persillepesto;ing_meny_auto_64;stødt kardemomme;1;tsk
meny_R3JpbGxldCBva3N;Grillet oksecuvette med krydderiblanding og mynte-persillepesto;ing_meny_auto_65;tørret chiliflage;1;tsk
meny_R3JpbGxldCBva3N;Grillet oksecuvette med krydderiblanding og mynte-persillepesto;ing_meny_auto_66;røget paprika;1;tsk
meny_R3JpbGxldCBva3N;Grillet oksecuvette med krydderiblanding og mynte-persillepesto;ing_meny_auto_67;brun farin;1;tsk
meny_R3JpbGxldCBva3N;Grillet oksecuvette med krydderiblanding og mynte-persillepesto;ing_meny_auto_68;havsalt;1;tsk
meny_R3JpbGxldCBva3N;Grillet oksecuvette med krydderiblanding og mynte-persillepesto;ing_meny_auto_69;mynte;25;g
meny_R3JpbGxldCBva3N;Grillet oksecuvette med krydderiblanding og mynte-persillepesto;ing_meny_auto_70;bredbladet persille;15;g
meny_R3JpbGxldCBva3N;Grillet oksecuvette med krydderiblanding og mynte-persillepesto;ing_meny_auto_71;valnøddekerner;50;g
meny_R3JpbGxldCBva3N;Grillet oksecuvette med krydderiblanding og mynte-persillepesto;ing_meny_auto_72;hvidløg;0.5;fed
meny_R3JpbGxldCBva3N;Grillet oksecuvette med krydderiblanding og mynte-persillepesto;ing_meny_auto_73;friskpresset citronsaft;3;spsk
meny_R3JpbGxldCBva3N;Grillet oksecuvette med krydderiblanding og mynte-persillepesto;ing_meny_auto_74;stødt kardemomme;0.25;tsk
meny_R3JpbGxldCBva3N;Grillet oksecuvette med krydderiblanding og mynte-persillepesto;ing_meny_auto_75;lille rød chilipeber;0.5;stk
meny_R3JpbGxldCBva3N;Grillet oksecuvette med krydderiblanding og mynte-persillepesto;ing_meny_auto_76;salt;1;tsk
meny_R3JpbGxldCBva3N;Grillet oksecuvette med krydderiblanding og mynte-persillepesto;ing_meny_auto_77;smagsneutral olie;1.5;dl
meny_R3JpbGxldCBva3N;Grillet oksecuvette med krydderiblanding og mynte-persillepesto;ing_meny_auto_78;frisk pebermynteblad;;
meny_Qm9sbGVyIGkga2F;Boller i karry med børnevenlig topping;ing_ris;Ris;400;g
meny_Qm9sbGVyIGkga2F;Boller i karry med børnevenlig topping;ing_bouillon;Bouillon;;
meny_Qm9sbGVyIGkga2F;Boller i karry med børnevenlig topping;ing_extra_43;Salt;1;tsk
meny_Qm9sbGVyIGkga2F;Boller i karry med børnevenlig topping;ing_maelk;Mælk;1;dl
meny_Qm9sbGVyIGkga2F;Boller i karry med børnevenlig topping;ing_loeg;Løg;1;stk
meny_Qm9sbGVyIGkga2F;Boller i karry med børnevenlig topping;ing_meny_auto_79;sort peber;0.5;tsk
meny_Qm9sbGVyIGkga2F;Boller i karry med børnevenlig topping;ing_meny_auto_80;æg;1;stk
meny_Qm9sbGVyIGkga2F;Boller i karry med børnevenlig topping;ing_meny_auto_81;hvedemel;3;spsk
meny_Qm9sbGVyIGkga2F;Boller i karry med børnevenlig topping;ing_meny_auto_82;smør;50;g
meny_Qm9sbGVyIGkga2F;Boller i karry med børnevenlig topping;ing_meny_auto_83;karry;2;tsk
meny_Qm9sbGVyIGkga2F;Boller i karry med børnevenlig topping;ing_meny_auto_84;stødt gurkemeje;1;tsk
meny_Qm9sbGVyIGkga2F;Boller i karry med børnevenlig topping;ing_meny_auto_85;hvedemel;3;spsk
meny_Qm9sbGVyIGkga2F;Boller i karry med børnevenlig topping;ing_meny_auto_86;koge vand fra kødbollerne;6;dl
meny_Qm9sbGVyIGkga2F;Boller i karry med børnevenlig topping;ing_meny_auto_87;Arla Karolines Køkken® Piskefløde 38%;1;dl
meny_Qm9sbGVyIGkga2F;Boller i karry med børnevenlig topping;ing_meny_auto_89;æble i små tern;1;stk
meny_Qm9sbGVyIGkga2F;Boller i karry med børnevenlig topping;ing_meny_auto_90;rosin;1;dl
meny_Qm9sbGVyIGkga2F;Boller i karry med børnevenlig topping;ing_meny_auto_91;kokosmel;1;dl
meny_Qm9sbGVyIGkga2F;Boller i karry med børnevenlig topping;ing_meny_auto_92;mango i tern;1;stk
meny_Qm9sbGVyIGkga2F;Boller i karry med børnevenlig topping;ing_meny_auto_93;bæger frisk koriander;1;stk
meny_QW5kZWJyeXN0c3R;Andebryststeg med grønkålssalat og syltede appelsiner;ing_extra_43;Salt;2;tsk
meny_QW5kZWJyeXN0c3R;Andebryststeg med grønkålssalat og syltede appelsiner;ing_extra_30;Sukker;2;dl
meny_QW5kZWJyeXN0c3R;Andebryststeg med grønkålssalat og syltede appelsiner;ing_meny_auto_95;and bryststeg;1;stk
meny_QW5kZWJyeXN0c3R;Andebryststeg med grønkålssalat og syltede appelsiner;ing_meny_auto_96;appelsiner;2;stk
meny_QW5kZWJyeXN0c3R;Andebryststeg med grønkålssalat og syltede appelsiner;ing_meny_auto_97;vand;2;dl
meny_QW5kZWJyeXN0c3R;Andebryststeg med grønkålssalat og syltede appelsiner;ing_meny_auto_98;olivenolie;4;spsk
meny_QW5kZWJyeXN0c3R;Andebryststeg med grønkålssalat og syltede appelsiner;ing_meny_auto_99;honning;2;tsk
meny_QW5kZWJyeXN0c3R;Andebryststeg med grønkålssalat og syltede appelsiner;ing_meny_auto_100;æblecidereddike;2;spsk
meny_QW5kZWJyeXN0c3R;Andebryststeg med grønkålssalat og syltede appelsiner;ing_meny_auto_101;sort peber;0.5;tsk
meny_QW5kZWJyeXN0c3R;Andebryststeg med grønkålssalat og syltede appelsiner;ing_meny_auto_102;perlebyg;300;g
meny_QW5kZWJyeXN0c3R;Andebryststeg med grønkålssalat og syltede appelsiner;ing_meny_auto_103;grønkål;200;g
meny_QW5kZWJyeXN0c3R;Andebryststeg med grønkålssalat og syltede appelsiner;ing_meny_auto_104;mandler;100;g
meny_QW5kZWJyeXN0c3R;Andebryststeg med grønkålssalat og syltede appelsiner;ing_meny_auto_105;tørret tranebær;1;dl
meny_QW5kZWJyeXN0c3R;Andebryststeg med grønkålssalat og syltede appelsiner;ing_meny_auto_106;pynt: skovsyre;;
meny_QXNpYXRpc2sga3l;Asiatisk kyllingespyd;ing_extra_31;Olivenolie;0.75;dl
meny_QXNpYXRpc2sga3l;Asiatisk kyllingespyd;ing_extra_43;Salt;0.5;tsk
meny_QXNpYXRpc2sga3l;Asiatisk kyllingespyd;ing_extra_44;Sort Peber;;
meny_QXNpYXRpc2sga3l;Asiatisk kyllingespyd;ing_koriander;Frisk Koriander;1;stk
meny_QXNpYXRpc2sga3l;Asiatisk kyllingespyd;ing_frisk_chili;Frisk Chili;1;stk
meny_QXNpYXRpc2sga3l;Asiatisk kyllingespyd;ing_meny_auto_107;ristede sesamfrø;1;tsk
meny_QXNpYXRpc2sga3l;Asiatisk kyllingespyd;ing_meny_auto_108;kyllingefileter;800;g
meny_QXNpYXRpc2sga3l;Asiatisk kyllingespyd;ing_meny_auto_110;hakket citrongræs;1;spsk
meny_QXNpYXRpc2sga3l;Asiatisk kyllingespyd;ing_meny_auto_111;lime;1;stk
meny_QXNpYXRpc2sga3l;Asiatisk kyllingespyd;ing_meny_auto_112;honning;1;spsk
meny_QXNpYXRpc2sga3l;Asiatisk kyllingespyd;ing_meny_auto_113;sesamolie;1;tsk
meny_RGlwIG1lZCBiYWd;Dip med bagt hvidløg og tomater til chips;ing_extra_43;Salt;;
meny_RGlwIG1lZCBiYWd;Dip med bagt hvidløg og tomater til chips;ing_extra_11;Hvidløg;1;stk
meny_RGlwIG1lZCBiYWd;Dip med bagt hvidløg og tomater til chips;ing_extra_1;Tomater (Danske);250;g
meny_RGlwIG1lZCBiYWd;Dip med bagt hvidløg og tomater til chips;ing_tomatsovs;Hakkede Tomater;;
meny_RGlwIG1lZCBiYWd;Dip med bagt hvidløg og tomater til chips;ing_tomat;Friske Tomater;250;g
meny_RGlwIG1lZCBiYWd;Dip med bagt hvidløg og tomater til chips;ing_meny_auto_114;olivenolie;2;spsk
meny_RGlwIG1lZCBiYWd;Dip med bagt hvidløg og tomater til chips;ing_meny_auto_115;Arla Karolines Køkken® Græsk inspireret yoghurt 10%;200;g
meny_Q3J1bWJsZWthZ2U;Crumblekage med blåbær, tranebær og brunet smør;ing_maelk;Mælk;1.5;dl
meny_Q3J1bWJsZWthZ2U;Crumblekage med blåbær, tranebær og brunet smør;ing_extra_29;Hvedemel;190;g
meny_Q3J1bWJsZWthZ2U;Crumblekage med blåbær, tranebær og brunet smør;ing_extra_30;Sukker;175;g
meny_Q3J1bWJsZWthZ2U;Crumblekage med blåbær, tranebær og brunet smør;ing_bagepulver;Bagepulver;1;tsk
meny_Q3J1bWJsZWthZ2U;Crumblekage med blåbær, tranebær og brunet smør;ing_extra_12;Frisk Ingefær;1.5;tsk
meny_Q3J1bWJsZWthZ2U;Crumblekage med blåbær, tranebær og brunet smør;ing_meny_auto_116;smør;150;g
meny_Q3J1bWJsZWthZ2U;Crumblekage med blåbær, tranebær og brunet smør;ing_meny_auto_117;stødt kardemomme;0.5;tsk
meny_Q3J1bWJsZWthZ2U;Crumblekage med blåbær, tranebær og brunet smør;ing_meny_auto_118;æg;2;stk
meny_Q3J1bWJsZWthZ2U;Crumblekage med blåbær, tranebær og brunet smør;ing_meny_auto_119;tranebær;75;g
meny_Q3J1bWJsZWthZ2U;Crumblekage med blåbær, tranebær og brunet smør;ing_meny_auto_120;blåbær;125;g
meny_SW5kaXNrIGthcnJ;Indisk karrygryde med kalkun og græskar;ing_ris;Ris;1;spsk
meny_SW5kaXNrIGthcnJ;Indisk karrygryde med kalkun og græskar;ing_bouillon;Bouillon;3;dl
meny_SW5kaXNrIGthcnJ;Indisk karrygryde med kalkun og græskar;ing_extra_43;Salt;;
meny_SW5kaXNrIGthcnJ;Indisk karrygryde med kalkun og græskar;ing_aeg;Æg;;
meny_SW5kaXNrIGthcnJ;Indisk karrygryde med kalkun og græskar;ing_extra_11;Hvidløg;1;fed
meny_SW5kaXNrIGthcnJ;Indisk karrygryde med kalkun og græskar;ing_extra_12;Frisk Ingefær;1;spsk
meny_SW5kaXNrIGthcnJ;Indisk karrygryde med kalkun og græskar;ing_meny_auto_122;hokkaido græskar;300;g
meny_SW5kaXNrIGthcnJ;Indisk karrygryde med kalkun og græskar;ing_meny_auto_123;smør;1;spsk
meny_SW5kaXNrIGthcnJ;Indisk karrygryde med kalkun og græskar;ing_meny_auto_124;kalkunbryster i tern;500;g
meny_SW5kaXNrIGthcnJ;Indisk karrygryde med kalkun og græskar;ing_meny_auto_125;karry;2;tsk
meny_SW5kaXNrIGthcnJ;Indisk karrygryde med kalkun og græskar;ing_meny_auto_126;garam masala;1;tsk
meny_SW5kaXNrIGthcnJ;Indisk karrygryde med kalkun og græskar;ing_meny_auto_127;yoghurt 10%;150;g
meny_SW5kaXNrIGthcnJ;Indisk karrygryde med kalkun og græskar;ing_meny_auto_129;naanbrød;;
meny_SW5kaXNrIGthcnJ;Indisk karrygryde med kalkun og græskar;ing_meny_auto_130;mangochutney;;
meny_R2x1dGVuZnJpIGZ;Glutenfri focaccia med græskar, feta og rosmarin;ing_extra_31;Olivenolie;3;spsk
meny_R2x1dGVuZnJpIGZ;Glutenfri focaccia med græskar, feta og rosmarin;ing_extra_43;Salt;;
meny_R2x1dGVuZnJpIGZ;Glutenfri focaccia med græskar, feta og rosmarin;ing_rosmarin;Frisk Rosmarin;2;stk
meny_R2x1dGVuZnJpIGZ;Glutenfri focaccia med græskar, feta og rosmarin;ing_meny_auto_131;gær;25;g
meny_R2x1dGVuZnJpIGZ;Glutenfri focaccia med græskar, feta og rosmarin;ing_meny_auto_132;lunkent vand;5;dl
meny_R2x1dGVuZnJpIGZ;Glutenfri focaccia med græskar, feta og rosmarin;ing_meny_auto_133;Finax Glutenfri Melmix;450;g
meny_R2x1dGVuZnJpIGZ;Glutenfri focaccia med græskar, feta og rosmarin;ing_meny_auto_134;FiberHUSK loppefrøskaller;2;spsk
meny_R2x1dGVuZnJpIGZ;Glutenfri focaccia med græskar, feta og rosmarin;ing_meny_auto_135;græskar;180;g
meny_R2x1dGVuZnJpIGZ;Glutenfri focaccia med græskar, feta og rosmarin;ing_meny_auto_136;Puck® salatost i blok;150;g
meny_R2x1dGVuZnJpIGZ;Glutenfri focaccia med græskar, feta og rosmarin;ing_meny_auto_137;sort peber;;
meny_RG9yYWRlIG1lZCB;Dorade med citron, hvidløg og persille;ing_extra_31;Olivenolie;;
meny_RG9yYWRlIG1lZCB;Dorade med citron, hvidløg og persille;ing_aeg;Æg;;
meny_RG9yYWRlIG1lZCB;Dorade med citron, hvidløg og persille;ing_citron;Citron;;
meny_RG9yYWRlIG1lZCB;Dorade med citron, hvidløg og persille;ing_extra_11;Hvidløg;6;fed
meny_RG9yYWRlIG1lZCB;Dorade med citron, hvidløg og persille;ing_extra_6;Citroner;;
meny_RG9yYWRlIG1lZCB;Dorade med citron, hvidløg og persille;ing_persille;Frisk Persille;1;bundt
meny_RG9yYWRlIG1lZCB;Dorade med citron, hvidløg og persille;ing_meny_auto_138;hele dorade fisk;2;stk
meny_RG9yYWRlIG1lZCB;Dorade med citron, hvidløg og persille;ing_meny_auto_139;smør;2;spsk
meny_RG9yYWRlIG1lZCB;Dorade med citron, hvidløg og persille;ing_meny_auto_140;peber og groft salt;;
meny_T3Zuc3RlZ3Qga3l;Ovnstegt kylling med kartofler og svampesauce;ing_extra_3;Kartofler;700;g
meny_T3Zuc3RlZ3Qga3l;Ovnstegt kylling med kartofler og svampesauce;ing_extra_31;Olivenolie;2;stk
meny_T3Zuc3RlZ3Qga3l;Ovnstegt kylling med kartofler og svampesauce;ing_extra_40;Hvidvin;2;dl
meny_T3Zuc3RlZ3Qga3l;Ovnstegt kylling med kartofler og svampesauce;ing_extra_43;Salt;;
meny_T3Zuc3RlZ3Qga3l;Ovnstegt kylling med kartofler og svampesauce;ing_citron;Citron;2;stk
meny_T3Zuc3RlZ3Qga3l;Ovnstegt kylling med kartofler og svampesauce;ing_extra_11;Hvidløg;2;stk
meny_T3Zuc3RlZ3Qga3l;Ovnstegt kylling med kartofler og svampesauce;ing_hel_kylling;Hel kylling;1;stk
meny_T3Zuc3RlZ3Qga3l;Ovnstegt kylling med kartofler og svampesauce;ing_smaa_kartofler;Små kartofler;700;g
meny_T3Zuc3RlZ3Qga3l;Ovnstegt kylling med kartofler og svampesauce;ing_kyllingebryst;Kyllingebryst;1;stk
meny_T3Zuc3RlZ3Qga3l;Ovnstegt kylling med kartofler og svampesauce;ing_extra_6;Citroner;2;stk
meny_T3Zuc3RlZ3Qga3l;Ovnstegt kylling med kartofler og svampesauce;ing_rosmarin;Frisk Rosmarin;1;dl
meny_T3Zuc3RlZ3Qga3l;Ovnstegt kylling med kartofler og svampesauce;ing_oestershatte;Østershatte;200;g
meny_T3Zuc3RlZ3Qga3l;Ovnstegt kylling med kartofler og svampesauce;ing_enoki;Enoki Svampe;;
meny_T3Zuc3RlZ3Qga3l;Ovnstegt kylling med kartofler og svampesauce;ing_meny_auto_141;smør;30;g
meny_T3Zuc3RlZ3Qga3l;Ovnstegt kylling med kartofler og svampesauce;ing_meny_auto_142;finthakkede skalotteløg;2;stk
meny_T3Zuc3RlZ3Qga3l;Ovnstegt kylling med kartofler og svampesauce;ing_meny_auto_144;markchampignoner brækket i mindre stykker;200;g
meny_T3Zuc3RlZ3Qga3l;Ovnstegt kylling med kartofler og svampesauce;ing_meny_auto_145;frisk timian;0.5;dl
meny_T3Zuc3RlZ3Qga3l;Ovnstegt kylling med kartofler og svampesauce;ing_meny_auto_146;fløde;3;dl
meny_R3JpbGxldCBzcGl;Grillet spidskål med urtesmør og parmesan;ing_extra_43;Salt;0.5;tsk
meny_R3JpbGxldCBzcGl;Grillet spidskål med urtesmør og parmesan;ing_extra_44;Sort Peber;0.5;tsk
meny_R3JpbGxldCBzcGl;Grillet spidskål med urtesmør og parmesan;ing_parmesan;Parmigiano Reggiano;2;dl
meny_R3JpbGxldCBzcGl;Grillet spidskål med urtesmør og parmesan;ing_extra_11;Hvidløg;1;fed
meny_R3JpbGxldCBzcGl;Grillet spidskål med urtesmør og parmesan;ing_spidskaal;Spidskål;1;stk
meny_R3JpbGxldCBzcGl;Grillet spidskål med urtesmør og parmesan;ing_extra_6;Citroner;1;stk
meny_R3JpbGxldCBzcGl;Grillet spidskål med urtesmør og parmesan;ing_frisk_chili;Frisk Chili;1;stk
meny_R3JpbGxldCBzcGl;Grillet spidskål med urtesmør og parmesan;ing_meny_auto_147;pinjekerne;1;dl
meny_R3JpbGxldCBzcGl;Grillet spidskål med urtesmør og parmesan;ing_meny_auto_148;smør;100;g
meny_R3JpbGxldCBzcGl;Grillet spidskål med urtesmør og parmesan;ing_meny_auto_149;revet parmigiano reggiano;2;dl
meny_R3JpbGxldCBzcGl;Grillet spidskål med urtesmør og parmesan;ing_meny_auto_150;håndfuld hakket persille eller oregano, kørvel;1;stk
meny_bWFkdMOmcnRlIG1;madtærte med cherrytomater ricotta og mozzarella;ing_extra_43;Salt;;
meny_bWFkdMOmcnRlIG1;madtærte med cherrytomater ricotta og mozzarella;ing_maelk;Mælk;1;dl
meny_bWFkdMOmcnRlIG1;madtærte med cherrytomater ricotta og mozzarella;ing_aeg;Æg;2;stk
meny_bWFkdMOmcnRlIG1;madtærte med cherrytomater ricotta og mozzarella;ing_parmesan;Parmigiano Reggiano;50;g
meny_bWFkdMOmcnRlIG1;madtærte med cherrytomater ricotta og mozzarella;ing_extra_1;Tomater (Danske);200;g
meny_bWFkdMOmcnRlIG1;madtærte med cherrytomater ricotta og mozzarella;ing_tomatsovs;Hakkede Tomater;75;g
meny_bWFkdMOmcnRlIG1;madtærte med cherrytomater ricotta og mozzarella;ing_tomat;Friske Tomater;200;g
meny_bWFkdMOmcnRlIG1;madtærte med cherrytomater ricotta og mozzarella;ing_meny_auto_151;tærtedej;1;pakke
meny_bWFkdMOmcnRlIG1;madtærte med cherrytomater ricotta og mozzarella;ing_meny_auto_152;sorte oliven uden sten;150;g
meny_bWFkdMOmcnRlIG1;madtærte med cherrytomater ricotta og mozzarella;ing_meny_auto_153;frisk basilikum;1;bundt
meny_bWFkdMOmcnRlIG1;madtærte med cherrytomater ricotta og mozzarella;ing_meny_auto_154;friske mozzarella oste;125;g
meny_bWFkdMOmcnRlIG1;madtærte med cherrytomater ricotta og mozzarella;ing_meny_auto_155;ricotta;150;g
meny_bWFkdMOmcnRlIG1;madtærte med cherrytomater ricotta og mozzarella;ing_meny_auto_156;parmigiano reggiano;50;g
meny_bWFkdMOmcnRlIG1;madtærte med cherrytomater ricotta og mozzarella;ing_meny_auto_157;smør;30;g
meny_QmFndCBrdWxsZXI;Bagt kuller med rosmarinkartofler;ing_bouillon;Bouillon;4;dl
meny_QmFndCBrdWxsZXI;Bagt kuller med rosmarinkartofler;ing_extra_43;Salt;;
meny_QmFndCBrdWxsZXI;Bagt kuller med rosmarinkartofler;ing_aeg;Æg;;
meny_QmFndCBrdWxsZXI;Bagt kuller med rosmarinkartofler;ing_loeg;Løg;2;stk
meny_QmFndCBrdWxsZXI;Bagt kuller med rosmarinkartofler;ing_extra_11;Hvidløg;2;stk
meny_QmFndCBrdWxsZXI;Bagt kuller med rosmarinkartofler;ing_meny_auto_158;kartoffel;1;kg
meny_QmFndCBrdWxsZXI;Bagt kuller med rosmarinkartofler;ing_meny_auto_159;frisk rosmarin;3;spsk
meny_QmFndCBrdWxsZXI;Bagt kuller med rosmarinkartofler;ing_meny_auto_160;fennikelfrø;1;spsk
meny_QmFndCBrdWxsZXI;Bagt kuller med rosmarinkartofler;ing_meny_auto_162;olivenolie;2;spsk
meny_QmFndCBrdWxsZXI;Bagt kuller med rosmarinkartofler;ing_meny_auto_163;blødt smør;50;g
meny_QmFndCBrdWxsZXI;Bagt kuller med rosmarinkartofler;ing_meny_auto_164;kullerfileter;500;g
meny_QmFndCBrdWxsZXI;Bagt kuller med rosmarinkartofler;ing_meny_auto_165;pankorasp;50;g
meny_QmFndCBob2trYWl;Bagt hokkaido fyldt med couscoussalat  ;ing_extra_43;Salt;1;stk
meny_QmFndCBob2trYWl;Bagt hokkaido fyldt med couscoussalat  ;ing_aeg;Æg;;
meny_QmFndCBob2trYWl;Bagt hokkaido fyldt med couscoussalat  ;ing_extra_6;Citroner;;
meny_QmFndCBob2trYWl;Bagt hokkaido fyldt med couscoussalat  ;ing_persille;Frisk Persille;1;stk
meny_QmFndCBob2trYWl;Bagt hokkaido fyldt med couscoussalat;ing_meny_auto_166;hokkaido græskar;2;stk
meny_QmFndCBob2trYWl;Bagt hokkaido fyldt med couscoussalat;ing_meny_auto_167;olivenolie;2;spsk
meny_QmFndCBob2trYWl;Bagt hokkaido fyldt med couscoussalat;ing_meny_auto_168;vand;1.5;dl
meny_QmFndCBob2trYWl;Bagt hokkaido fyldt med couscoussalat;ing_meny_auto_169;couscousgryn;1;dl
meny_QmFndCBob2trYWl;Bagt hokkaido fyldt med couscoussalat;ing_meny_auto_170;hvidkål;250;g
meny_QmFndCBob2trYWl;Bagt hokkaido fyldt med couscoussalat;ing_meny_auto_171;citronsaft;2;spsk
meny_QmFndCBob2trYWl;Bagt hokkaido fyldt med couscoussalat;ing_meny_auto_172;tranebær tørrede;50;g
meny_QmFndCBob2trYWl;Bagt hokkaido fyldt med couscoussalat;ing_meny_auto_173;aioli;4;spsk
meny_QmFndCBob2trYWl;Bagt hokkaido fyldt med couscoussalat;ing_meny_auto_174;økologisk creme fraiche 9%;4;spsk
meny_QnV0dGVyZGVqc3T;Butterdejstærte med brie, pære, rosmarin og honning;ing_extra_31;Olivenolie;1;spsk
meny_QnV0dGVyZGVqc3T;Butterdejstærte med brie, pære, rosmarin og honning;ing_extra_43;Salt;;
meny_QnV0dGVyZGVqc3T;Butterdejstærte med brie, pære, rosmarin og honning;ing_rosmarin;Frisk Rosmarin;1;stk
meny_QnV0dGVyZGVqc3T;Butterdejstærte med brie, pære, rosmarin og honning;ing_meny_auto_175;butterdej;0.5;pakke
meny_QnV0dGVyZGVqc3T;Butterdejstærte med brie, pære, rosmarin og honning;ing_meny_auto_176;Castello® økologisk brie;200;g
meny_QnV0dGVyZGVqc3T;Butterdejstærte med brie, pære, rosmarin og honning;ing_meny_auto_177;pære;1;stk
meny_QnV0dGVyZGVqc3T;Butterdejstærte med brie, pære, rosmarin og honning;ing_meny_auto_178;valnøddekerner;25;g
meny_QnV0dGVyZGVqc3T;Butterdejstærte med brie, pære, rosmarin og honning;ing_meny_auto_179;flydende honning;2;spsk
meny_QnV0dGVyZGVqc3T;Butterdejstærte med brie, pære, rosmarin og honning;ing_meny_auto_180;æg;1;stk
meny_SGVsc3RlZ3Qgb2t;Helstegt oksemørbrad med pommes anna, palmekålchips, blåbær og rødvinssauce;ing_extra_31;Olivenolie;1;spsk
meny_SGVsc3RlZ3Qgb2t;Helstegt oksemørbrad med pommes anna, palmekålchips, blåbær og rødvinssauce;ing_extra_43;Salt;0.5;tsk
meny_SGVsc3RlZ3Qgb2t;Helstegt oksemørbrad med pommes anna, palmekålchips, blåbær og rødvinssauce;ing_extra_44;Sort Peber;0.5;tsk
meny_SGVsc3RlZ3Qgb2t;Helstegt oksemørbrad med pommes anna, palmekålchips, blåbær og rødvinssauce;ing_rosmarin;Frisk Rosmarin;2;stk
meny_SGVsc3RlZ3Qgb2t;Helstegt oksemørbrad med pommes anna, palmekålchips, blåbær og rødvinssauce;ing_aeg;Æg;;
meny_SGVsc3RlZ3Qgb2t;Helstegt oksemørbrad med pommes anna, palmekålchips, blåbær og rødvinssauce;ing_extra_11;Hvidløg;3;fed
meny_SGVsc3RlZ3Qgb2t;Helstegt oksemørbrad med pommes anna, palmekålchips, blåbær og rødvinssauce;ing_extra_3;Kartofler;700;g
meny_SGVsc3RlZ3Qgb2t;Helstegt oksemørbrad med pommes anna, palmekålchips, blåbær og rødvinssauce;ing_meny_auto_181;oksemørbrad;600;g
meny_SGVsc3RlZ3Qgb2t;Helstegt oksemørbrad med pommes anna, palmekålchips, blåbær og rødvinssauce;ing_meny_auto_182;smør;50;g
meny_SGVsc3RlZ3Qgb2t;Helstegt oksemørbrad med pommes anna, palmekålchips, blåbær og rødvinssauce;ing_meny_auto_183;smør;100;g
meny_SGVsc3RlZ3Qgb2t;Helstegt oksemørbrad med pommes anna, palmekålchips, blåbær og rødvinssauce;ing_meny_auto_184;frisk timian;1;dl
meny_SGVsc3RlZ3Qgb2t;Helstegt oksemørbrad med pommes anna, palmekålchips, blåbær og rødvinssauce;ing_meny_auto_185;skalotteløg;2;stk
meny_SGVsc3RlZ3Qgb2t;Helstegt oksemørbrad med pommes anna, palmekålchips, blåbær og rødvinssauce;ing_meny_auto_186;rødvin;3;dl
meny_SGVsc3RlZ3Qgb2t;Helstegt oksemørbrad med pommes anna, palmekålchips, blåbær og rødvinssauce;ing_meny_auto_187;laurbærblade;2;stk
meny_SGVsc3RlZ3Qgb2t;Helstegt oksemørbrad med pommes anna, palmekålchips, blåbær og rødvinssauce;ing_meny_auto_188;timianblad;1;stilk
meny_SGVsc3RlZ3Qgb2t;Helstegt oksemørbrad med pommes anna, palmekålchips, blåbær og rødvinssauce;ing_meny_auto_189;koncentreret kalvefond;3;dl
meny_SGVsc3RlZ3Qgb2t;Helstegt oksemørbrad med pommes anna, palmekålchips, blåbær og rødvinssauce;ing_meny_auto_190;smør;1;spsk
meny_SGVsc3RlZ3Qgb2t;Helstegt oksemørbrad med pommes anna, palmekålchips, blåbær og rødvinssauce;ing_meny_auto_192;Pynt: 1 dl blåbær;;
meny_fixed_3_1781878444005;Kalveculotte med pocherede grøntsager og kapersmayonnaise;ing_extra_43;Salt;;
meny_fixed_3_1781878444005;Kalveculotte med pocherede grøntsager og kapersmayonnaise;ing_squash;Squash;1;stk
meny_fixed_3_1781878444005;Kalveculotte med pocherede grøntsager og kapersmayonnaise;ing_kalveculotte;Kalveculotte;900;g
meny_fixed_3_1781878444005;Kalveculotte med pocherede grøntsager og kapersmayonnaise;ing_fennikel;Fennikel;1;stk
meny_fixed_3_1781878444005;Kalveculotte med pocherede grøntsager og kapersmayonnaise;ing_mayonnaise;Mayonnaise;2;dl
meny_fixed_3_1781878444005;Kalveculotte med pocherede grøntsager og kapersmayonnaise;ing_kapers;Kapers;40;g
meny_fixed_3_1781878444005;Kalveculotte med pocherede grøntsager og kapersmayonnaise;ing_foraarssloeg;Forårsløg;8;stk
meny_fixed_3_1781878444005;Kalveculotte med pocherede grøntsager og kapersmayonnaise;ing_extra_4;Gulerødder;4;stk
meny_fixed_3_1781878444005;Kalveculotte med pocherede grøntsager og kapersmayonnaise;ing_rosmarin;Frisk Rosmarin;;
meny_fixed_3_1781878444005;Kalveculotte med pocherede grøntsager og kapersmayonnaise;ing_meny_auto_193;smør;20;g
meny_fixed_3_1781878444005;Kalveculotte med pocherede grøntsager og kapersmayonnaise;ing_meny_auto_194;vand;6;dl
meny_fixed_3_1781878444005;Kalveculotte med pocherede grøntsager og kapersmayonnaise;ing_meny_auto_195;løg i både;1;stk
meny_fixed_3_1781878444005;Kalveculotte med pocherede grøntsager og kapersmayonnaise;ing_meny_auto_196;laurbærblade;3;stk
meny_fixed_3_1781878444005;Kalveculotte med pocherede grøntsager og kapersmayonnaise;ing_meny_auto_197;smør;25;g
meny_fixed_3_1781878444005;Kalveculotte med pocherede grøntsager og kapersmayonnaise;ing_meny_auto_199;hvidvinseddike;3;spsk
meny_fixed_3_1781878444005;Kalveculotte med pocherede grøntsager og kapersmayonnaise;ing_meny_auto_200;grønne asparges;150;g
meny_fixed_3_1781878444005;Kalveculotte med pocherede grøntsager og kapersmayonnaise;ing_meny_auto_201;dijonsennep;1;tsk
meny_SW5kaXNrIGt5bGx;Indisk kyllingegryde med røde linser, perlebyg og creme fraiche;ing_extra_4;Gulerødder;2;stk
meny_SW5kaXNrIGt5bGx;Indisk kyllingegryde med røde linser, perlebyg og creme fraiche;ing_extra_31;Olivenolie;0.5;spsk
meny_SW5kaXNrIGt5bGx;Indisk kyllingegryde med røde linser, perlebyg og creme fraiche;ing_extra_43;Salt;0.5;tsk
meny_SW5kaXNrIGt5bGx;Indisk kyllingegryde med røde linser, perlebyg og creme fraiche;ing_extra_44;Sort Peber;0.5;tsk
meny_SW5kaXNrIGt5bGx;Indisk kyllingegryde med røde linser, perlebyg og creme fraiche;ing_extra_45;Paprika;1;tsk
meny_SW5kaXNrIGt5bGx;Indisk kyllingegryde med røde linser, perlebyg og creme fraiche;ing_kokosmaelk;Kokosmælk;380;g
meny_SW5kaXNrIGt5bGx;Indisk kyllingegryde med røde linser, perlebyg og creme fraiche;ing_tomatsovs;Hakkede Tomater;400;g
meny_SW5kaXNrIGt5bGx;Indisk kyllingegryde med røde linser, perlebyg og creme fraiche;ing_linser;Røde Linser;1.5;dl
meny_SW5kaXNrIGt5bGx;Indisk kyllingegryde med røde linser, perlebyg og creme fraiche;ing_cremefraiche;Creme Fraiche;1;dl
meny_SW5kaXNrIGt5bGx;Indisk kyllingegryde med røde linser, perlebyg og creme fraiche;ing_extra_11;Hvidløg;2;stk
meny_SW5kaXNrIGt5bGx;Indisk kyllingegryde med røde linser, perlebyg og creme fraiche;ing_extra_1;Tomater (Danske);400;g
meny_SW5kaXNrIGt5bGx;Indisk kyllingegryde med røde linser, perlebyg og creme fraiche;ing_extra_12;Frisk Ingefær;1;spsk
meny_SW5kaXNrIGt5bGx;Indisk kyllingegryde med røde linser, perlebyg og creme fraiche;ing_tomat;Friske Tomater;400;g
meny_SW5kaXNrIGt5bGx;Indisk kyllingegryde med røde linser, perlebyg og creme fraiche;ing_frisk_chili;Frisk Chili;1;stk
meny_SW5kaXNrIGt5bGx;Indisk kyllingegryde med røde linser, perlebyg og creme fraiche;ing_koriander;Frisk Koriander;2;dl
meny_SW5kaXNrIGt5bGx;Indisk kyllingegryde med røde linser, perlebyg og creme fraiche;ing_meny_auto_202;kyllingeinderfileter;500;g
meny_SW5kaXNrIGt5bGx;Indisk kyllingegryde med røde linser, perlebyg og creme fraiche;ing_meny_auto_204;smagsneutral olie;0.5;spsk
meny_SW5kaXNrIGt5bGx;Indisk kyllingegryde med røde linser, perlebyg og creme fraiche;ing_meny_auto_205;hønsebouillon;1;stk
meny_SW5kaXNrIGt5bGx;Indisk kyllingegryde med røde linser, perlebyg og creme fraiche;ing_meny_auto_206;Evt. lidt vand;;
meny_SW5kaXNrIGt5bGx;Indisk kyllingegryde med røde linser, perlebyg og creme fraiche;ing_meny_auto_207;perlebyg;3;dl
meny_SW5kaXNrIGt5bGx;Indisk kyllingegryde med røde linser, perlebyg og creme fraiche;ing_meny_auto_208;æbler;2;stk
meny_SW5kaXNrIGt5bGx;Indisk kyllingegryde med røde linser, perlebyg og creme fraiche;ing_meny_auto_209;lime;1;stk
meny_SW5kaXNrIGt5bGx;Indisk kyllingegryde med røde linser, perlebyg og creme fraiche;ing_meny_auto_210;cashewnød;1;dl
meny_fixed_2_1781878444005;Brændende kærlighed med linser;ing_extra_3;Kartofler;;
meny_fixed_2_1781878444005;Brændende kærlighed med linser;ing_extra_4;Gulerødder;2;stk
meny_fixed_2_1781878444005;Brændende kærlighed med linser;ing_extra_31;Olivenolie;2;spsk
meny_fixed_2_1781878444005;Brændende kærlighed med linser;ing_extra_43;Salt;;
meny_fixed_2_1781878444005;Brændende kærlighed med linser;ing_maelk;Mælk;3;dl
meny_fixed_2_1781878444005;Brændende kærlighed med linser;ing_vand;Koldt vand;1;stk
meny_fixed_2_1781878444005;Brændende kærlighed med linser;ing_loeg;Løg;3;stk
meny_fixed_2_1781878444005;Brændende kærlighed med linser;ing_meny_auto_211;kartoffel;1;kg
meny_fixed_2_1781878444005;Brændende kærlighed med linser;ing_meny_auto_212;smør;50;g
meny_fixed_2_1781878444005;Brændende kærlighed med linser;ing_meny_auto_213;knivspids revet muskatnød;1;stk
meny_fixed_2_1781878444005;Brændende kærlighed med linser;ing_meny_auto_214;smør;20;g
meny_fixed_2_1781878444005;Brændende kærlighed med linser;ing_meny_auto_216;kviste frisk timian;6;stk
meny_fixed_2_1781878444005;Brændende kærlighed med linser;ing_meny_auto_217;mørk balsamicoeddike;2;spsk
meny_fixed_2_1781878444005;Brændende kærlighed med linser;ing_meny_auto_218;syltet rødbede;;
meny_R3JpbGxldCBsYW0;Grillet lam med zhoug og tabouleh med majs og avocado;ing_extra_31;Olivenolie;3;spsk
meny_R3JpbGxldCBsYW0;Grillet lam med zhoug og tabouleh med majs og avocado;ing_extra_43;Salt;0.5;tsk
meny_R3JpbGxldCBsYW0;Grillet lam med zhoug og tabouleh med majs og avocado;ing_spidskommen;Spidskommen;0.5;tsk
meny_R3JpbGxldCBsYW0;Grillet lam med zhoug og tabouleh med majs og avocado;ing_avocado;Avocado;2;stk
meny_R3JpbGxldCBsYW0;Grillet lam med zhoug og tabouleh med majs og avocado;ing_extra_11;Hvidløg;1;fed
meny_R3JpbGxldCBsYW0;Grillet lam med zhoug og tabouleh med majs og avocado;ing_extra_6;Citroner;;
meny_R3JpbGxldCBsYW0;Grillet lam med zhoug og tabouleh med majs og avocado;ing_persille;Frisk Persille;1;stk
meny_R3JpbGxldCBsYW0;Grillet lam med zhoug og tabouleh med majs og avocado;ing_frisk_chili;Frisk Chili;1;stk
meny_R3JpbGxldCBsYW0;Grillet lam med zhoug og tabouleh med majs og avocado;ing_koriander;Frisk Koriander;1;stk
meny_R3JpbGxldCBsYW0;Grillet lam med zhoug og tabouleh med majs og avocado;ing_lammekoelle;Lammekølle (ca. 1,5 kg);;
meny_R3JpbGxldCBsYW0;Grillet lam med zhoug og tabouleh med majs og avocado;ing_meny_auto_219;vand;2.5;dl
meny_R3JpbGxldCBsYW0;Grillet lam med zhoug og tabouleh med majs og avocado;ing_meny_auto_220;couscousgryn;1.5;dl
meny_R3JpbGxldCBsYW0;Grillet lam med zhoug og tabouleh med majs og avocado;ing_meny_auto_221;cherrytomater;250;g
meny_R3JpbGxldCBsYW0;Grillet lam med zhoug og tabouleh med majs og avocado;ing_meny_auto_222;friske majskolber;2;stk
meny_R3JpbGxldCBsYW0;Grillet lam med zhoug og tabouleh med majs og avocado;ing_meny_auto_223;citronsaft;2;spsk
meny_R3JpbGxldCBsYW0;Grillet lam med zhoug og tabouleh med majs og avocado;ing_meny_auto_224;sort peber;0.5;tsk
meny_R3JpbGxldCBsYW0;Grillet lam med zhoug og tabouleh med majs og avocado;ing_meny_auto_225;lammeculotter;2;stk
meny_R3JpbGxldCBsYW0;Grillet lam med zhoug og tabouleh med majs og avocado;ing_meny_auto_227;stødt kardemomme;0.5;tsk
meny_R3JpbGxldCBsYW0;Grillet lam med zhoug og tabouleh med majs og avocado;ing_meny_auto_229;citronsaft;3;spsk
meny_R3JpbGxldCBsYW0;Grillet lam med zhoug og tabouleh med majs og avocado;ing_meny_auto_230;vand;0.5;dl
meny_R3JpbGxldCBsYW0;Grillet lam med zhoug og tabouleh med majs og avocado;ing_meny_auto_231;sort peber;0.5;tsk
meny_fixed_29_1781879414879;Jalapeño poppers med bacon og cheddar;ing_extra_45;Paprika;0.5;tsk
meny_fixed_29_1781879414879;Jalapeño poppers med bacon og cheddar;ing_bacon;Bacon i tern;100;g
meny_fixed_29_1781879414879;Jalapeño poppers med bacon og cheddar;ing_pancetta;Pancetta / Bacon i tern;100;g
meny_fixed_29_1781879414879;Jalapeño poppers med bacon og cheddar;ing_meny_auto_232;flødeost naturel;150;g
meny_fixed_29_1781879414879;Jalapeño poppers med bacon og cheddar;ing_meny_auto_233;revet Cheasy® cheddar;75;g
meny_fixed_29_1781879414879;Jalapeño poppers med bacon og cheddar;ing_meny_auto_234;finthakket purløg;2;spsk
meny_fixed_29_1781879414879;Jalapeño poppers med bacon og cheddar;ing_meny_auto_235;friske Santa Maria Green Jalapeño;12;stk
meny_fixed_29_1781879414879;Jalapeño poppers med bacon og cheddar;ing_meny_auto_236;rasp;2;spsk
meny_QnJhaXNlcmV0IGt;Braiseret kalvespidsbryst med urter;ing_extra_4;Gulerødder;2;stk
meny_QnJhaXNlcmV0IGt;Braiseret kalvespidsbryst med urter;ing_extra_43;Salt;1;spsk
meny_QnJhaXNlcmV0IGt;Braiseret kalvespidsbryst med urter;ing_extra_46;Oregano;0.5;dl
meny_QnJhaXNlcmV0IGt;Braiseret kalvespidsbryst med urter;ing_vand;Koldt vand;;
meny_QnJhaXNlcmV0IGt;Braiseret kalvespidsbryst med urter;ing_loeg;Løg;2;stk
meny_QnJhaXNlcmV0IGt;Braiseret kalvespidsbryst med urter;ing_extra_11;Hvidløg;2;stk
meny_QnJhaXNlcmV0IGt;Braiseret kalvespidsbryst med urter;ing_meny_auto_237;kalvespidsbryst;1;kg
meny_QnJhaXNlcmV0IGt;Braiseret kalvespidsbryst med urter;ing_meny_auto_238;smør til bruning;25;g
meny_QnJhaXNlcmV0IGt;Braiseret kalvespidsbryst med urter;ing_meny_auto_239;stilke bladselleri;3;stk
meny_QnJhaXNlcmV0IGt;Braiseret kalvespidsbryst med urter;ing_meny_auto_241;laurbærblade;2;stk
meny_QnJhaXNlcmV0IGt;Braiseret kalvespidsbryst med urter;ing_meny_auto_242;peberkorn;10;stk
meny_QnJhaXNlcmV0IGt;Braiseret kalvespidsbryst med urter;ing_meny_auto_243;rødvin;2;dl
meny_QnJhaXNlcmV0IGt;Braiseret kalvespidsbryst med urter;ing_meny_auto_244;hønsebouillon;4;dl
meny_QnJhaXNlcmV0IGt;Braiseret kalvespidsbryst med urter;ing_meny_auto_245;majsstivelse;2;spsk
meny_QnJhaXNlcmV0IGt;Braiseret kalvespidsbryst med urter;ing_meny_auto_246;stilke bladselleri;3;stk
meny_QnJhaXNlcmV0IGt;Braiseret kalvespidsbryst med urter;ing_meny_auto_247;rød peberfrugt;1;stk
meny_QnJhaXNlcmV0IGt;Braiseret kalvespidsbryst med urter;ing_meny_auto_248;gul peberfrugt;1;stk
meny_QnJhaXNlcmV0IGt;Braiseret kalvespidsbryst med urter;ing_meny_auto_249;friskkværnet peber;;
meny_fixed_0_1781879414874;Svampe-bønne stroganoff med filotopping;ing_extra_43;Salt;;
meny_fixed_0_1781879414874;Svampe-bønne stroganoff med filotopping;ing_extra_45;Paprika;2;tsk
meny_fixed_0_1781879414874;Svampe-bønne stroganoff med filotopping;ing_aeg;Æg;;
meny_fixed_0_1781879414874;Svampe-bønne stroganoff med filotopping;ing_soja;Sojasauce;2;spsk
meny_fixed_0_1781879414874;Svampe-bønne stroganoff med filotopping;ing_loeg;Løg;1;fed
meny_fixed_0_1781879414874;Svampe-bønne stroganoff med filotopping;ing_oestershatte;Østershatte;;
meny_fixed_0_1781879414874;Svampe-bønne stroganoff med filotopping;ing_enoki;Enoki Svampe;400;g
meny_fixed_0_1781879414874;Svampe-bønne stroganoff med filotopping;ing_meny_auto_251;olivenolie;2;spsk
meny_fixed_0_1781879414874;Svampe-bønne stroganoff med filotopping;ing_meny_auto_252;frisk timian;2;spsk
meny_fixed_0_1781879414874;Svampe-bønne stroganoff med filotopping;ing_meny_auto_253;dåser sorte bønner;2;stk
meny_fixed_0_1781879414874;Svampe-bønne stroganoff med filotopping;ing_meny_auto_254;koncentreret tomatpuré;1;spsk
meny_fixed_0_1781879414874;Svampe-bønne stroganoff med filotopping;ing_meny_auto_255;piskefløde;2;dl
meny_fixed_0_1781879414874;Svampe-bønne stroganoff med filotopping;ing_meny_auto_256;majsstivelse;2;spsk
meny_fixed_0_1781879414874;Svampe-bønne stroganoff med filotopping;ing_meny_auto_257;ark filodej;4;stk
meny_fixed_0_1781879414874;Svampe-bønne stroganoff med filotopping;ing_meny_auto_258;smeltet smør;25;g
meny_VGFjb3MgbWVkIGd;Tacos med grillet laks, spidskålsalat og avocado;ing_avocado;Avocado;2;stk
meny_VGFjb3MgbWVkIGd;Tacos med grillet laks, spidskålsalat og avocado;ing_cremefraiche;Creme Fraiche;150;g
meny_VGFjb3MgbWVkIGd;Tacos med grillet laks, spidskålsalat og avocado;ing_koriander;Frisk Koriander;1;stk
meny_VGFjb3MgbWVkIGd;Tacos med grillet laks, spidskålsalat og avocado;ing_laks;Laksefileter;300;g
meny_VGFjb3MgbWVkIGd;Tacos med grillet laks, spidskålsalat og avocado;ing_meny_auto_259;laksefileter;300;g
meny_VGFjb3MgbWVkIGd;Tacos med grillet laks, spidskålsalat og avocado;ing_meny_auto_260;olivenolie;1;spsk
meny_VGFjb3MgbWVkIGd;Tacos med grillet laks, spidskålsalat og avocado;ing_meny_auto_261;tacokrydderi el. texmex blanding;1;spsk
meny_VGFjb3MgbWVkIGd;Tacos med grillet laks, spidskålsalat og avocado;ing_meny_auto_262;spidskål;150;g
meny_VGFjb3MgbWVkIGd;Tacos med grillet laks, spidskålsalat og avocado;ing_meny_auto_263;Saft af 0.5 lime;;
meny_VGFjb3MgbWVkIGd;Tacos med grillet laks, spidskålsalat og avocado;ing_meny_auto_264;chiliflage;1;spsk
meny_VGFjb3MgbWVkIGd;Tacos med grillet laks, spidskålsalat og avocado;ing_meny_auto_265;lille tortilla;;
meny_VGFjb3MgbWVkIGd;Tacos med grillet laks, spidskålsalat og avocado;ing_meny_auto_266;limebåde;4;stk
meny_Qm9sbGVyIG1lZCB;Boller med frysetørret hindbær og græskarkerner;ing_extra_43;Salt;1;tsk
meny_Qm9sbGVyIG1lZCB;Boller med frysetørret hindbær og græskarkerner;ing_extra_30;Sukker;1;tsk
meny_Qm9sbGVyIG1lZCB;Boller med frysetørret hindbær og græskarkerner;ing_meny_auto_267;gær;50;g
meny_Qm9sbGVyIG1lZCB;Boller med frysetørret hindbær og græskarkerner;ing_meny_auto_268;lunken sødmælk;5;dl
meny_Qm9sbGVyIG1lZCB;Boller med frysetørret hindbær og græskarkerner;ing_meny_auto_269;smeltet smør;50;g
meny_Qm9sbGVyIG1lZCB;Boller med frysetørret hindbær og græskarkerner;ing_meny_auto_270;frysetørrede hindbær;3;spsk
meny_Qm9sbGVyIG1lZCB;Boller med frysetørret hindbær og græskarkerner;ing_meny_auto_271;hakket græskarkerner;1;dl
meny_Qm9sbGVyIG1lZCB;Boller med frysetørret hindbær og græskarkerner;ing_meny_auto_272;hvedemel;750;g
meny_Qm9sbGVyIG1lZCB;Boller med frysetørret hindbær og græskarkerner;ing_meny_auto_273;sammenpisket æg til pensling;1;stk
meny_Q8Omc2Fyc2FsYXQ;Cæsarsalat med ristet blomkål og croutoner ;ing_extra_31;Olivenolie;2;spsk
meny_Q8Omc2Fyc2FsYXQ;Cæsarsalat med ristet blomkål og croutoner ;ing_extra_43;Salt;;
meny_Q8Omc2Fyc2FsYXQ;Cæsarsalat med ristet blomkål og croutoner ;ing_extra_45;Paprika;1;tsk
meny_Q8Omc2Fyc2FsYXQ;Cæsarsalat med ristet blomkål og croutoner ;ing_parmesan;Parmesan;;
meny_Q8Omc2Fyc2FsYXQ;Cæsarsalat med ristet blomkål og croutoner ;ing_mayonnaise;Mayonnaise;75;g
meny_Q8Omc2Fyc2FsYXQ;Cæsarsalat med ristet blomkål og croutoner ;ing_extra_11;Hvidløg;1;fed
meny_Q8Omc2Fyc2FsYXQ;Cæsarsalat med ristet blomkål og croutoner ;ing_extra_1;Tomater (Danske);250;g
meny_Q8Omc2Fyc2FsYXQ;Cæsarsalat med ristet blomkål og croutoner ;ing_extra_6;Citroner;;
meny_Q8Omc2Fyc2FsYXQ;Cæsarsalat med ristet blomkål og croutoner ;ing_extra_8;Iceberg Salat;;
meny_Q8Omc2Fyc2FsYXQ;Cæsarsalat med ristet blomkål og croutoner ;ing_tomatsovs;Hakkede Tomater;;
meny_Q8Omc2Fyc2FsYXQ;Cæsarsalat med ristet blomkål og croutoner ;ing_salat_mix;Blandet salat;;
meny_Q8Omc2Fyc2FsYXQ;Cæsarsalat med ristet blomkål og croutoner ;ing_salatblanding;Skåret Salatblanding;;
meny_Q8Omc2Fyc2FsYXQ;Cæsarsalat med ristet blomkål og croutoner ;ing_tomat;Friske Tomater;250;g
meny_Q8Omc2Fyc2FsYXQ;Cæsarsalat med ristet blomkål og croutoner;ing_meny_auto_274;blomkål;500;g
meny_Q8Omc2Fyc2FsYXQ;Cæsarsalat med ristet blomkål og croutoner;ing_meny_auto_275;sort peber;;
meny_Q8Omc2Fyc2FsYXQ;Cæsarsalat med ristet blomkål og croutoner;ing_meny_auto_276;daggammelt hvedebrød f.eks. ciabatta;150;g
meny_Q8Omc2Fyc2FsYXQ;Cæsarsalat med ristet blomkål og croutoner;ing_meny_auto_277;romainesalat;1;stk
meny_Q8Omc2Fyc2FsYXQ;Cæsarsalat med ristet blomkål og croutoner;ing_meny_auto_278;ansjosfileter;2;stk
meny_Q8Omc2Fyc2FsYXQ;Cæsarsalat med ristet blomkål og croutoner;ing_meny_auto_279;dijonsennep;1;tsk
meny_Q8Omc2Fyc2FsYXQ;Cæsarsalat med ristet blomkål og croutoner;ing_meny_auto_280;friskpresset citronsaft;2;spsk
meny_Q8Omc2Fyc2FsYXQ;Cæsarsalat med ristet blomkål og croutoner;ing_meny_auto_281;engelsk sauce;2;tsk
meny_Q8Omc2Fyc2FsYXQ;Cæsarsalat med ristet blomkål og croutoner;ing_meny_auto_282;fintrevet parmigiano reggiano;20;g
meny_Q8Omc2Fyc2FsYXQ;Cæsarsalat med ristet blomkål og croutoner;ing_meny_auto_283;vand;;
meny_Q8Omc2Fyc2FsYXQ;Cæsarsalat med ristet blomkål og croutoner;ing_meny_auto_284;sort peber;;
meny_SGluZGLDpnIga2F;Hindbær kage;ing_extra_30;Sukker;3;dl
meny_SGluZGLDpnIga2F;Hindbær kage;ing_bagepulver;Bagepulver;1.5;tsk
meny_SGluZGLDpnIga2F;Hindbær kage;ing_meny_auto_285;æg;3;stk
meny_SGluZGLDpnIga2F;Hindbær kage;ing_meny_auto_286;vaniljestang;1;stk
meny_SGluZGLDpnIga2F;Hindbær kage;ing_meny_auto_287;hvedemel;3;dl
meny_SGluZGLDpnIga2F;Hindbær kage;ing_meny_auto_288;smør;100;spsk
meny_SGluZGLDpnIga2F;Hindbær kage;ing_meny_auto_289;friske hindbær;400;g
meny_SGluZGLDpnIga2F;Hindbær kage;ing_meny_auto_290;revet marcipan;50;g
meny_SGluZGLDpnIga2F;Hindbær kage;ing_meny_auto_291;hakkede mandler;50;g
meny_SGluZGLDpnIga2F;Hindbær kage;ing_meny_auto_292;pynt: hindbær &;;
meny_SGluZGLDpnIga2F;Hindbær kage;ing_meny_auto_293;mynte;;
meny_SGluZGLDpnIga2F;Hindbær kage;ing_meny_auto_294;kvark, 0,3% rørt op med;2;dl
meny_SGluZGLDpnIga2F;Hindbær kage;ing_meny_auto_295;lidt citron;;
meny_SGluZGLDpnIga2F;Hindbær kage;ing_meny_auto_297;flormelis;;
meny_fixed_4_1781879414875;Mormors vintertarteletter;ing_extra_4;Gulerødder;2;stk
meny_fixed_4_1781879414875;Mormors vintertarteletter;ing_extra_5;Porrer;1;stk
meny_fixed_4_1781879414875;Mormors vintertarteletter;ing_extra_43;Salt;;
meny_fixed_4_1781879414875;Mormors vintertarteletter;ing_meny_auto_298;kylling;1;stk
meny_fixed_4_1781879414875;Mormors vintertarteletter;ing_meny_auto_299;vand;1;liter
meny_fixed_4_1781879414875;Mormors vintertarteletter;ing_meny_auto_300;løg;1;stk
meny_fixed_4_1781879414875;Mormors vintertarteletter;ing_meny_auto_301;smør;50;g
meny_fixed_4_1781879414875;Mormors vintertarteletter;ing_meny_auto_302;hvedemel;3;spsk
meny_fixed_4_1781879414875;Mormors vintertarteletter;ing_meny_auto_303;piskefløde;1;dl
meny_fixed_4_1781879414875;Mormors vintertarteletter;ing_meny_auto_304;hønsekødssuppe;4;dl
meny_fixed_4_1781879414875;Mormors vintertarteletter;ing_meny_auto_305;kruspersille;1;dl
meny_fixed_4_1781879414875;Mormors vintertarteletter;ing_meny_auto_306;tilbehør: lune tartelet;;
meny_fixed_5_1781879414875;Tærte med rødbede, gedeost og rødløg;ing_ris;Ris;;
meny_fixed_5_1781879414875;Tærte med rødbede, gedeost og rødløg;ing_extra_31;Olivenolie;1;spsk
meny_fixed_5_1781879414875;Tærte med rødbede, gedeost og rødløg;ing_extra_43;Salt;1;tsk
meny_fixed_5_1781879414875;Tærte med rødbede, gedeost og rødløg;ing_aeg;Æg;1;stk
meny_fixed_5_1781879414875;Tærte med rødbede, gedeost og rødløg;ing_cremefraiche;Creme Fraiche;100;g
meny_fixed_5_1781879414875;Tærte med rødbede, gedeost og rødløg;ing_meny_auto_307;hvedemel;150;g
meny_fixed_5_1781879414875;Tærte med rødbede, gedeost og rødløg;ing_meny_auto_308;ølandshvedemel;50;g
meny_fixed_5_1781879414875;Tærte med rødbede, gedeost og rødløg;ing_meny_auto_309;koldt smør skåret i tern. + 1tsk. til formen;100;g
meny_fixed_5_1781879414875;Tærte med rødbede, gedeost og rødløg;ing_meny_auto_310;koldt vand;1;spsk
meny_fixed_5_1781879414875;Tærte med rødbede, gedeost og rødløg;ing_meny_auto_311;rødbeder;400;g
meny_fixed_5_1781879414875;Tærte med rødbede, gedeost og rødløg;ing_meny_auto_312;små rødløg;3;stk
meny_fixed_5_1781879414875;Tærte med rødbede, gedeost og rødløg;ing_meny_auto_314;friske gedeoste;75;g
meny_fixed_5_1781879414875;Tærte med rødbede, gedeost og rødløg;ing_meny_auto_315;frisk timian;2;spsk
meny_fixed_5_1781879414875;Tærte med rødbede, gedeost og rødløg;ing_meny_auto_317;piskefløde;1;dl
meny_fixed_5_1781879414875;Tærte med rødbede, gedeost og rødløg;ing_meny_auto_318;dijonsennep;2;spsk
meny_SGFzc2VsYmFjayB;Hasselback kylling med rød pesto og sauteret grønt;ing_kyllingebryst;Kyllingebryst;4;stk
meny_SGFzc2VsYmFjayB;Hasselback kylling med rød pesto og sauteret grønt;ing_aeg;Æg;;
meny_SGFzc2VsYmFjayB;Hasselback kylling med rød pesto og sauteret grønt;ing_extra_11;Hvidløg;1;fed
meny_SGFzc2VsYmFjayB;Hasselback kylling med rød pesto og sauteret grønt;ing_hel_kylling;Hel kylling;;
meny_SGFzc2VsYmFjayB;Hasselback kylling med rød pesto og sauteret grønt;ing_meny_auto_319;rød pesto;100;g
meny_SGFzc2VsYmFjayB;Hasselback kylling med rød pesto og sauteret grønt;ing_meny_auto_320;haricots verts;150;g
meny_SGFzc2VsYmFjayB;Hasselback kylling med rød pesto og sauteret grønt;ing_meny_auto_321;hvidkål;300;g
meny_SGFzc2VsYmFjayB;Hasselback kylling med rød pesto og sauteret grønt;ing_meny_auto_322;olivenolie;1;spsk
meny_SGFzc2VsYmFjayB;Hasselback kylling med rød pesto og sauteret grønt;ing_meny_auto_323;edamamebønner;200;g
meny_SGFzc2VsYmFjayB;Hasselback kylling med rød pesto og sauteret grønt;ing_meny_auto_324;sorte oliven;75;g
meny_fixed_12_1781879414876;Broccolipesto med sprøde rugbrødschips;ing_extra_43;Salt;1;tsk
meny_fixed_12_1781879414876;Broccolipesto med sprøde rugbrødschips;ing_pasta;Pasta;;
meny_fixed_12_1781879414876;Broccolipesto med sprøde rugbrødschips;ing_broccoli;Broccoli;250;g
meny_fixed_12_1781879414876;Broccolipesto med sprøde rugbrødschips;ing_hasselnoedder;Hasselnødder;50;g
meny_fixed_12_1781879414876;Broccolipesto med sprøde rugbrødschips;ing_rugbroedschips;Rugbrødschips;100;g
meny_fixed_12_1781879414876;Broccolipesto med sprøde rugbrødschips;ing_extra_11;Hvidløg;1;fed
meny_fixed_12_1781879414876;Broccolipesto med sprøde rugbrødschips;ing_extra_6;Citroner;;
meny_fixed_12_1781879414876;Broccolipesto med sprøde rugbrødschips;ing_extra_8;Iceberg Salat;;
meny_fixed_12_1781879414876;Broccolipesto med sprøde rugbrødschips;ing_persille;Frisk Persille;1;dl
meny_fixed_12_1781879414876;Broccolipesto med sprøde rugbrødschips;ing_salat_mix;Blandet salat;;
meny_fixed_12_1781879414876;Broccolipesto med sprøde rugbrødschips;ing_salatblanding;Skåret Salatblanding;;
meny_fixed_12_1781879414876;Broccolipesto med sprøde rugbrødschips;ing_frisk_chili;Frisk Chili;1;tsk
meny_fixed_12_1781879414876;Broccolipesto med sprøde rugbrødschips;ing_meny_auto_325;vand;0.5;dl
meny_fixed_12_1781879414876;Broccolipesto med sprøde rugbrødschips;ing_meny_auto_326;friskpresset citronsaft;2;spsk
meny_fixed_12_1781879414876;Broccolipesto med sprøde rugbrødschips;ing_meny_auto_327;olivenolie;1;dl
meny_R3LDpnNrLWluc3B;Græsk-inspireret lammekølle;ing_extra_3;Kartofler;;
meny_R3LDpnNrLWluc3B;Græsk-inspireret lammekølle;ing_extra_31;Olivenolie;2;spsk
meny_R3LDpnNrLWluc3B;Græsk-inspireret lammekølle;ing_extra_43;Salt;1;tsk
meny_R3LDpnNrLWluc3B;Græsk-inspireret lammekølle;ing_extra_46;Oregano;2;tsk
meny_R3LDpnNrLWluc3B;Græsk-inspireret lammekølle;ing_aeg;Æg;;
meny_R3LDpnNrLWluc3B;Græsk-inspireret lammekølle;ing_extra_11;Hvidløg;4;fed
meny_R3LDpnNrLWluc3B;Græsk-inspireret lammekølle;ing_extra_1;Tomater (Danske);;
meny_R3LDpnNrLWluc3B;Græsk-inspireret lammekølle;ing_extra_6;Citroner;;
meny_R3LDpnNrLWluc3B;Græsk-inspireret lammekølle;ing_tomatsovs;Hakkede Tomater;;
meny_R3LDpnNrLWluc3B;Græsk-inspireret lammekølle;ing_tomat;Friske Tomater;;
meny_R3LDpnNrLWluc3B;Græsk-inspireret lammekølle;ing_lammekoelle;Lammekølle (ca. 1,5 kg);1.5;kg
meny_R3LDpnNrLWluc3B;Græsk-inspireret lammekølle;ing_meny_auto_328;knust laurbærblad;1;stk
meny_R3LDpnNrLWluc3B;Græsk-inspireret lammekølle;ing_meny_auto_329;citronskal;0.5;stk
meny_R3LDpnNrLWluc3B;Græsk-inspireret lammekølle;ing_meny_auto_330;friskkværnet peber;;
meny_fixed_23_1781879414878;Ramen med smilende æg, boghvedenudler og sprød topping;ing_extra_4;Gulerødder;;
meny_fixed_23_1781879414878;Ramen med smilende æg, boghvedenudler og sprød topping;ing_soja;Sojasauce;4;spsk
meny_fixed_23_1781879414878;Ramen med smilende æg, boghvedenudler og sprød topping;ing_boennespirer;Bønnespirer;80;g
meny_fixed_23_1781879414878;Ramen med smilende æg, boghvedenudler og sprød topping;ing_koriander;Frisk Koriander;;
meny_fixed_23_1781879414878;Ramen med smilende æg, boghvedenudler og sprød topping;ing_vand;Koldt vand;;
meny_fixed_23_1781879414878;Ramen med smilende æg, boghvedenudler og sprød topping;ing_spidskaal;Spidskål;100;g
meny_fixed_23_1781879414878;Ramen med smilende æg, boghvedenudler og sprød topping;ing_frisk_chili;Frisk Chili;1;stk
meny_fixed_23_1781879414878;Ramen med smilende æg, boghvedenudler og sprød topping;ing_enoki;Enokisvampe;100;g
meny_fixed_23_1781879414878;Ramen med smilende æg, boghvedenudler og sprød topping;ing_meny_auto_331;æg;4;stk
meny_fixed_23_1781879414878;Ramen med smilende æg, boghvedenudler og sprød topping;ing_meny_auto_332;boghvede nudler;400;g
meny_fixed_23_1781879414878;Ramen med smilende æg, boghvedenudler og sprød topping;ing_meny_auto_333;grøntsagsbouillon;1;liter
meny_fixed_23_1781879414878;Ramen med smilende æg, boghvedenudler og sprød topping;ing_meny_auto_334;fløde;2;dl
meny_fixed_23_1781879414878;Ramen med smilende æg, boghvedenudler og sprød topping;ing_meny_auto_335;østershatte;100;g
meny_fixed_23_1781879414878;Ramen med smilende æg, boghvedenudler og sprød topping;ing_meny_auto_336;lidt olie til stegning;;
meny_fixed_23_1781879414878;Ramen med smilende æg, boghvedenudler og sprød topping;ing_meny_auto_338;ristede sesamfrø;;
meny_fixed_23_1781879414878;Ramen med smilende æg, boghvedenudler og sprød topping;ing_meny_auto_339;friskkværnet peber;;
meny_fixed_1_1781878444004;Langtidsstegt lammekølle med rosmarin & rodfrugter;ing_extra_3;Kartofler;;
meny_fixed_1_1781878444004;Langtidsstegt lammekølle med rosmarin & rodfrugter;ing_extra_31;Olivenolie;2;dl
meny_fixed_1_1781878444004;Langtidsstegt lammekølle med rosmarin & rodfrugter;ing_extra_43;Salt;;
meny_fixed_1_1781878444004;Langtidsstegt lammekølle med rosmarin & rodfrugter;ing_aeg;Æg;;
meny_fixed_1_1781878444004;Langtidsstegt lammekølle med rosmarin & rodfrugter;ing_loeg;Løg;4;fed
meny_fixed_1_1781878444004;Langtidsstegt lammekølle med rosmarin & rodfrugter;ing_extra_11;Hvidløg;4;fed
meny_fixed_1_1781878444004;Langtidsstegt lammekølle med rosmarin & rodfrugter;ing_extra_6;Citroner;;
meny_fixed_1_1781878444004;Langtidsstegt lammekølle med rosmarin & rodfrugter;ing_rosmarin;Frisk Rosmarin;2;stk
meny_fixed_1_1781878444004;Langtidsstegt lammekølle med rosmarin & rodfrugter;ing_lammekoelle;Lammekølle (ca. 1,5 kg);1;stk
meny_fixed_1_1781878444004;Langtidsstegt lammekølle med rosmarin & rodfrugter;ing_meny_auto_340;friskkværnet peber;;
meny_fixed_1_1781878444004;Langtidsstegt lammekølle med rosmarin & rodfrugter;ing_meny_auto_341;kartoffel;1;kg
meny_fixed_1_1781878444004;Langtidsstegt lammekølle med rosmarin & rodfrugter;ing_meny_auto_343;gulerødder;4;stk
meny_fixed_1_1781878444004;Langtidsstegt lammekølle med rosmarin & rodfrugter;ing_meny_auto_344;persillerod;1;stk
meny_fixed_1_1781878444004;Langtidsstegt lammekølle med rosmarin & rodfrugter;ing_meny_auto_345;hvidvin;2;dl
meny_fixed_1_1781878444004;Langtidsstegt lammekølle med rosmarin & rodfrugter;ing_meny_auto_346;Arla Karolines Køkken® Madlavningsfløde 15%;2;dl
meny_SGluZGLDpnJjaGV;Hindbærcheesecake;ing_aeg;Æg;;
meny_SGluZGLDpnJjaGV;Hindbærcheesecake;ing_extra_30;Sukker;50;g
meny_SGluZGLDpnJjaGV;Hindbærcheesecake;ing_vand;Koldt vand;;
meny_SGluZGLDpnJjaGV;Hindbærcheesecake;ing_extra_6;Citroner;;
meny_SGluZGLDpnJjaGV;Hindbærcheesecake;ing_meny_auto_347;hindbær;250;g
meny_SGluZGLDpnJjaGV;Hindbærcheesecake;ing_meny_auto_348;digestive kiks;150;g
meny_SGluZGLDpnJjaGV;Hindbærcheesecake;ing_meny_auto_349;smør;75;g
meny_SGluZGLDpnJjaGV;Hindbærcheesecake;ing_meny_auto_350;husblas;3;blade
meny_SGluZGLDpnJjaGV;Hindbærcheesecake;ing_meny_auto_351;vaniljestang;1;stk
meny_SGluZGLDpnJjaGV;Hindbærcheesecake;ing_meny_auto_352;flødeost naturel;200;g
meny_SGluZGLDpnJjaGV;Hindbærcheesecake;ing_meny_auto_353;græsk inspireret yoghurt;150;g
meny_SGluZGLDpnJjaGV;Hindbærcheesecake;ing_meny_auto_354;flormelis;40;g
meny_SGluZGLDpnJjaGV;Hindbærcheesecake;ing_meny_auto_355;citronsaft;2;spsk
meny_SGluZGLDpnJjaGV;Hindbærcheesecake;ing_meny_auto_356;piskefløde;2.5;dl
meny_SGluZGLDpnJjaGV;Hindbærcheesecake;ing_meny_auto_357;marengs kys;8;stk
meny_fixed_7_1781879414875;Bagt kartoffel med linsechili, korianderdressing og ost;ing_extra_4;Gulerod;1;stk
meny_fixed_7_1781879414875;Bagt kartoffel med linsechili, korianderdressing og ost;ing_extra_43;Salt;1;stk
meny_fixed_7_1781879414875;Bagt kartoffel med linsechili, korianderdressing og ost;ing_extra_45;Paprika;1;tsk
meny_fixed_7_1781879414875;Bagt kartoffel med linsechili, korianderdressing og ost;ing_spidskommen;Spidskommen;1;tsk
meny_fixed_7_1781879414875;Bagt kartoffel med linsechili, korianderdressing og ost;ing_ost;Revet Ost;150;g
meny_fixed_7_1781879414875;Bagt kartoffel med linsechili, korianderdressing og ost;ing_loeg;Løg;1;stk
meny_fixed_7_1781879414875;Bagt kartoffel med linsechili, korianderdressing og ost;ing_extra_11;Hvidløg;1;stk
meny_fixed_7_1781879414875;Bagt kartoffel med linsechili, korianderdressing og ost;ing_extra_3;Kartofler;4;stk
meny_fixed_7_1781879414875;Bagt kartoffel med linsechili, korianderdressing og ost;ing_frisk_chili;Frisk Chili;1;stk
meny_fixed_7_1781879414875;Bagt kartoffel med linsechili, korianderdressing og ost;ing_koriander;Frisk Koriander;1;stk
meny_fixed_7_1781879414875;Bagt kartoffel med linsechili, korianderdressing og ost;ing_meny_auto_359;gulerod;1;stk
meny_fixed_7_1781879414875;Bagt kartoffel med linsechili, korianderdressing og ost;ing_meny_auto_360;olivenolie;1;spsk
meny_fixed_7_1781879414875;Bagt kartoffel med linsechili, korianderdressing og ost;ing_meny_auto_362;koncentreret tomatpuré;2;spsk
meny_fixed_7_1781879414875;Bagt kartoffel med linsechili, korianderdressing og ost;ing_meny_auto_363;vand;4;dl
meny_fixed_7_1781879414875;Bagt kartoffel med linsechili, korianderdressing og ost;ing_meny_auto_364;tørrede røde linser;150;g
meny_fixed_7_1781879414875;Bagt kartoffel med linsechili, korianderdressing og ost;ing_meny_auto_365;økologisk creme fraiche 9%;2;dl
meny_fixed_9_1781879414876;Gulerodsboller;ing_extra_4;Gulerødder;4;stk
meny_Q3Vsb3R0ZXN0ZWc;Culottesteg med cajun rub og spicy grillet majs;ing_extra_31;Olivenolie;2;spsk
meny_Q3Vsb3R0ZXN0ZWc;Culottesteg med cajun rub og spicy grillet majs;ing_extra_43;Salt;;
meny_Q3Vsb3R0ZXN0ZWc;Culottesteg med cajun rub og spicy grillet majs;ing_extra_45;Paprika;1;tsk
meny_Q3Vsb3R0ZXN0ZWc;Culottesteg med cajun rub og spicy grillet majs;ing_extra_46;Oregano;1;tsk
meny_Q3Vsb3R0ZXN0ZWc;Culottesteg med cajun rub og spicy grillet majs;ing_spidskommen;Spidskommen;1;tsk
meny_Q3Vsb3R0ZXN0ZWc;Culottesteg med cajun rub og spicy grillet majs;ing_extra_11;Hvidløg;1;fed
meny_Q3Vsb3R0ZXN0ZWc;Culottesteg med cajun rub og spicy grillet majs;ing_koriander;Frisk Koriander;1;stk
meny_Q3Vsb3R0ZXN0ZWc;Culottesteg med cajun rub og spicy grillet majs;ing_meny_auto_366;oksecuvette;1;stk
meny_Q3Vsb3R0ZXN0ZWc;Culottesteg med cajun rub og spicy grillet majs;ing_meny_auto_367;majskolber;4;stk
meny_Q3Vsb3R0ZXN0ZWc;Culottesteg med cajun rub og spicy grillet majs;ing_meny_auto_368;smør;100;g
meny_Q3Vsb3R0ZXN0ZWc;Culottesteg med cajun rub og spicy grillet majs;ing_meny_auto_370;chiliflage;1;tsk
meny_Q3Vsb3R0ZXN0ZWc;Culottesteg med cajun rub og spicy grillet majs;ing_meny_auto_371;limeskal;1;stk
meny_SHZpZCB2YXJtIGN;Hvid varm chokolade med ristet kokos;ing_maelk;Mælk;1;liter
meny_SHZpZCB2YXJtIGN;Hvid varm chokolade med ristet kokos;ing_vanilje;Vaniljesukker;1;tsk
meny_SHZpZCB2YXJtIGN;Hvid varm chokolade med ristet kokos;ing_meny_auto_372;kokosmel;2;spsk
meny_SHZpZCB2YXJtIGN;Hvid varm chokolade med ristet kokos;ing_meny_auto_373;Arla Karolines Køkken® Piskefløde 38%;1.5;dl
meny_SHZpZCB2YXJtIGN;Hvid varm chokolade med ristet kokos;ing_meny_auto_374;hvid chokolade;150;g
meny_QnV0dGVyZGVqc3N;Butterdejssnegle med Jarlsberg® og rosmarin;ing_extra_38;Kanelsnegle;;
meny_QnV0dGVyZGVqc3N;Butterdejssnegle med Jarlsberg® og rosmarin;ing_extra_43;Salt;;
meny_QnV0dGVyZGVqc3N;Butterdejssnegle med Jarlsberg® og rosmarin;ing_aeg;Æg;;
meny_QnV0dGVyZGVqc3N;Butterdejssnegle med Jarlsberg® og rosmarin;ing_rosmarin;Frisk Rosmarin;1;stk
meny_QnV0dGVyZGVqc3N;Butterdejssnegle med Jarlsberg® og rosmarin;ing_meny_auto_375;plade butterdej;1;stk
meny_QnV0dGVyZGVqc3N;Butterdejssnegle med Jarlsberg® og rosmarin;ing_meny_auto_376;Jarlsberg® Revet;1;dl
meny_R3JpbGxlZGUgdG9;Grillede tortillas med krydrede kødboller, creme fraiche og rødløg;ing_extra_15;Hakket Grise- og Kalvekoed;400;g
meny_R3JpbGxlZGUgdG9;Grillede tortillas med krydrede kødboller, creme fraiche og rødløg;ing_extra_43;Salt;1;tsk
meny_R3JpbGxlZGUgdG9;Grillede tortillas med krydrede kødboller, creme fraiche og rødløg;ing_maelk;Mælk;0.5;dl
meny_R3JpbGxlZGUgdG9;Grillede tortillas med krydrede kødboller, creme fraiche og rødløg;ing_spidskommen;Spidskommen;1;tsk
meny_R3JpbGxlZGUgdG9;Grillede tortillas med krydrede kødboller, creme fraiche og rødløg;ing_tortillas;Tortillas;;
meny_R3JpbGxlZGUgdG9;Grillede tortillas med krydrede kødboller, creme fraiche og rødløg;ing_cremefraiche;Creme Fraiche;4;spsk
meny_R3JpbGxlZGUgdG9;Grillede tortillas med krydrede kødboller, creme fraiche og rødløg;ing_koriander;Frisk Koriander;2;stk
meny_R3JpbGxlZGUgdG9;Grillede tortillas med krydrede kødboller, creme fraiche og rødløg;ing_meny_auto_377;hakket grise- og kalvekød;400;g
meny_R3JpbGxlZGUgdG9;Grillede tortillas med krydrede kødboller, creme fraiche og rødløg;ing_meny_auto_378;stødt kanel;1;tsk
meny_R3JpbGxlZGUgdG9;Grillede tortillas med krydrede kødboller, creme fraiche og rødløg;ing_meny_auto_379;cayennepeber;0.5;tsk
meny_R3JpbGxlZGUgdG9;Grillede tortillas med krydrede kødboller, creme fraiche og rødløg;ing_meny_auto_380;æg;1;stk
meny_R3JpbGxlZGUgdG9;Grillede tortillas med krydrede kødboller, creme fraiche og rødløg;ing_meny_auto_381;hvedemel;2;spsk
meny_R3JpbGxlZGUgdG9;Grillede tortillas med krydrede kødboller, creme fraiche og rødløg;ing_meny_auto_382;rasp;2;dl
meny_R3JpbGxlZGUgdG9;Grillede tortillas med krydrede kødboller, creme fraiche og rødløg;ing_meny_auto_383;olie til stegning;0.5;dl
meny_R3JpbGxlZGUgdG9;Grillede tortillas med krydrede kødboller, creme fraiche og rødløg;ing_meny_auto_384;store tortillaer;4;stk
meny_R3JpbGxlZGUgdG9;Grillede tortillas med krydrede kødboller, creme fraiche og rødløg;ing_meny_auto_385;rødløg i tynde ringe;1;stk
meny_R3JpbGxlZGUgdG9;Grillede tortillas med krydrede kødboller, creme fraiche og rødløg;ing_meny_auto_386;agurk i strimler;0.5;stk
meny_R3JpbGxlZGUgdG9;Grillede tortillas med krydrede kødboller, creme fraiche og rødløg;ing_meny_auto_387;tørret chiliflage;;
meny_QnJhaXNlcmV0IGh;Braiseret hjerte med stegte æbler, kål og linser;ing_bouillon;Bouillon;5;dl
meny_QnJhaXNlcmV0IGh;Braiseret hjerte med stegte æbler, kål og linser;ing_extra_4;Gulerødder;4;stk
meny_QnJhaXNlcmV0IGh;Braiseret hjerte med stegte æbler, kål og linser;ing_extra_43;Salt;;
meny_QnJhaXNlcmV0IGh;Braiseret hjerte med stegte æbler, kål og linser;ing_vand;Koldt vand;;
meny_QnJhaXNlcmV0IGh;Braiseret hjerte med stegte æbler, kål og linser;ing_loeg;Løg;2;stk
meny_QnJhaXNlcmV0IGh;Braiseret hjerte med stegte æbler, kål og linser;ing_extra_11;Hvidløg;2;stk
meny_QnJhaXNlcmV0IGh;Braiseret hjerte med stegte æbler, kål og linser;ing_meny_auto_388;800 g grisehjerter;800;stk
meny_QnJhaXNlcmV0IGh;Braiseret hjerte med stegte æbler, kål og linser;ing_meny_auto_389;smør;25;g
meny_QnJhaXNlcmV0IGh;Braiseret hjerte med stegte æbler, kål og linser;ing_meny_auto_391;timianblade;3;stk
meny_QnJhaXNlcmV0IGh;Braiseret hjerte med stegte æbler, kål og linser;ing_meny_auto_392;hvidvin;1;dl
meny_QnJhaXNlcmV0IGh;Braiseret hjerte med stegte æbler, kål og linser;ing_meny_auto_393;knoldselleri;200;g
meny_QnJhaXNlcmV0IGh;Braiseret hjerte med stegte æbler, kål og linser;ing_meny_auto_394;Arla Karolines Køkken® Piskefløde 38%;1.5;dl
meny_QnJhaXNlcmV0IGh;Braiseret hjerte med stegte æbler, kål og linser;ing_meny_auto_395;tørrede grønne linser;250;g
meny_QnJhaXNlcmV0IGh;Braiseret hjerte med stegte æbler, kål og linser;ing_meny_auto_398;smør;25;g
meny_QnJhaXNlcmV0IGh;Braiseret hjerte med stegte æbler, kål og linser;ing_meny_auto_399;rosenkål;200;g
meny_QnJhaXNlcmV0IGh;Braiseret hjerte med stegte æbler, kål og linser;ing_meny_auto_400;æbler;4;stk
meny_QnJhaXNlcmV0IGh;Braiseret hjerte med stegte æbler, kål og linser;ing_meny_auto_401;honning;1;spsk
meny_QnJhaXNlcmV0IGh;Braiseret hjerte med stegte æbler, kål og linser;ing_meny_auto_402;frisk timian;;
meny_RGFkZWxrYWdlIG1;Dadelkage med kokos, klementin og chokoladeganache;ing_extra_43;Salt;1;stk
meny_RGFkZWxrYWdlIG1;Dadelkage med kokos, klementin og chokoladeganache;ing_extra_29;Hvedemel;50;g
meny_RGFkZWxrYWdlIG1;Dadelkage med kokos, klementin og chokoladeganache;ing_vanilje;Vaniljesukker;1;tsk
meny_RGFkZWxrYWdlIG1;Dadelkage med kokos, klementin og chokoladeganache;ing_bagepulver;Bagepulver;1;tsk
meny_RGFkZWxrYWdlIG1;Dadelkage med kokos, klementin og chokoladeganache;ing_meny_auto_403;chokolade;200;g
meny_RGFkZWxrYWdlIG1;Dadelkage med kokos, klementin og chokoladeganache;ing_meny_auto_404;fløde;2;dl
meny_RGFkZWxrYWdlIG1;Dadelkage med kokos, klementin og chokoladeganache;ing_meny_auto_405;glukosesirup;30;g
meny_RGFkZWxrYWdlIG1;Dadelkage med kokos, klementin og chokoladeganache;ing_meny_auto_406;dadler;250;g
meny_RGFkZWxrYWdlIG1;Dadelkage med kokos, klementin og chokoladeganache;ing_meny_auto_407;kokosmel;75;g
meny_RGFkZWxrYWdlIG1;Dadelkage med kokos, klementin og chokoladeganache;ing_meny_auto_408;mandelmel;75;g
meny_RGFkZWxrYWdlIG1;Dadelkage med kokos, klementin og chokoladeganache;ing_meny_auto_409;kakaopulver;2;spsk
meny_RGFkZWxrYWdlIG1;Dadelkage med kokos, klementin og chokoladeganache;ing_meny_auto_410;sødmælk;0.5;dl
meny_RGFkZWxrYWdlIG1;Dadelkage med kokos, klementin og chokoladeganache;ing_meny_auto_411;stærk kaffe;0.5;dl
meny_RGFkZWxrYWdlIG1;Dadelkage med kokos, klementin og chokoladeganache;ing_meny_auto_412;friskpresset clementinsaft;0.5;dl
meny_RGFkZWxrYWdlIG1;Dadelkage med kokos, klementin og chokoladeganache;ing_meny_auto_413;æg;5;stk
meny_RGFkZWxrYWdlIG1;Dadelkage med kokos, klementin og chokoladeganache;ing_meny_auto_414;kokosmel;5;g
meny_R3JpbGxwYWtrZXI;Grillpakker med kuller og kryddersmør;ing_extra_3;Kartofler;400;g
meny_R3JpbGxwYWtrZXI;Grillpakker med kuller og kryddersmør;ing_extra_43;Salt;;
meny_R3JpbGxwYWtrZXI;Grillpakker med kuller og kryddersmør;ing_citron;Citron;2;stk
meny_R3JpbGxwYWtrZXI;Grillpakker med kuller og kryddersmør;ing_asparges;Grønne Asparges;200;g
meny_R3JpbGxwYWtrZXI;Grillpakker med kuller og kryddersmør;ing_extra_11;Hvidløg;1;fed
meny_R3JpbGxwYWtrZXI;Grillpakker med kuller og kryddersmør;ing_extra_6;Citroner;2;stk
meny_R3JpbGxwYWtrZXI;Grillpakker med kuller og kryddersmør;ing_koriander;Frisk Koriander;2;spsk
meny_R3JpbGxwYWtrZXI;Grillpakker med kuller og kryddersmør;ing_meny_auto_415;kullerfileter;800;g
meny_R3JpbGxwYWtrZXI;Grillpakker med kuller og kryddersmør;ing_meny_auto_416;blødt smør;75;g
meny_R3JpbGxwYWtrZXI;Grillpakker med kuller og kryddersmør;ing_meny_auto_417;rødløg i skiver;1;stk
meny_R3JpbGxwYWtrZXI;Grillpakker med kuller og kryddersmør;ing_meny_auto_418;koldpresset rapsolie;3;spsk
meny_R3JpbGxwYWtrZXI;Grillpakker med kuller og kryddersmør;ing_meny_auto_419;løgspirer;10;g
meny_R3JpbGxwYWtrZXI;Grillpakker med kuller og kryddersmør;ing_meny_auto_420;karse;;
meny_fixed_13_1781879414876;Tærte med laks, Anicia linser og spinat;ing_taertedej;Tærtedej;;
meny_fixed_13_1781879414876;Tærte med laks, Anicia linser og spinat;ing_extra_43;Salt;;
meny_fixed_13_1781879414876;Tærte med laks, Anicia linser og spinat;ing_extra_11;Hvidløg;1;fed
meny_fixed_13_1781879414876;Tærte med laks, Anicia linser og spinat;ing_extra_9;Frisk Spinat;200;g
meny_fixed_13_1781879414876;Tærte med laks, Anicia linser og spinat;ing_extra_21;Laksefileter;300;g
meny_fixed_13_1781879414876;Tærte med laks, Anicia linser og spinat;ing_laks;Fersk Laks;300;g
meny_fixed_13_1781879414876;Tærte med laks, Anicia linser og spinat;ing_meny_auto_421;ærtemel;200;g
meny_fixed_13_1781879414876;Tærte med laks, Anicia linser og spinat;ing_meny_auto_422;creme fraiche 38%;1;dl
meny_fixed_13_1781879414876;Tærte med laks, Anicia linser og spinat;ing_meny_auto_423;smør;100;g
meny_fixed_13_1781879414876;Tærte med laks, Anicia linser og spinat;ing_meny_auto_424;tørrede anicia linser;0.5;dl
meny_fixed_13_1781879414876;Tærte med laks, Anicia linser og spinat;ing_meny_auto_425;æg;5;stk
meny_fixed_13_1781879414876;Tærte med laks, Anicia linser og spinat;ing_meny_auto_426;creme fraiche 38%;1;dl
meny_fixed_16_1781879414877;Banan-chokoladepandekager;ing_extra_43;Salt;0.25;tsk
meny_fixed_16_1781879414877;Banan-chokoladepandekager;ing_extra_29;Hvedemel;190;g
meny_fixed_16_1781879414877;Banan-chokoladepandekager;ing_extra_30;Sukker;2;spsk
meny_fixed_16_1781879414877;Banan-chokoladepandekager;ing_ahornsirup;Ahornsirup;;
meny_fixed_16_1781879414877;Banan-chokoladepandekager;ing_bagepulver;Bagepulver;2;tsk
meny_fixed_16_1781879414877;Banan-chokoladepandekager;ing_extra_7;Bananer;200;g
meny_fixed_16_1781879414877;Banan-chokoladepandekager;ing_meny_auto_428;Matilde® Premium Kakaoletmælk;2.5;dl
meny_fixed_16_1781879414877;Banan-chokoladepandekager;ing_meny_auto_429;stort æg;1;stk
meny_fixed_16_1781879414877;Banan-chokoladepandekager;ing_meny_auto_431;stødt kanel;0.25;tsk
meny_fixed_16_1781879414877;Banan-chokoladepandekager;ing_meny_auto_432;grofthakket mørk chokolade;50;g
meny_fixed_16_1781879414877;Banan-chokoladepandekager;ing_meny_auto_433;smør til stegning;;
meny_SGFsbG93ZWVudMO;Halloweentærte med hindbær og frangipane;ing_extra_43;Salt;1;stk
meny_SGFsbG93ZWVudMO;Halloweentærte med hindbær og frangipane;ing_extra_29;Hvedemel;350;g
meny_SGFsbG93ZWVudMO;Halloweentærte med hindbær og frangipane;ing_aeg;Æg;1;stk
meny_SGFsbG93ZWVudMO;Halloweentærte med hindbær og frangipane;ing_extra_30;Sukker;50;g
meny_SGFsbG93ZWVudMO;Halloweentærte med hindbær og frangipane;ing_vanilje;Vaniljesukker;50;g
meny_SGFsbG93ZWVudMO;Halloweentærte med hindbær og frangipane;ing_vand;Koldt vand;200;g
meny_SGFsbG93ZWVudMO;Halloweentærte med hindbær og frangipane;ing_meny_auto_435;flormelis;50;g
meny_SGFsbG93ZWVudMO;Halloweentærte med hindbær og frangipane;ing_meny_auto_438;marcipan;75;g
meny_SGFsbG93ZWVudMO;Halloweentærte med hindbær og frangipane;ing_meny_auto_439;blødt smør;50;g
meny_SGFsbG93ZWVudMO;Halloweentærte med hindbær og frangipane;ing_meny_auto_441;frosne hindbær;350;g
meny_SGFsbG93ZWVudMO;Halloweentærte med hindbær og frangipane;ing_meny_auto_443;majsstivelse;3;spsk
meny_R3JpbGxldCBtYWp;Grillet majs med cremet bacontopping;ing_extra_44;Sort Peber;;
meny_R3JpbGxldCBtYWp;Grillet majs med cremet bacontopping;ing_foraarssloeg;Forårsløg;2;stk
meny_R3JpbGxldCBtYWp;Grillet majs med cremet bacontopping;ing_bacon;Bacon i tern;100;g
meny_R3JpbGxldCBtYWp;Grillet majs med cremet bacontopping;ing_pancetta;Pancetta / Bacon i tern;100;g
meny_R3JpbGxldCBtYWp;Grillet majs med cremet bacontopping;ing_meny_auto_444;frisk dild;1;bundt
meny_R3JpbGxldCBtYWp;Grillet majs med cremet bacontopping;ing_meny_auto_445;flødeost naturel;100;g
meny_R3JpbGxldCBtYWp;Grillet majs med cremet bacontopping;ing_meny_auto_446;Cheasy® skyr naturel;2;spsk
meny_R3JpbGxldCBtYWp;Grillet majs med cremet bacontopping;ing_meny_auto_447;majskolber;4;stk
meny_R3JpbGxldCBtYWp;Grillet majs med cremet bacontopping;ing_meny_auto_448;olivenolie;2;tsk
meny_Q3Jvc3RpbmkgbWV;Crostini med parmaskinke og nektarin;ing_extra_31;Olivenolie;2;spsk
meny_Q3Jvc3RpbmkgbWV;Crostini med parmaskinke og nektarin;ing_extra_44;Sort Peber;1;stk
meny_Q3Jvc3RpbmkgbWV;Crostini med parmaskinke og nektarin;ing_extra_17;Parmaskinke;60;g
meny_Q3Jvc3RpbmkgbWV;Crostini med parmaskinke og nektarin;ing_skinke;Kogt Skinke;60;g
meny_Q3Jvc3RpbmkgbWV;Crostini med parmaskinke og nektarin;ing_meny_auto_449;hvidløg;1;fed
meny_Q3Jvc3RpbmkgbWV;Crostini med parmaskinke og nektarin;ing_meny_auto_450;flute;1;stk
meny_Q3Jvc3RpbmkgbWV;Crostini med parmaskinke og nektarin;ing_meny_auto_451;flødeost;75;g
meny_Q3Jvc3RpbmkgbWV;Crostini med parmaskinke og nektarin;ing_meny_auto_452;nektariner;2;stk
meny_Q3Jvc3RpbmkgbWV;Crostini med parmaskinke og nektarin;ing_meny_auto_453;håndfuld frisk basilikum;1;stk
meny_R2x1dGVuLSBvZyB;Gluten- og laktosefrie tykke pandekager med is, flødeskum, blåbær og hasselnødder;ing_laktosefri_floede;Laktosefri Fløde;3.5;dl
meny_R2x1dGVuLSBvZyB;Gluten- og laktosefrie tykke pandekager med is, flødeskum, blåbær og hasselnødder;ing_extra_43;Salt;1;stk
meny_R2x1dGVuLSBvZyB;Gluten- og laktosefrie tykke pandekager med is, flødeskum, blåbær og hasselnødder;ing_maelk;Mælk;3.5;dl
meny_R2x1dGVuLSBvZyB;Gluten- og laktosefrie tykke pandekager med is, flødeskum, blåbær og hasselnødder;ing_bagepulver;Bagepulver;1.5;tsk
meny_R2x1dGVuLSBvZyB;Gluten- og laktosefrie tykke pandekager med is, flødeskum, blåbær og hasselnødder;ing_hasselnoedder;Hasselnødder;100;g
meny_R2x1dGVuLSBvZyB;Gluten- og laktosefrie tykke pandekager med is, flødeskum, blåbær og hasselnødder;ing_meny_auto_454;æg;2;stk
meny_R2x1dGVuLSBvZyB;Gluten- og laktosefrie tykke pandekager med is, flødeskum, blåbær og hasselnødder;ing_meny_auto_455;Finax Glutenfri Melmix;225;g
meny_R2x1dGVuLSBvZyB;Gluten- og laktosefrie tykke pandekager med is, flødeskum, blåbær og hasselnødder;ing_meny_auto_456;rørsukker;2;spsk
meny_R2x1dGVuLSBvZyB;Gluten- og laktosefrie tykke pandekager med is, flødeskum, blåbær og hasselnødder;ing_meny_auto_457;margarine;25;g
meny_R2x1dGVuLSBvZyB;Gluten- og laktosefrie tykke pandekager med is, flødeskum, blåbær og hasselnødder;ing_meny_auto_458;blåbær;250;g
meny_R2x1dGVuLSBvZyB;Gluten- og laktosefrie tykke pandekager med is, flødeskum, blåbær og hasselnødder;ing_meny_auto_459;margarine;15;g
meny_R2x1dGVuLSBvZyB;Gluten- og laktosefrie tykke pandekager med is, flødeskum, blåbær og hasselnødder;ing_meny_auto_460;Arla® Laktosefri piskefløde 36%;2;dl
meny_R2x1dGVuLSBvZyB;Gluten- og laktosefrie tykke pandekager med is, flødeskum, blåbær og hasselnødder;ing_meny_auto_461;laktosefri vaniljeflødeis;7.5;liter
meny_fixed_26_1781879414878;Grønkålssalat med klementindressing;ing_extra_31;Olivenolie;2;spsk
meny_fixed_26_1781879414878;Grønkålssalat med klementindressing;ing_extra_43;Salt;;
meny_fixed_26_1781879414878;Grønkålssalat med klementindressing;ing_ahornsirup;Ahornsirup;1;spsk
meny_fixed_26_1781879414878;Grønkålssalat med klementindressing;ing_meny_auto_462;grønkål;300;g
meny_fixed_26_1781879414878;Grønkålssalat med klementindressing;ing_meny_auto_463;æbler;2;stk
meny_fixed_26_1781879414878;Grønkålssalat med klementindressing;ing_meny_auto_464;rosiner;50;g
meny_fixed_26_1781879414878;Grønkålssalat med klementindressing;ing_meny_auto_465;valnøddekerner;75;g
meny_fixed_26_1781879414878;Grønkålssalat med klementindressing;ing_meny_auto_466;saft af 2 clementiner;;
meny_fixed_27_1781879414878;Grillet culotte med hvidløgs-pebermix;ing_extra_43;Salt;2;tsk
meny_fixed_27_1781879414878;Grillet culotte med hvidløgs-pebermix;ing_pasta;Pasta;;
meny_fixed_27_1781879414878;Grillet culotte med hvidløgs-pebermix;ing_extra_11;Hvidløg;3;fed
meny_fixed_27_1781879414878;Grillet culotte med hvidløgs-pebermix;ing_meny_auto_467;okseculotte;1;stk
meny_fixed_27_1781879414878;Grillet culotte med hvidløgs-pebermix;ing_meny_auto_468;sorte peberkorn;2;tsk
meny_fixed_27_1781879414878;Grillet culotte med hvidløgs-pebermix;ing_meny_auto_469;hvid peber;2;tsk
meny_fixed_27_1781879414878;Grillet culotte med hvidløgs-pebermix;ing_meny_auto_470;frisk timian;2;spsk
meny_fixed_30_1781879414879;Fuldkornspebernødder med chokoladebund;ing_aeg;Æg;;
meny_fixed_30_1781879414879;Fuldkornspebernødder med chokoladebund;ing_bagepulver;Bagepulver;0.5;tsk
meny_fixed_30_1781879414879;Fuldkornspebernødder med chokoladebund;ing_pølser;Gode Brunchpølser;;
meny_fixed_30_1781879414879;Fuldkornspebernødder med chokoladebund;ing_meny_auto_471;stødt ingefær;1;tsk
meny_fixed_30_1781879414879;Fuldkornspebernødder med chokoladebund;ing_meny_auto_472;stødt kanel;0.5;tsk
meny_fixed_30_1781879414879;Fuldkornspebernødder med chokoladebund;ing_meny_auto_473;stødt hvid peber;0.5;tsk
meny_fixed_30_1781879414879;Fuldkornspebernødder med chokoladebund;ing_meny_auto_474;stødt nellike;0.5;tsk
meny_fixed_30_1781879414879;Fuldkornspebernødder med chokoladebund;ing_meny_auto_475;stødt kardemomme;0.5;tsk
meny_fixed_30_1781879414879;Fuldkornspebernødder med chokoladebund;ing_meny_auto_476;hvid hvedemel;150;g
meny_fixed_30_1781879414879;Fuldkornspebernødder med chokoladebund;ing_meny_auto_477;hvedemel;100;g
meny_fixed_30_1781879414879;Fuldkornspebernødder med chokoladebund;ing_meny_auto_478;koldt smør;100;g
meny_fixed_30_1781879414879;Fuldkornspebernødder med chokoladebund;ing_meny_auto_479;rørsukker;125;g
meny_fixed_30_1781879414879;Fuldkornspebernødder med chokoladebund;ing_meny_auto_480;Arla Karolines Køkken® Piskefløde 38%;0.5;dl
meny_fixed_30_1781879414879;Fuldkornspebernødder med chokoladebund;ing_meny_auto_481;mørk chokolade;100;g
meny_fixed_34_1781879414879;Grillet flæskestegssandwich;ing_extra_14;Flæskesteg;1;kg
meny_fixed_34_1781879414879;Grillet flæskestegssandwich;ing_extra_31;Olivenolie;2;spsk
meny_fixed_34_1781879414879;Grillet flæskestegssandwich;ing_extra_43;Salt;;
meny_fixed_34_1781879414879;Grillet flæskestegssandwich;ing_extra_4;Gulerødder;150;g
meny_fixed_34_1781879414879;Grillet flæskestegssandwich;ing_extra_8;Iceberg Salat;;
meny_fixed_34_1781879414879;Grillet flæskestegssandwich;ing_salat_mix;Blandet salat;;
meny_fixed_34_1781879414879;Grillet flæskestegssandwich;ing_salatblanding;Skåret Salatblanding;;
meny_fixed_34_1781879414879;Grillet flæskestegssandwich;ing_meny_auto_482;sort peber;;
meny_fixed_34_1781879414879;Grillet flæskestegssandwich;ing_meny_auto_483;spidskål;200;g
meny_fixed_34_1781879414879;Grillet flæskestegssandwich;ing_meny_auto_484;håndfuld ærteskud;1;stk
meny_fixed_34_1781879414879;Grillet flæskestegssandwich;ing_meny_auto_485;hvidvinseddike;2;spsk
meny_fixed_34_1781879414879;Grillet flæskestegssandwich;ing_meny_auto_486;brioche burgerboller;4;stk
meny_fixed_34_1781879414879;Grillet flæskestegssandwich;ing_meny_auto_487;sriracha mayonnaise;8;spsk
meny_fixed_34_1781879414879;Grillet flæskestegssandwich;ing_meny_auto_488;syltet agurker;100;g
meny_fixed_34_1781879414879;Grillet flæskestegssandwich;ing_meny_auto_489;agurk i skiver;;
meny_fixed_34_1781879414879;Grillet flæskestegssandwich;ing_meny_auto_490;citronskal;;
meny_fixed_34_1781879414879;Grillet flæskestegssandwich;ing_meny_auto_491;evt. mynte;;
meny_U2FsYXQgYWYgZ3J;Salat af grillede tomater med gedeostebrød;ing_extra_31;Olivenolie;3;spsk
meny_U2FsYXQgYWYgZ3J;Salat af grillede tomater med gedeostebrød;ing_extra_43;Salt;;
meny_U2FsYXQgYWYgZ3J;Salat af grillede tomater med gedeostebrød;ing_rosmarin;Frisk Rosmarin;1;spsk
meny_U2FsYXQgYWYgZ3J;Salat af grillede tomater med gedeostebrød;ing_aeg;Æg;;
meny_U2FsYXQgYWYgZ3J;Salat af grillede tomater med gedeostebrød;ing_extra_1;Tomater (Danske);4;stk
meny_U2FsYXQgYWYgZ3J;Salat af grillede tomater med gedeostebrød;ing_extra_8;Iceberg Salat;;
meny_U2FsYXQgYWYgZ3J;Salat af grillede tomater med gedeostebrød;ing_extra_9;Frisk Spinat;100;g
meny_U2FsYXQgYWYgZ3J;Salat af grillede tomater med gedeostebrød;ing_tomatsovs;Hakkede Tomater;4;stk
meny_U2FsYXQgYWYgZ3J;Salat af grillede tomater med gedeostebrød;ing_salat_mix;Blandet salat;;
meny_U2FsYXQgYWYgZ3J;Salat af grillede tomater med gedeostebrød;ing_salatblanding;Skåret Salatblanding;;
meny_U2FsYXQgYWYgZ3J;Salat af grillede tomater med gedeostebrød;ing_tomat;Friske Tomater;4;stk
meny_U2FsYXQgYWYgZ3J;Salat af grillede tomater med gedeostebrød;ing_meny_auto_492;lille flute;1;stk
meny_U2FsYXQgYWYgZ3J;Salat af grillede tomater med gedeostebrød;ing_meny_auto_493;friske gedeoste rulle;200;g
meny_U2FsYXQgYWYgZ3J;Salat af grillede tomater med gedeostebrød;ing_meny_auto_494;pinjekerner;30;g
meny_U2FsYXQgYWYgZ3J;Salat af grillede tomater med gedeostebrød;ing_meny_auto_495;hvid balsamicoeddike;1;spsk
meny_S3J5ZHJlZGUga8O;Krydrede kødboller med frisk pasta og tomatsauce;ing_extra_15;Hakket Grise- og Kalvekoed;400;g
meny_S3J5ZHJlZGUga8O;Krydrede kødboller med frisk pasta og tomatsauce;ing_extra_43;Salt;1;tsk
meny_S3J5ZHJlZGUga8O;Krydrede kødboller med frisk pasta og tomatsauce;ing_maelk;Mælk;0.5;dl
meny_S3J5ZHJlZGUga8O;Krydrede kødboller med frisk pasta og tomatsauce;ing_pasta;Pasta;;
meny_S3J5ZHJlZGUga8O;Krydrede kødboller med frisk pasta og tomatsauce;ing_spidskommen;Spidskommen;1;tsk
meny_S3J5ZHJlZGUga8O;Krydrede kødboller med frisk pasta og tomatsauce;ing_frisk_pasta;Frisk Pasta;;
meny_S3J5ZHJlZGUga8O;Krydrede kødboller med frisk pasta og tomatsauce;ing_meny_auto_496;hakket grise- og kalvekød;400;g
meny_S3J5ZHJlZGUga8O;Krydrede kødboller med frisk pasta og tomatsauce;ing_meny_auto_497;cayennepeber;0.5;tsk
meny_S3J5ZHJlZGUga8O;Krydrede kødboller med frisk pasta og tomatsauce;ing_meny_auto_498;æg;1;stk
meny_S3J5ZHJlZGUga8O;Krydrede kødboller med frisk pasta og tomatsauce;ing_meny_auto_499;hvedemel;2;spsk
meny_S3J5ZHJlZGUga8O;Krydrede kødboller med frisk pasta og tomatsauce;ing_meny_auto_500;rasp i at vende bollerne;2;dl
meny_S3J5ZHJlZGUga8O;Krydrede kødboller med frisk pasta og tomatsauce;ing_meny_auto_501;olie til stegning;0.5;dl
meny_S3J5ZHJlZGUga8O;Krydrede kødboller med frisk pasta og tomatsauce;ing_meny_auto_502;frisk tagliatelle;500;g
meny_S3J5ZHJlZGUga8O;Krydrede kødboller med frisk pasta og tomatsauce;ing_meny_auto_503;glas tomatsauce;1;stk
meny_S3J5ZHJlZGUga8O;Krydrede kødboller med frisk pasta og tomatsauce;ing_meny_auto_505;revet parmigiano reggiano;50;g
meny_S3J5ZHJlZGUga8O;Krydrede kødboller med frisk pasta og tomatsauce;ing_meny_auto_506;frisk basilikum;1;dl
meny_R2x1dGVuZnJpIHB;Glutenfri pizza med kartofler;ing_extra_3;Kartofler;;
meny_R2x1dGVuZnJpIHB;Glutenfri pizza med kartofler;ing_extra_31;Olivenolie;1;spsk
meny_R2x1dGVuZnJpIHB;Glutenfri pizza med kartofler;ing_extra_43;Salt;1;tsk
meny_R2x1dGVuZnJpIHB;Glutenfri pizza med kartofler;ing_rosmarin;Frisk Rosmarin;3;stk
meny_R2x1dGVuZnJpIHB;Glutenfri pizza med kartofler;ing_aeg;Æg;2;stk
meny_R2x1dGVuZnJpIHB;Glutenfri pizza med kartofler;ing_meny_auto_507;majsmel;300;g
meny_R2x1dGVuZnJpIHB;Glutenfri pizza med kartofler;ing_meny_auto_508;boghvedemel;150;g
meny_R2x1dGVuZnJpIHB;Glutenfri pizza med kartofler;ing_meny_auto_509;fiber husk hvedemel;20;g
meny_R2x1dGVuZnJpIHB;Glutenfri pizza med kartofler;ing_meny_auto_510;natron;1;tsk
meny_R2x1dGVuZnJpIHB;Glutenfri pizza med kartofler;ing_meny_auto_511;vand;4;dl
meny_R2x1dGVuZnJpIHB;Glutenfri pizza med kartofler;ing_meny_auto_512;mascarpone;125;g
meny_R2x1dGVuZnJpIHB;Glutenfri pizza med kartofler;ing_meny_auto_514;revet mozzarellaost;50;g
meny_RmFzdGVsYXZuc2J;Fastelavnsboller med hindbær og crème;ing_maelk;Mælk;2.5;dl
meny_RmFzdGVsYXZuc2J;Fastelavnsboller med hindbær og crème;ing_aeg;Æg;2;stk
meny_RmFzdGVsYXZuc2J;Fastelavnsboller med hindbær og crème;ing_extra_30;Sukker;75;g
meny_RmFzdGVsYXZuc2J;Fastelavnsboller med hindbær og crème;ing_meny_auto_515;vaniljestang;0.5;stk
meny_RmFzdGVsYXZuc2J;Fastelavnsboller med hindbær og crème;ing_meny_auto_516;hvedemel;1;spsk
meny_RmFzdGVsYXZuc2J;Fastelavnsboller med hindbær og crème;ing_meny_auto_517;Maizena majsstivelse;1;spsk
meny_RmFzdGVsYXZuc2J;Fastelavnsboller med hindbær og crème;ing_meny_auto_518;koldt smør;100;g
meny_RmFzdGVsYXZuc2J;Fastelavnsboller med hindbær og crème;ing_meny_auto_519;hvedemel;225;g
meny_RmFzdGVsYXZuc2J;Fastelavnsboller med hindbær og crème;ing_meny_auto_520;gær;20;g
meny_RmFzdGVsYXZuc2J;Fastelavnsboller med hindbær og crème;ing_meny_auto_521;hindbær;125;g
meny_RmFzdGVsYXZuc2J;Fastelavnsboller med hindbær og crème;ing_meny_auto_523;flormelis;250;g
meny_RmFzdGVsYXZuc2J;Fastelavnsboller med hindbær og crème;ing_meny_auto_524;vand;;
meny_RmFzdGVsYXZuc2J;Fastelavnsboller med hindbær og crème;ing_meny_auto_525;frugtfarve i fire forskellige kulører, fx slikfarve;;
meny_TXVzbGluZ2VyIG1;Muslinger med dijonsauce;ing_extra_5;Porrer;2;stk
meny_TXVzbGluZ2VyIG1;Muslinger med dijonsauce;ing_extra_40;Hvidvin;2;dl
meny_TXVzbGluZ2VyIG1;Muslinger med dijonsauce;ing_extra_43;Salt;;
meny_TXVzbGluZ2VyIG1;Muslinger med dijonsauce;ing_extra_11;Hvidløg;1;fed
meny_TXVzbGluZ2VyIG1;Muslinger med dijonsauce;ing_persille;Frisk Persille;2;spsk
meny_TXVzbGluZ2VyIG1;Muslinger med dijonsauce;ing_extra_21;Kammuslinger;1;kg
meny_TXVzbGluZ2VyIG1;Muslinger med dijonsauce;ing_meny_auto_526;kammusling;1;kg
meny_TXVzbGluZ2VyIG1;Muslinger med dijonsauce;ing_meny_auto_527;smør;1;spsk
meny_TXVzbGluZ2VyIG1;Muslinger med dijonsauce;ing_meny_auto_528;Arla Karolines Køkken® Piskefløde 38%;1;dl
meny_TXVzbGluZ2VyIG1;Muslinger med dijonsauce;ing_meny_auto_529;dijonsennep;2;spsk
meny_TXVzbGluZ2VyIG1;Muslinger med dijonsauce;ing_meny_auto_530;potte frisk dild;1;stk
meny_U23DpSBqdWxldMO;Små juletærter med frugt og chokolade;ing_taertedej;Tærtedej;;
meny_U23DpSBqdWxldMO;Små juletærter med frugt og chokolade;ing_extra_29;Hvedemel;225;g
meny_U23DpSBqdWxldMO;Små juletærter med frugt og chokolade;ing_aeg;Æg;1;stk
meny_U23DpSBqdWxldMO;Små juletærter med frugt og chokolade;ing_extra_30;Sukker;75;g
meny_U23DpSBqdWxldMO;Små juletærter med frugt og chokolade;ing_meny_auto_531;bagemargarine;125;g
meny_U23DpSBqdWxldMO;Små juletærter med frugt og chokolade;ing_meny_auto_532;bagespray;;
meny_U23DpSBqdWxldMO;Små juletærter med frugt og chokolade;ing_meny_auto_533;bagemargarine;50;g
meny_U23DpSBqdWxldMO;Små juletærter med frugt og chokolade;ing_meny_auto_534;brun farin;100;g
meny_U23DpSBqdWxldMO;Små juletærter med frugt og chokolade;ing_meny_auto_535;groftrevet æble;1;stk
meny_U23DpSBqdWxldMO;Små juletærter med frugt og chokolade;ing_meny_auto_536;mandler;50;g
meny_U23DpSBqdWxldMO;Små juletærter med frugt og chokolade;ing_meny_auto_537;hasselnødder;50;g
meny_U23DpSBqdWxldMO;Små juletærter med frugt og chokolade;ing_meny_auto_538;tørrede dadler;100;g
meny_U23DpSBqdWxldMO;Små juletærter med frugt og chokolade;ing_meny_auto_539;mørk chokolade;150;g
meny_U23DpSBqdWxldMO;Små juletærter med frugt og chokolade;ing_meny_auto_540;evt. skal fra en appelsin;;
meny_VGV4LW1leCBidXJ;Tex-mex burger med cheddar, majs-avocado salat og salsa;ing_extra_31;Olivenolie;1;spsk
meny_VGV4LW1leCBidXJ;Tex-mex burger med cheddar, majs-avocado salat og salsa;ing_extra_43;Salt;;
meny_VGV4LW1leCBidXJ;Tex-mex burger med cheddar, majs-avocado salat og salsa;ing_aeg;Æg;;
meny_VGV4LW1leCBidXJ;Tex-mex burger med cheddar, majs-avocado salat og salsa;ing_cheddar;Cheddarost;4;stk
meny_VGV4LW1leCBidXJ;Tex-mex burger med cheddar, majs-avocado salat og salsa;ing_avocado;Avocado;2;stk
meny_VGV4LW1leCBidXJ;Tex-mex burger med cheddar, majs-avocado salat og salsa;ing_foraarssloeg;Forårsløg;2;stk
meny_VGV4LW1leCBidXJ;Tex-mex burger med cheddar, majs-avocado salat og salsa;ing_extra_8;Iceberg Salat;;
meny_VGV4LW1leCBidXJ;Tex-mex burger med cheddar, majs-avocado salat og salsa;ing_salat_mix;Blandet salat;;
meny_VGV4LW1leCBidXJ;Tex-mex burger med cheddar, majs-avocado salat og salsa;ing_salatblanding;Skåret Salatblanding;;
meny_VGV4LW1leCBidXJ;Tex-mex burger med cheddar, majs-avocado salat og salsa;ing_frisk_chili;Frisk Chili;1;stk
meny_VGV4LW1leCBidXJ;Tex-mex burger med cheddar, majs-avocado salat og salsa;ing_extra_20;Hakket oksekød (8-14%);400;g
meny_VGV4LW1leCBidXJ;Tex-mex burger med cheddar, majs-avocado salat og salsa;ing_hakket_okse;Hakket Oksekød;400;g
meny_VGV4LW1leCBidXJ;Tex-mex burger med cheddar, majs-avocado salat og salsa;ing_meny_auto_541;dåse majs;1;stk
meny_VGV4LW1leCBidXJ;Tex-mex burger med cheddar, majs-avocado salat og salsa;ing_meny_auto_542;lime;0.5;stk
meny_VGV4LW1leCBidXJ;Tex-mex burger med cheddar, majs-avocado salat og salsa;ing_meny_auto_543;burgerboller;4;stk
meny_VGV4LW1leCBidXJ;Tex-mex burger med cheddar, majs-avocado salat og salsa;ing_meny_auto_544;salsa;100;g
meny_VGV4LW1leCBidXJ;Tex-mex burger med cheddar, majs-avocado salat og salsa;ing_meny_auto_545;blandede salatblade;4;stk
meny_RnJpa2FkZWxsZWJ;Frikadelleburger med rødbede-slaw;ing_extra_15;Hakket Grise- og Kalvekoed;600;g
meny_RnJpa2FkZWxsZWJ;Frikadelleburger med rødbede-slaw;ing_extra_43;Salt;1.5;tsk
meny_RnJpa2FkZWxsZWJ;Frikadelleburger med rødbede-slaw;ing_extra_45;Paprika;1;tsk
meny_RnJpa2FkZWxsZWJ;Frikadelleburger med rødbede-slaw;ing_maelk;Mælk;1;dl
meny_RnJpa2FkZWxsZWJ;Frikadelleburger med rødbede-slaw;ing_extra_29;Hvedemel;1;dl
meny_RnJpa2FkZWxsZWJ;Frikadelleburger med rødbede-slaw;ing_burgerboller;Burgerboller;4;stk
meny_RnJpa2FkZWxsZWJ;Frikadelleburger med rødbede-slaw;ing_loeg;Løg;1;stk
meny_RnJpa2FkZWxsZWJ;Frikadelleburger med rødbede-slaw;ing_meny_auto_546;hakket grise- og kalvekød;600;g
meny_RnJpa2FkZWxsZWJ;Frikadelleburger med rødbede-slaw;ing_meny_auto_547;friskkværnet peber;1;tsk
meny_RnJpa2FkZWxsZWJ;Frikadelleburger med rødbede-slaw;ing_meny_auto_548;æg;1;stk
meny_RnJpa2FkZWxsZWJ;Frikadelleburger med rødbede-slaw;ing_meny_auto_549;rucolasalat;30;g
meny_RnJpa2FkZWxsZWJ;Frikadelleburger med rødbede-slaw;ing_meny_auto_550;revet rødbeder;200;g
meny_RnJpa2FkZWxsZWJ;Frikadelleburger med rødbede-slaw;ing_meny_auto_551;revet gulerødder;100;g
meny_RnJpa2FkZWxsZWJ;Frikadelleburger med rødbede-slaw;ing_meny_auto_552;revet peberrod;1.5;spsk
meny_RnJpa2FkZWxsZWJ;Frikadelleburger med rødbede-slaw;ing_meny_auto_553;Cheasy® skyr naturel;2;dl
meny_RnJpa2FkZWxsZWJ;Frikadelleburger med rødbede-slaw;ing_meny_auto_554;friskkværnet peber;;
meny_U2FmdGlnIHdva3J;Saftig wokret med skinketern;ing_peberfrugt;Peberfrugt;2;stk
meny_U2FmdGlnIHdva3J;Saftig wokret med skinketern;ing_extra_17;Kogt Skinke i Tern;500;g
meny_U2FmdGlnIHdva3J;Saftig wokret med skinketern;ing_boennespirer;Bønnespirer;100;g
meny_U2FmdGlnIHdva3J;Saftig wokret med skinketern;ing_koriander;Frisk Koriander;1;bundt
meny_U2FmdGlnIHdva3J;Saftig wokret med skinketern;ing_extra_11;Hvidløg;1;fed
meny_U2FmdGlnIHdva3J;Saftig wokret med skinketern;ing_spidskaal;Spidskål;1;stk
meny_U2FmdGlnIHdva3J;Saftig wokret med skinketern;ing_extra_12;Frisk Ingefær;1;spsk
meny_U2FmdGlnIHdva3J;Saftig wokret med skinketern;ing_meny_auto_555;smagsneutral olie;2;spsk
meny_U2FmdGlnIHdva3J;Saftig wokret med skinketern;ing_meny_auto_557;hoisinsauce;1.5;dl
meny_U2FmdGlnIHdva3J;Saftig wokret med skinketern;ing_meny_auto_558;hakkede peanuts;1;dl
meny_U2FmdGlnIHdva3J;Saftig wokret med skinketern;ing_meny_auto_559;sesamfrø;1;spsk
meny_VGhhaSBzYWxhdCB;Thai salat med peanuts, risnudler og roastbeef;ing_extra_16;Roastbeef;200;g
meny_VGhhaSBzYWxhdCB;Thai salat med peanuts, risnudler og roastbeef;ing_vand;Koldt vand;;
meny_VGhhaSBzYWxhdCB;Thai salat med peanuts, risnudler og roastbeef;ing_extra_5;Porrer;0.5;stk
meny_VGhhaSBzYWxhdCB;Thai salat med peanuts, risnudler og roastbeef;ing_extra_8;Iceberg Salat;;
meny_VGhhaSBzYWxhdCB;Thai salat med peanuts, risnudler og roastbeef;ing_salat_mix;Blandet salat;;
meny_VGhhaSBzYWxhdCB;Thai salat med peanuts, risnudler og roastbeef;ing_salatblanding;Skåret Salatblanding;;
meny_VGhhaSBzYWxhdCB;Thai salat med peanuts, risnudler og roastbeef;ing_koriander;Frisk Koriander;1;stk
meny_VGhhaSBzYWxhdCB;Thai salat med peanuts, risnudler og roastbeef;ing_meny_auto_560;tørrede risnudler;150;g
meny_VGhhaSBzYWxhdCB;Thai salat med peanuts, risnudler og roastbeef;ing_meny_auto_561;gulerødder;200;g
meny_VGhhaSBzYWxhdCB;Thai salat med peanuts, risnudler og roastbeef;ing_meny_auto_562;romainesalat;0.5;stk
meny_VGhhaSBzYWxhdCB;Thai salat med peanuts, risnudler og roastbeef;ing_meny_auto_563;agurk;0.5;stk
meny_VGhhaSBzYWxhdCB;Thai salat med peanuts, risnudler og roastbeef;ing_meny_auto_564;saltede ristede peanuts;75;g
meny_VGhhaSBzYWxhdCB;Thai salat med peanuts, risnudler og roastbeef;ing_meny_auto_565;saft af 2 lime;;
meny_VGhhaSBzYWxhdCB;Thai salat med peanuts, risnudler og roastbeef;ing_meny_auto_566;rørsukker;2;tsk
meny_VGhhaSBzYWxhdCB;Thai salat med peanuts, risnudler og roastbeef;ing_meny_auto_567;fiskesauce;3;spsk
meny_VGhhaSBzYWxhdCB;Thai salat med peanuts, risnudler og roastbeef;ing_meny_auto_568;2 tsk finthakket friske chilier;2;stk
meny_VGhhaSBzYWxhdCB;Thai salat med peanuts, risnudler og roastbeef;ing_meny_auto_569;finthakket frisk ingefær;2;tsk
meny_VGhhaSBzYWxhdCB;Thai salat med peanuts, risnudler og roastbeef;ing_meny_auto_570;sesamolie;2;spsk
meny_UmVqZXIgaSBodml;Rejer i hvidløg;ing_extra_31;Olivenolie;1;spsk
meny_UmVqZXIgaSBodml;Rejer i hvidløg;ing_extra_43;Salt;1;tsk
meny_UmVqZXIgaSBodml;Rejer i hvidløg;ing_aeg;Æg;;
meny_UmVqZXIgaSBodml;Rejer i hvidløg;ing_salat_mix;Blandet salat;;
meny_UmVqZXIgaSBodml;Rejer i hvidløg;ing_extra_11;Hvidløg;2;fed
meny_UmVqZXIgaSBodml;Rejer i hvidløg;ing_extra_8;Iceberg Salat;;
meny_UmVqZXIgaSBodml;Rejer i hvidløg;ing_persille;Frisk Persille;1;bundt
meny_UmVqZXIgaSBodml;Rejer i hvidløg;ing_salatblanding;Skåret Salatblanding;;
meny_UmVqZXIgaSBodml;Rejer i hvidløg;ing_frisk_chili;Frisk Chili;3;stk
meny_UmVqZXIgaSBodml;Rejer i hvidløg;ing_meny_auto_571;kæmperejer;100;g
meny_QmFjb25zbnVycmV;Baconsnurrer med flødeost;ing_extra_43;Salt;1;tsk
meny_QmFjb25zbnVycmV;Baconsnurrer med flødeost;ing_extra_46;Oregano;1;spsk
meny_QmFjb25zbnVycmV;Baconsnurrer med flødeost;ing_maelk;Mælk;2.5;dl
meny_QmFjb25zbnVycmV;Baconsnurrer med flødeost;ing_aeg;Æg;1;stk
meny_QmFjb25zbnVycmV;Baconsnurrer med flødeost;ing_extra_30;Sukker;25;g
meny_QmFjb25zbnVycmV;Baconsnurrer med flødeost;ing_bagepulver;Bagepulver;1;tsk
meny_QmFjb25zbnVycmV;Baconsnurrer med flødeost;ing_bacon;Bacon i tern;125;g
meny_QmFjb25zbnVycmV;Baconsnurrer med flødeost;ing_pancetta;Pancetta / Bacon i tern;125;g
meny_QmFjb25zbnVycmV;Baconsnurrer med flødeost;ing_meny_auto_572;smør;75;g
meny_QmFjb25zbnVycmV;Baconsnurrer med flødeost;ing_meny_auto_573;gær;25;g
meny_QmFjb25zbnVycmV;Baconsnurrer med flødeost;ing_meny_auto_574;hvedemel;400;g
meny_QmFjb25zbnVycmV;Baconsnurrer med flødeost;ing_meny_auto_575;hvedemel;50;g
meny_QmFjb25zbnVycmV;Baconsnurrer med flødeost;ing_meny_auto_576;Arla Buko® Økologisk naturel 70+;150;g
meny_QmFjb25zbnVycmV;Baconsnurrer med flødeost;ing_meny_auto_577;klippet purløg;3;spsk
meny_QmFjb25zbnVycmV;Baconsnurrer med flødeost;ing_meny_auto_578;sort peber;;
meny_Q3JlbWV0IGZpc2t;Cremet fiskesuppe med laks, kartofler og dild;ing_extra_3;Kartofler;500;g
meny_Q3JlbWV0IGZpc2t;Cremet fiskesuppe med laks, kartofler og dild;ing_bouillon;Bouillon;1.5;liter
meny_Q3JlbWV0IGZpc2t;Cremet fiskesuppe med laks, kartofler og dild;ing_extra_4;Gulerødder;2;stk
meny_Q3JlbWV0IGZpc2t;Cremet fiskesuppe med laks, kartofler og dild;ing_extra_5;Porrer;1;stk
meny_Q3JlbWV0IGZpc2t;Cremet fiskesuppe med laks, kartofler og dild;ing_extra_43;Salt;;
meny_Q3JlbWV0IGZpc2t;Cremet fiskesuppe med laks, kartofler og dild;ing_cremefraiche;Creme Fraiche;250;g
meny_Q3JlbWV0IGZpc2t;Cremet fiskesuppe med laks, kartofler og dild;ing_loeg;Løg;4;stk
meny_Q3JlbWV0IGZpc2t;Cremet fiskesuppe med laks, kartofler og dild;ing_laks;Laksefileter;250;g
meny_Q3JlbWV0IGZpc2t;Cremet fiskesuppe med laks, kartofler og dild;ing_meny_auto_579;smør;1;spsk
meny_Q3JlbWV0IGZpc2t;Cremet fiskesuppe med laks, kartofler og dild;ing_meny_auto_580;laksefileter uden skind;250;g
meny_Q3JlbWV0IGZpc2t;Cremet fiskesuppe med laks, kartofler og dild;ing_meny_auto_581;frisk dild;1.5;dl
meny_Q3JlbWV0IGZpc2t;Cremet fiskesuppe med laks, kartofler og dild;ing_meny_auto_582;persille;1.5;dl
meny_Q3JlbWV0IGZpc2t;Cremet fiskesuppe med laks, kartofler og dild;ing_meny_auto_583;friske løvstikkeblade;1.5;dl
meny_SMO4c3RzaWxkIG1;Høstsild med ­løvstikke;ing_extra_3;Kartofler;;
meny_SMO4c3RzaWxkIG1;Høstsild med ­løvstikke;ing_extra_43;Salt;;
meny_SMO4c3RzaWxkIG1;Høstsild med ­løvstikke;ing_citron;Citron;1;stk
meny_SMO4c3RzaWxkIG1;Høstsild med ­løvstikke;ing_extra_6;Citroner;1;stk
meny_SMO4c3RzaWxkIG1;Høstsild med ­løvstikke;ing_extra_21;Benfri Sild;8;stk
meny_SMO4c3RzaWxkIG1;Høstsild med ­løvstikke;ing_meny_auto_584;løvstikke;1;stk
meny_SMO4c3RzaWxkIG1;Høstsild med ­løvstikke;ing_meny_auto_585;benfri sild;8;stk
meny_SMO4c3RzaWxkIG1;Høstsild med ­løvstikke;ing_meny_auto_586;grov sennep;2;spsk
meny_SMO4c3RzaWxkIG1;Høstsild med ­løvstikke;ing_meny_auto_587;sort peber;;
meny_R3LDpnNrZSBrw7h;Græske kødboller med bagte tomater feta og fladbrød;ing_extra_31;Olivenolie;2;spsk
meny_R3LDpnNrZSBrw7h;Græske kødboller med bagte tomater feta og fladbrød;ing_extra_43;Salt;;
meny_R3LDpnNrZSBrw7h;Græske kødboller med bagte tomater feta og fladbrød;ing_hakket_okse;Hakket Oksekød;400;g
meny_R3LDpnNrZSBrw7h;Græske kødboller med bagte tomater feta og fladbrød;ing_extra_11;Hvidløg;1;stk
meny_R3LDpnNrZSBrw7h;Græske kødboller med bagte tomater feta og fladbrød;ing_extra_1;Tomater (Danske);500;g
meny_R3LDpnNrZSBrw7h;Græske kødboller med bagte tomater feta og fladbrød;ing_tomatsovs;Hakkede Tomater;;
meny_R3LDpnNrZSBrw7h;Græske kødboller med bagte tomater feta og fladbrød;ing_persille;Frisk Persille;2;spsk
meny_R3LDpnNrZSBrw7h;Græske kødboller med bagte tomater feta og fladbrød;ing_tomat;Friske Tomater;500;g
meny_R3LDpnNrZSBrw7h;Græske kødboller med bagte tomater feta og fladbrød;ing_extra_20;Hakket oksekød (8-14%);400;g
meny_R3LDpnNrZSBrw7h;Græske kødboller med bagte tomater feta og fladbrød;ing_meny_auto_588;æg;1;stk
meny_R3LDpnNrZSBrw7h;Græske kødboller med bagte tomater feta og fladbrød;ing_meny_auto_589;rasp;50;g
meny_R3LDpnNrZSBrw7h;Græske kødboller med bagte tomater feta og fladbrød;ing_meny_auto_590;vand;0.5;dl
meny_R3LDpnNrZSBrw7h;Græske kødboller med bagte tomater feta og fladbrød;ing_meny_auto_592;hakket frisk mynte + ekstra til drys;2;spsk
meny_R3LDpnNrZSBrw7h;Græske kødboller med bagte tomater feta og fladbrød;ing_meny_auto_593;stødt allehånde;0.5;tsk
meny_R3LDpnNrZSBrw7h;Græske kødboller med bagte tomater feta og fladbrød;ing_meny_auto_594;kviste frisk timian;4;stk
meny_R3LDpnNrZSBrw7h;Græske kødboller med bagte tomater feta og fladbrød;ing_meny_auto_595;yoghurt 10%;250;g
meny_R3LDpnNrZSBrw7h;Græske kødboller med bagte tomater feta og fladbrød;ing_meny_auto_596;feta;150;g
meny_R3LDpnNrZSBrw7h;Græske kødboller med bagte tomater feta og fladbrød;ing_meny_auto_597;fladbrød;1;pakke
meny_Q2hva29sYWRlYnV;Chokoladebudding med spøgelser;ing_maelk;Mælk;1;liter
meny_Q2hva29sYWRlYnV;Chokoladebudding med spøgelser;ing_extra_30;Sukker;50;g
meny_Q2hva29sYWRlYnV;Chokoladebudding med spøgelser;ing_mork_chokolade;Mørk Chokolade;100;g
meny_Q2hva29sYWRlYnV;Chokoladebudding med spøgelser;ing_vanilje;Vaniljesukker;50;g
meny_Q2hva29sYWRlYnV;Chokoladebudding med spøgelser;ing_meny_auto_598;majsstivelse;50;g
meny_Q2hva29sYWRlYnV;Chokoladebudding med spøgelser;ing_meny_auto_599;æg;2;stk
meny_Q2hva29sYWRlYnV;Chokoladebudding med spøgelser;ing_meny_auto_601;Oreo cookiecrumbles;100;g
meny_Q2hva29sYWRlYnV;Chokoladebudding med spøgelser;ing_meny_auto_602;skumfiduser;6;stk
meny_SGplbW1lbGF2ZXQ;Hjemmelavet mysli med honning;ing_extra_33;Havregryn;150;g
meny_SGplbW1lbGF2ZXQ;Hjemmelavet mysli med honning;ing_hasselnoedder;Hasselnødder;50;g
meny_SGplbW1lbGF2ZXQ;Hjemmelavet mysli med honning;ing_meny_auto_604;byggryn;50;g
meny_SGplbW1lbGF2ZXQ;Hjemmelavet mysli med honning;ing_meny_auto_605;flydende honning;100;g
meny_SGplbW1lbGF2ZXQ;Hjemmelavet mysli med honning;ing_meny_auto_606;vand;0.5;dl
meny_SGplbW1lbGF2ZXQ;Hjemmelavet mysli med honning;ing_meny_auto_607;kokosmel;50;g
meny_SGplbW1lbGF2ZXQ;Hjemmelavet mysli med honning;ing_meny_auto_608;solsikkekerner;50;g
meny_SGplbW1lbGF2ZXQ;Hjemmelavet mysli med honning;ing_meny_auto_609;tørrede tranebær;50;g
meny_S3lsbGluZ2V1bmR;Kyllingeunderlår med ristet blomkål og gurkemejedressing;ing_extra_19;Kyllingeunderlår;8;stk
meny_S3lsbGluZ2V1bmR;Kyllingeunderlår med ristet blomkål og gurkemejedressing;ing_meny_auto_610;hvidløgssalt;2;tsk
meny_S3lsbGluZ2V1bmR;Kyllingeunderlår med ristet blomkål og gurkemejedressing;ing_meny_auto_611;sort peber;2;tsk
meny_S3lsbGluZ2V1bmR;Kyllingeunderlår med ristet blomkål og gurkemejedressing;ing_meny_auto_612;olivenolie;4;spsk
meny_S3lsbGluZ2V1bmR;Kyllingeunderlår med ristet blomkål og gurkemejedressing;ing_meny_auto_613;æbleeddike;3;spsk
meny_S3lsbGluZ2V1bmR;Kyllingeunderlår med ristet blomkål og gurkemejedressing;ing_meny_auto_614;mørk sirup;2;spsk
meny_S3lsbGluZ2V1bmR;Kyllingeunderlår med ristet blomkål og gurkemejedressing;ing_meny_auto_615;stødt gurkemeje;1;tsk
meny_S3lsbGluZ2V1bmR;Kyllingeunderlår med ristet blomkål og gurkemejedressing;ing_meny_auto_616;karry;1;tsk
meny_S3lsbGluZ2V1bmR;Kyllingeunderlår med ristet blomkål og gurkemejedressing;ing_meny_auto_617;salt;0.5;tsk
meny_S3lsbGluZ2V1bmR;Kyllingeunderlår med ristet blomkål og gurkemejedressing;ing_meny_auto_618;sort peber;0.25;tsk
meny_S3lsbGluZ2V1bmR;Kyllingeunderlår med ristet blomkål og gurkemejedressing;ing_meny_auto_619;olie;1;spsk
meny_S3lsbGluZ2V1bmR;Kyllingeunderlår med ristet blomkål og gurkemejedressing;ing_meny_auto_620;blomkål i mindre buketter;1;stk
meny_S3lsbGluZ2V1bmR;Kyllingeunderlår med ristet blomkål og gurkemejedressing;ing_meny_auto_621;kogt perlespelt;200;g
meny_S3lsbGluZ2V1bmR;Kyllingeunderlår med ristet blomkål og gurkemejedressing;ing_meny_auto_622;finthakket grønkål;100;g
meny_S3lsbGluZ2V1bmR;Kyllingeunderlår med ristet blomkål og gurkemejedressing;ing_meny_auto_623;lyse rosiner;50;g
meny_QXBwbGUgcGllIG1;Apple pie med cheddardej;ing_extra_29;Hvedemel;275;g
meny_QXBwbGUgcGllIG1;Apple pie med cheddardej;ing_extra_30;Sukker;25;g
meny_QXBwbGUgcGllIG1;Apple pie med cheddardej;ing_extra_12;Frisk Ingefær;;
meny_QXBwbGUgcGllIG1;Apple pie med cheddardej;ing_meny_auto_624;koldt smør;125;g
meny_QXBwbGUgcGllIG1;Apple pie med cheddardej;ing_meny_auto_625;lagret cheddarost;75;g
meny_QXBwbGUgcGllIG1;Apple pie med cheddardej;ing_meny_auto_626;koldt vand;0.5;dl
meny_QXBwbGUgcGllIG1;Apple pie med cheddardej;ing_meny_auto_627;syrlige æbler;8;stk
meny_QXBwbGUgcGllIG1;Apple pie med cheddardej;ing_meny_auto_628;brun farin;100;g
meny_QXBwbGUgcGllIG1;Apple pie med cheddardej;ing_meny_auto_629;stødt kanel;2;tsk
meny_QXBwbGUgcGllIG1;Apple pie med cheddardej;ing_meny_auto_630;Maizena majsstivelse;3;spsk
meny_QXBwbGUgcGllIG1;Apple pie med cheddardej;ing_meny_auto_631;æg til pensling;1;stk
meny_Q2hpbGkgY29uIGN;Chili con carne;ing_extra_43;Salt;;
meny_Q2hpbGkgY29uIGN;Chili con carne;ing_extra_44;Sort Peber;;
meny_Q2hpbGkgY29uIGN;Chili con carne;ing_hakket_okse;Hakket Oksekød;500;g
meny_Q2hpbGkgY29uIGN;Chili con carne;ing_loeg;Løg;1;stk
meny_Q2hpbGkgY29uIGN;Chili con carne;ing_extra_11;Hvidløg;1;fed
meny_Q2hpbGkgY29uIGN;Chili con carne;ing_tomatsovs;Flåede Tomater;1;dåse
meny_Q2hpbGkgY29uIGN;Chili con carne;ing_frisk_chili;Frisk Chili;0.5;stk
meny_Q2hpbGkgY29uIGN;Chili con carne;ing_bacon;Bacontern;150;g
meny_SGplcnRlciBpIGZ;Hjerter i flødesovs med kartoffelmos og kruspersille;ing_extra_3;Kartofler;700;g
meny_SGplcnRlciBpIGZ;Hjerter i flødesovs med kartoffelmos og kruspersille;ing_extra_43;Salt;0.5;tsk
meny_SGplcnRlciBpIGZ;Hjerter i flødesovs med kartoffelmos og kruspersille;ing_extra_44;Sort Peber;0.5;tsk
meny_SGplcnRlciBpIGZ;Hjerter i flødesovs med kartoffelmos og kruspersille;ing_maelk;Mælk;1.5;dl
meny_SGplcnRlciBpIGZ;Hjerter i flødesovs med kartoffelmos og kruspersille;ing_soja;Sojasauce;1;tsk
meny_SGplcnRlciBpIGZ;Hjerter i flødesovs med kartoffelmos og kruspersille;ing_meny_auto_632;grisehjerter;3;stk
meny_SGplcnRlciBpIGZ;Hjerter i flødesovs med kartoffelmos og kruspersille;ing_meny_auto_633;smør;20;g
meny_SGplcnRlciBpIGZ;Hjerter i flødesovs med kartoffelmos og kruspersille;ing_meny_auto_634;vand;1.5;dl
meny_SGplcnRlciBpIGZ;Hjerter i flødesovs med kartoffelmos og kruspersille;ing_meny_auto_635;laurbærblade;3;stk
meny_SGplcnRlciBpIGZ;Hjerter i flødesovs med kartoffelmos og kruspersille;ing_meny_auto_636;hvid peber;0.5;tsk
meny_SGplcnRlciBpIGZ;Hjerter i flødesovs med kartoffelmos og kruspersille;ing_meny_auto_637;stilke kruspersille;5;stk
meny_SGplcnRlciBpIGZ;Hjerter i flødesovs med kartoffelmos og kruspersille;ing_meny_auto_638;skalotteløg;4;stk
meny_SGplcnRlciBpIGZ;Hjerter i flødesovs med kartoffelmos og kruspersille;ing_meny_auto_639;Arla Karolines Køkken® Madlavningsfløde 15%;0.5;dl
meny_SGplcnRlciBpIGZ;Hjerter i flødesovs med kartoffelmos og kruspersille;ing_meny_auto_640;madeira;0.5;dl
meny_SGplcnRlciBpIGZ;Hjerter i flødesovs med kartoffelmos og kruspersille;ing_meny_auto_641;majsstivelse;1;spsk
meny_SGplcnRlciBpIGZ;Hjerter i flødesovs med kartoffelmos og kruspersille;ing_meny_auto_642;Evt. lidt kulør;;
meny_SGplcnRlciBpIGZ;Hjerter i flødesovs med kartoffelmos og kruspersille;ing_meny_auto_643;smør;50;g
meny_SGplcnRlciBpIGZ;Hjerter i flødesovs med kartoffelmos og kruspersille;ing_meny_auto_644;kruspersille til pynt;1;dl
meny_R3Jpc3NpbmkgbWV;Grissini med olivenolie;ing_extra_31;Olivenolie;3;spsk
meny_R3Jpc3NpbmkgbWV;Grissini med olivenolie;ing_extra_43;Salt;1;tsk
meny_R3Jpc3NpbmkgbWV;Grissini med olivenolie;ing_aeg;Æg;;
meny_R3Jpc3NpbmkgbWV;Grissini med olivenolie;ing_extra_30;Sukker;0.5;tsk
meny_R3Jpc3NpbmkgbWV;Grissini med olivenolie;ing_meny_auto_645;gær;25;g
meny_R3Jpc3NpbmkgbWV;Grissini med olivenolie;ing_meny_auto_646;lunkent vand;1.5;dl
meny_R3Jpc3NpbmkgbWV;Grissini med olivenolie;ing_meny_auto_647;tipo 00 hvedemel;250;g
meny_R3JpbGxldCBsYW1;Grillet lammekølle med fyld af pistacie, parmaskinke, basilikum og abrikos;ing_extra_31;Olivenolie;1;spsk
meny_R3JpbGxldCBsYW1;Grillet lammekølle med fyld af pistacie, parmaskinke, basilikum og abrikos;ing_extra_43;Salt;75;g
meny_R3JpbGxldCBsYW1;Grillet lammekølle med fyld af pistacie, parmaskinke, basilikum og abrikos;ing_lammekoelle;Lammekølle (ca. 1,5 kg);1;stk
meny_R3JpbGxldCBsYW1;Grillet lammekølle med fyld af pistacie, parmaskinke, basilikum og abrikos;ing_meny_auto_648;parmaskinke;60;g
meny_R3JpbGxldCBsYW1;Grillet lammekølle med fyld af pistacie, parmaskinke, basilikum og abrikos;ing_meny_auto_649;frisk basilikum;;
meny_R3JpbGxldCBsYW1;Grillet lammekølle med fyld af pistacie, parmaskinke, basilikum og abrikos;ing_meny_auto_650;tørrede abrikoser;50;g
meny_QnJpb2NoZQ;Brioche;ing_extra_43;Salt;8;g
meny_QnJpb2NoZQ;Brioche;ing_maelk;Mælk;1;dl
meny_QnJpb2NoZQ;Brioche;ing_aeg;Æg;2;stk
meny_QnJpb2NoZQ;Brioche;ing_extra_30;Sukker;25;g
meny_QnJpb2NoZQ;Brioche;ing_meny_auto_652;gær;10;g
meny_QnJpb2NoZQ;Brioche;ing_meny_auto_653;hvedemel;350;g
meny_QnJpb2NoZQ;Brioche;ing_meny_auto_654;blødt smør i tern + ekstra til formen;100;g
meny_UsO4ZHNww6Z0dGU;Rødspætte med majssalsa;ing_extra_22;Rødspætte;600;g
meny_UsO4ZHNww6Z0dGU;Rødspætte med majssalsa;ing_extra_43;Salt;;
meny_UsO4ZHNww6Z0dGU;Rødspætte med majssalsa;ing_aeg;Æg;;
meny_UsO4ZHNww6Z0dGU;Rødspætte med majssalsa;ing_citron;Citron;1;spsk
meny_UsO4ZHNww6Z0dGU;Rødspætte med majssalsa;ing_extra_11;Hvidløg;1;fed
meny_UsO4ZHNww6Z0dGU;Rødspætte med majssalsa;ing_extra_6;Citroner;;
meny_UsO4ZHNww6Z0dGU;Rødspætte med majssalsa;ing_frisk_chili;Frisk Chili;0.25;tsk
meny_UsO4ZHNww6Z0dGU;Rødspætte med majssalsa;ing_extra_21;Rødspættefileter;600;g
meny_UsO4ZHNww6Z0dGU;Rødspætte med majssalsa;ing_meny_auto_657;majskolber;3;stk
meny_UsO4ZHNww6Z0dGU;Rødspætte med majssalsa;ing_meny_auto_658;blommetomater;200;g
meny_UsO4ZHNww6Z0dGU;Rødspætte med majssalsa;ing_meny_auto_659;frisk basilikum;1;bundt
meny_UsO4ZHNww6Z0dGU;Rødspætte med majssalsa;ing_meny_auto_660;olie;;
meny_S3lsbGluZ2VkZWx;Kyllingedeller på citrongræsspyd;ing_salat_mix;Blandet salat;;
meny_S3lsbGluZ2VkZWx;Kyllingedeller på citrongræsspyd;ing_foraarssloeg;Forårsløg;1;stk
meny_S3lsbGluZ2VkZWx;Kyllingedeller på citrongræsspyd;ing_extra_11;Hvidløg;1;stk
meny_S3lsbGluZ2VkZWx;Kyllingedeller på citrongræsspyd;ing_extra_8;Iceberg Salat;;
meny_S3lsbGluZ2VkZWx;Kyllingedeller på citrongræsspyd;ing_salatblanding;Skåret Salatblanding;;
meny_S3lsbGluZ2VkZWx;Kyllingedeller på citrongræsspyd;ing_meny_auto_661;hakket kyllingekød;600;g
meny_S3lsbGluZ2VkZWx;Kyllingedeller på citrongræsspyd;ing_meny_auto_663;peanutbutter;4;spsk
meny_S3lsbGluZ2VkZWx;Kyllingedeller på citrongræsspyd;ing_meny_auto_664;rød chilipeber uden kerner;1;stk
meny_S3lsbGluZ2VkZWx;Kyllingedeller på citrongræsspyd;ing_meny_auto_665;rød chilipeber;1;stk
meny_S3lsbGluZ2VkZWx;Kyllingedeller på citrongræsspyd;ing_meny_auto_667;rucolasalat;2;dl
meny_S3lsbGluZ2VkZWx;Kyllingedeller på citrongræsspyd;ing_meny_auto_668;allround krydderi;2;tsk
meny_S3lsbGluZ2VkZWx;Kyllingedeller på citrongræsspyd;ing_meny_auto_669;stødt allehånde;2;tsk
meny_S3lsbGluZ2VkZWx;Kyllingedeller på citrongræsspyd;ing_meny_auto_670;æg;4;stk
meny_S3lsbGluZ2VkZWx;Kyllingedeller på citrongræsspyd;ing_meny_auto_671;olie;1;spsk
meny_R3JpbGxldCBrdWx;Grillet kulmule med søde kartofler, grønne asparges og basilikumspesto;ing_extra_3;Kartofler;400;g
meny_R3JpbGxldCBrdWx;Grillet kulmule med søde kartofler, grønne asparges og basilikumspesto;ing_extra_31;Olivenolie;3;spsk
meny_R3JpbGxldCBrdWx;Grillet kulmule med søde kartofler, grønne asparges og basilikumspesto;ing_extra_43;Salt;1;tsk
meny_R3JpbGxldCBrdWx;Grillet kulmule med søde kartofler, grønne asparges og basilikumspesto;ing_extra_45;Paprika;1;tsk
meny_R3JpbGxldCBrdWx;Grillet kulmule med søde kartofler, grønne asparges og basilikumspesto;ing_asparges;Grønne Asparges;300;g
meny_R3JpbGxldCBrdWx;Grillet kulmule med søde kartofler, grønne asparges og basilikumspesto;ing_extra_21;Kulmulefilet;700;g
meny_R3JpbGxldCBrdWx;Grillet kulmule med søde kartofler, grønne asparges og basilikumspesto;ing_meny_auto_672;kulmuler filet;700;g
meny_R3JpbGxldCBrdWx;Grillet kulmule med søde kartofler, grønne asparges og basilikumspesto;ing_meny_auto_673;pinjekerner;40;g
meny_R3JpbGxldCBrdWx;Grillet kulmule med søde kartofler, grønne asparges og basilikumspesto;ing_meny_auto_674;parmigiano reggiano;40;g
meny_R3JpbGxldCBrdWx;Grillet kulmule med søde kartofler, grønne asparges og basilikumspesto;ing_meny_auto_675;æbleeddike;2;spsk
meny_R3JpbGxldCBrdWx;Grillet kulmule med søde kartofler, grønne asparges og basilikumspesto;ing_meny_auto_676;frisk basilikum;3;dl
meny_R3JpbGxldCBrdWx;Grillet kulmule med søde kartofler, grønne asparges og basilikumspesto;ing_meny_auto_678;friskkværnet peber;0.5;tsk
meny_S3lsbGluZyBtZWQ;Kylling med tomat, citron og oliven;ing_kyllingebryst;Kyllingebryst;2;stk
meny_S3lsbGluZyBtZWQ;Kylling med tomat, citron og oliven;ing_extra_19;Kyllingeunderlår;4;stk
meny_S3lsbGluZyBtZWQ;Kylling med tomat, citron og oliven;ing_extra_31;Olivenolie;3;spsk
meny_S3lsbGluZyBtZWQ;Kylling med tomat, citron og oliven;ing_extra_43;Salt;1;tsk
meny_S3lsbGluZyBtZWQ;Kylling med tomat, citron og oliven;ing_tomatsovs;Hakkede Tomater;400;g
meny_S3lsbGluZyBtZWQ;Kylling med tomat, citron og oliven;ing_aeg;Æg;;
meny_S3lsbGluZyBtZWQ;Kylling med tomat, citron og oliven;ing_citron;Citron;1;stk
meny_S3lsbGluZyBtZWQ;Kylling med tomat, citron og oliven;ing_extra_1;Tomater (Danske);400;g
meny_S3lsbGluZyBtZWQ;Kylling med tomat, citron og oliven;ing_extra_6;Citroner;;
meny_S3lsbGluZyBtZWQ;Kylling med tomat, citron og oliven;ing_tomat;Friske Tomater;400;g
meny_S3lsbGluZyBtZWQ;Kylling med tomat, citron og oliven;ing_bacon;Bacon i tern;8;stk
meny_S3lsbGluZyBtZWQ;Kylling med tomat, citron og oliven;ing_pancetta;Pancetta / Bacon i tern;8;stk
meny_S3lsbGluZyBtZWQ;Kylling med tomat, citron og oliven;ing_hel_kylling;Hel kylling;;
meny_S3lsbGluZyBtZWQ;Kylling med tomat, citron og oliven;ing_meny_auto_679;rosmarinkviste;3;stk
meny_S3lsbGluZyBtZWQ;Kylling med tomat, citron og oliven;ing_meny_auto_680;sorte oliven;100;stk
meny_S3lsbGluZyBtZWQ;Kylling med tomat, citron og oliven;ing_meny_auto_681;hvidløg i halve;4;fed
meny_S3lsbGluZyBtZWQ;Kylling med tomat, citron og oliven;ing_meny_auto_682;friskkværnet peber;;
meny_RnJpa2FkZWxsZXI;Frikadeller med æble og salvie;ing_extra_43;Salt;1;stk
meny_RnJpa2FkZWxsZXI;Frikadeller med æble og salvie;ing_extra_29;Hvedemel;2;spsk
meny_RnJpa2FkZWxsZXI;Frikadeller med æble og salvie;ing_hakket_gris;Hakket Grisekød;400;g
meny_RnJpa2FkZWxsZXI;Frikadeller med æble og salvie;ing_meny_auto_683;æg;1;stk
meny_RnJpa2FkZWxsZXI;Frikadeller med æble og salvie;ing_meny_auto_684;vand;0.5;dl
meny_RnJpa2FkZWxsZXI;Frikadeller med æble og salvie;ing_meny_auto_685;rasp;0.5;dl
meny_RnJpa2FkZWxsZXI;Frikadeller med æble og salvie;ing_meny_auto_686;æble;1;stk
meny_RnJpa2FkZWxsZXI;Frikadeller med æble og salvie;ing_meny_auto_687;løg;1;stk
meny_RnJpa2FkZWxsZXI;Frikadeller med æble og salvie;ing_meny_auto_688;frisk salvie;6;blade
meny_RnJpa2FkZWxsZXI;Frikadeller med æble og salvie;ing_meny_auto_689;frisk timian;1;spsk
meny_RnJpa2FkZWxsZXI;Frikadeller med æble og salvie;ing_meny_auto_690;smør og olie til stegning;1;tsk
meny_RnJpa2FkZWxsZXI;Frikadeller med æble og salvie;ing_meny_auto_691;tyttebærsyltetøj;100;g
meny_fixed_32_1781879414879;Pasta Pomodoro;ing_extra_31;Olivenolie;2;spsk
meny_fixed_32_1781879414879;Pasta Pomodoro;ing_extra_43;Salt;1;tsk
meny_fixed_32_1781879414879;Pasta Pomodoro;ing_pasta;Pasta;;
meny_fixed_32_1781879414879;Pasta Pomodoro;ing_extra_30;Sukker;1;tsk
meny_fixed_32_1781879414879;Pasta Pomodoro;ing_loeg;Løg;2;stk
meny_fixed_32_1781879414879;Pasta Pomodoro;ing_extra_11;Hvidløg;4;fed
meny_fixed_32_1781879414879;Pasta Pomodoro;ing_extra_1;Tomater (Danske);3;stk
meny_fixed_32_1781879414879;Pasta Pomodoro;ing_tomatsovs;Hakkede Tomater;3;stk
meny_fixed_32_1781879414879;Pasta Pomodoro;ing_tomat;Friske Tomater;3;stk
meny_fixed_32_1781879414879;Pasta Pomodoro;ing_frisk_chili;Frisk Chili;0.5;stk
meny_fixed_32_1781879414879;Pasta Pomodoro;ing_meny_auto_692;frisk timian;2;spsk
meny_fixed_32_1781879414879;Pasta Pomodoro;ing_meny_auto_693;hvid balsamicoeddike;1;spsk
meny_fixed_32_1781879414879;Pasta Pomodoro;ing_meny_auto_694;dåse flået tomat;1;stk
meny_fixed_32_1781879414879;Pasta Pomodoro;ing_meny_auto_695;vand;2;dl
meny_fixed_32_1781879414879;Pasta Pomodoro;ing_meny_auto_696;revet parmigiano reggiano;50;g
meny_fixed_32_1781879414879;Pasta Pomodoro;ing_meny_auto_697;frisk basilikum;1;dl
meny_fixed_15_1781879414877;Græskar-, æble- og klementinchutney;ing_klementiner;Klementiner;1.5;stk
meny_fixed_15_1781879414877;Græskar-, æble- og klementinchutney;ing_extra_11;Hvidløg;3;fed
meny_fixed_15_1781879414877;Græskar-, æble- og klementinchutney;ing_extra_12;Frisk Ingefær;50;g
meny_fixed_15_1781879414877;Græskar-, æble- og klementinchutney;ing_frisk_chili;Frisk Chili;1;stk
meny_fixed_15_1781879414877;Græskar-, æble- og klementinchutney;ing_meny_auto_699;hokkaido græskar;500;g
meny_fixed_15_1781879414877;Græskar-, æble- og klementinchutney;ing_meny_auto_700;æbler;250;g
meny_fixed_15_1781879414877;Græskar-, æble- og klementinchutney;ing_meny_auto_701;clementiner;1.5;stk
meny_fixed_15_1781879414877;Græskar-, æble- og klementinchutney;ing_meny_auto_702;sennepskorn;1;tsk
meny_fixed_15_1781879414877;Græskar-, æble- og klementinchutney;ing_meny_auto_703;korianderfrø;1;tsk
meny_fixed_15_1781879414877;Græskar-, æble- og klementinchutney;ing_meny_auto_704;fennikelfrø;1;tsk
meny_fixed_15_1781879414877;Græskar-, æble- og klementinchutney;ing_meny_auto_705;salt;1;tsk
meny_fixed_15_1781879414877;Græskar-, æble- og klementinchutney;ing_meny_auto_706;olivenolie;2;spsk
meny_fixed_15_1781879414877;Græskar-, æble- og klementinchutney;ing_meny_auto_707;vand;1;dl
meny_fixed_15_1781879414877;Græskar-, æble- og klementinchutney;ing_meny_auto_708;æbleeddike;3;dl
meny_fixed_25_1781879414878;Dhal;ing_ris;Ris;;
meny_fixed_25_1781879414878;Dhal;ing_extra_43;Salt;2;tsk
meny_fixed_25_1781879414878;Dhal;ing_extra_30;Sukker;1;tsk
meny_fixed_25_1781879414878;Dhal;ing_koriander;Frisk Koriander;2;tsk
meny_fixed_25_1781879414878;Dhal;ing_loeg;Løg;1;stk
meny_fixed_25_1781879414878;Dhal;ing_extra_11;Hvidløg;4;fed
meny_fixed_25_1781879414878;Dhal;ing_frisk_chili;Frisk Chili;2;tsk
meny_fixed_25_1781879414878;Dhal;ing_meny_auto_709;tørrede grønne linser;150;g
meny_fixed_25_1781879414878;Dhal;ing_meny_auto_710;tørrede røde linser;250;g
meny_fixed_25_1781879414878;Dhal;ing_meny_auto_711;stødt spidskommen;2;tsk
meny_fixed_25_1781879414878;Dhal;ing_meny_auto_712;koncentreret tomatpuré;70;g
meny_fixed_25_1781879414878;Dhal;ing_meny_auto_713;vand;1;liter
meny_R3JpbGxldCBibG9;Grillet blomkål med kogte nye kartofler, urteyoghurt og brunet sojasmør;ing_extra_3;Kartofler;600;g
meny_R3JpbGxldCBibG9;Grillet blomkål med kogte nye kartofler, urteyoghurt og brunet sojasmør;ing_extra_43;Salt;0.5;tsk
meny_R3JpbGxldCBibG9;Grillet blomkål med kogte nye kartofler, urteyoghurt og brunet sojasmør;ing_extra_44;Sort Peber;0.5;tsk
meny_R3JpbGxldCBibG9;Grillet blomkål med kogte nye kartofler, urteyoghurt og brunet sojasmør;ing_aeg;Æg;;
meny_R3JpbGxldCBibG9;Grillet blomkål med kogte nye kartofler, urteyoghurt og brunet sojasmør;ing_soja;Sojasauce;1;dl
meny_R3JpbGxldCBibG9;Grillet blomkål med kogte nye kartofler, urteyoghurt og brunet sojasmør;ing_foraarssloeg;Forårsløg;100;g
meny_R3JpbGxldCBibG9;Grillet blomkål med kogte nye kartofler, urteyoghurt og brunet sojasmør;ing_nye_kartofler;Nye kartofler;600;g
meny_R3JpbGxldCBibG9;Grillet blomkål med kogte nye kartofler, urteyoghurt og brunet sojasmør;ing_extra_6;Citroner;;
meny_R3JpbGxldCBibG9;Grillet blomkål med kogte nye kartofler, urteyoghurt og brunet sojasmør;ing_frisk_chili;Frisk Chili;1;stk
meny_R3JpbGxldCBibG9;Grillet blomkål med kogte nye kartofler, urteyoghurt og brunet sojasmør;ing_koriander;Frisk Koriander;1;dl
meny_R3JpbGxldCBibG9;Grillet blomkål med kogte nye kartofler, urteyoghurt og brunet sojasmør;ing_meny_auto_714;blomkål;2;stk
meny_R3JpbGxldCBibG9;Grillet blomkål med kogte nye kartofler, urteyoghurt og brunet sojasmør;ing_meny_auto_715;sesamolie;1;spsk
meny_R3JpbGxldCBibG9;Grillet blomkål med kogte nye kartofler, urteyoghurt og brunet sojasmør;ing_meny_auto_716;ristede sorte sesamfrø;1;spsk
meny_R3JpbGxldCBibG9;Grillet blomkål med kogte nye kartofler, urteyoghurt og brunet sojasmør;ing_meny_auto_717;radiser;50;g
meny_R3JpbGxldCBibG9;Grillet blomkål med kogte nye kartofler, urteyoghurt og brunet sojasmør;ing_meny_auto_718;smør;100;g
meny_R3JpbGxldCBibG9;Grillet blomkål med kogte nye kartofler, urteyoghurt og brunet sojasmør;ing_meny_auto_719;citronsaft;1;spsk
meny_R3JpbGxldCBibG9;Grillet blomkål med kogte nye kartofler, urteyoghurt og brunet sojasmør;ing_meny_auto_720;hakket frisk mynte;0.5;dl
meny_R3JpbGxldCBibG9;Grillet blomkål med kogte nye kartofler, urteyoghurt og brunet sojasmør;ing_meny_auto_721;græsk inspireret yoghurt;2;dl
meny_SGVsc3RlZ3QgYW5;Helstegt and med æble, tranebær og rosmarin;ing_extra_43;Salt;;
meny_SGVsc3RlZ3QgYW5;Helstegt and med æble, tranebær og rosmarin;ing_loeg;Løg;1;stk
meny_SGVsc3RlZ3QgYW5;Helstegt and med æble, tranebær og rosmarin;ing_rosmarin;Frisk Rosmarin;1;spsk
meny_SGVsc3RlZ3QgYW5;Helstegt and med æble, tranebær og rosmarin;ing_bacon;Bacontern;125;g
meny_SGVsc3RlZ3QgYW5;Helstegt and med æble, tranebær og rosmarin;ing_meny_auto_723;ænder;2.8;kg
meny_SGVsc3RlZ3QgYW5;Helstegt and med æble, tranebær og rosmarin;ing_meny_auto_724;æbler;4;stk
meny_SGVsc3RlZ3QgYW5;Helstegt and med æble, tranebær og rosmarin;ing_meny_auto_726;tørrede tranebær;50;g
meny_w5hsbWFyaW5lcmV;Ølmarineret medister med råstegte rødder;ing_extra_3;Kartofler;500;g
meny_w5hsbWFyaW5lcmV;Ølmarineret medister med råstegte rødder;ing_extra_18;Medister;800;g
meny_w5hsbWFyaW5lcmV;Ølmarineret medister med råstegte rødder;ing_extra_43;Salt;1;tsk
meny_w5hsbWFyaW5lcmV;Ølmarineret medister med råstegte rødder;ing_meny_auto_727;smagsneutral olie;2;spsk
meny_w5hsbWFyaW5lcmV;Ølmarineret medister med råstegte rødder;ing_meny_auto_728;smør;50;g
meny_w5hsbWFyaW5lcmV;Ølmarineret medister med råstegte rødder;ing_meny_auto_729;sort peber;0.5;tsk
meny_w5hsbWFyaW5lcmV;Ølmarineret medister med råstegte rødder;ing_meny_auto_730;mørk øl;1;dl
meny_w5hsbWFyaW5lcmV;Ølmarineret medister med råstegte rødder;ing_meny_auto_731;laurbærblade;2;stk
meny_w5hsbWFyaW5lcmV;Ølmarineret medister med råstegte rødder;ing_meny_auto_732;hele nelliker;4;stk
meny_w5hsbWFyaW5lcmV;Ølmarineret medister med råstegte rødder;ing_meny_auto_733;peberkorn;10;stk
meny_w5hsbWFyaW5lcmV;Ølmarineret medister med råstegte rødder;ing_meny_auto_734;rødbeder;500;g
meny_w5hsbWFyaW5lcmV;Ølmarineret medister med råstegte rødder;ing_meny_auto_735;smagsneutral olie;2;spsk
meny_w5hsbWFyaW5lcmV;Ølmarineret medister med råstegte rødder;ing_meny_auto_736;honning;2;spsk
meny_w5hsbWFyaW5lcmV;Ølmarineret medister med råstegte rødder;ing_meny_auto_737;frisk timian;0.5;dl
meny_w5hsbWFyaW5lcmV;Ølmarineret medister med råstegte rødder;ing_meny_auto_738;smør;50;g
meny_w5hsbWFyaW5lcmV;Ølmarineret medister med råstegte rødder;ing_meny_auto_739;sort peber;1;tsk
meny_fixed_14_1781879414877;Traditionelle æbleskiver med kanel og æbletern;ing_extra_30;Sukker;2;spsk
meny_fixed_14_1781879414877;Traditionelle æbleskiver med kanel og æbletern;ing_extra_6;Citroner;;
meny_fixed_14_1781879414877;Traditionelle æbleskiver med kanel og æbletern;ing_meny_auto_740;æg;2;stk
meny_fixed_14_1781879414877;Traditionelle æbleskiver med kanel og æbletern;ing_meny_auto_741;kærnemælk;5;dl
meny_fixed_14_1781879414877;Traditionelle æbleskiver med kanel og æbletern;ing_meny_auto_742;hvedemel;250;g
meny_fixed_14_1781879414877;Traditionelle æbleskiver med kanel og æbletern;ing_meny_auto_743;stødt kardemomme;0.5;tsk
meny_fixed_14_1781879414877;Traditionelle æbleskiver med kanel og æbletern;ing_meny_auto_744;natron;1;tsk
meny_fixed_14_1781879414877;Traditionelle æbleskiver med kanel og æbletern;ing_meny_auto_745;æble i små tern;1;stk
meny_fixed_14_1781879414877;Traditionelle æbleskiver med kanel og æbletern;ing_meny_auto_746;friskpresset citronsaft;1;tsk
meny_fixed_14_1781879414877;Traditionelle æbleskiver med kanel og æbletern;ing_meny_auto_747;stødt kanel;1;tsk
meny_fixed_14_1781879414877;Traditionelle æbleskiver med kanel og æbletern;ing_meny_auto_748;smør til stegning;;
meny_fixed_14_1781879414877;Traditionelle æbleskiver med kanel og æbletern;ing_meny_auto_749;flormelis til drys;1;spsk
meny_Rmlza2VmcmlrYWR;Fiskefrikadeller med fennikelsalat;ing_extra_31;Olivenolie;100;g
meny_Rmlza2VmcmlrYWR;Fiskefrikadeller med fennikelsalat;ing_fennikel;Fennikel;2;stk
meny_Rmlza2VmcmlrYWR;Fiskefrikadeller med fennikelsalat;ing_persille;Frisk Persille;15;g
meny_Rmlza2VmcmlrYWR;Fiskefrikadeller med fennikelsalat;ing_meny_auto_750;appelsiner eller blodappelsiner delt i filetter;4;stk
meny_Rmlza2VmcmlrYWR;Fiskefrikadeller med fennikelsalat;ing_meny_auto_751;fiskefrikadeller;8;stk
meny_Rmlza2VmcmlrYWR;Fiskefrikadeller med fennikelsalat;ing_meny_auto_752;fennikler skåret i tynde strimler;2;stk
meny_Rmlza2VmcmlrYWR;Fiskefrikadeller med fennikelsalat;ing_meny_auto_753;æble skåret i både;1;stk
meny_Rmlza2VmcmlrYWR;Fiskefrikadeller med fennikelsalat;ing_meny_auto_755;friskpresset appelsinsaft;4;spsk
meny_Rmlza2VmcmlrYWR;Fiskefrikadeller med fennikelsalat;ing_meny_auto_756;havsalt;;
meny_Rmlza2VmcmlrYWR;Fiskefrikadeller med fennikelsalat;ing_meny_auto_757;skiver ristet rugbrød;8;stk
meny_R2x1dGVuZnJpdCB;Glutenfrit mørkt rugbrød;ing_extra_33;Havregryn;3;dl
meny_R2x1dGVuZnJpdCB;Glutenfrit mørkt rugbrød;ing_extra_34;Mørkt Rugbrød;;
meny_R2x1dGVuZnJpdCB;Glutenfrit mørkt rugbrød;ing_extra_43;Salt;1;spsk
meny_R2x1dGVuZnJpdCB;Glutenfrit mørkt rugbrød;ing_meny_auto_758;gær;30;g
meny_R2x1dGVuZnJpdCB;Glutenfrit mørkt rugbrød;ing_meny_auto_759;lunken vand;7;dl
meny_R2x1dGVuZnJpdCB;Glutenfrit mørkt rugbrød;ing_meny_auto_760;chiafrø;3;spsk
meny_R2x1dGVuZnJpdCB;Glutenfrit mørkt rugbrød;ing_meny_auto_761;mørk sirup;2;spsk
meny_R2x1dGVuZnJpdCB;Glutenfrit mørkt rugbrød;ing_meny_auto_762;hørfrø;1;dl
meny_R2x1dGVuZnJpdCB;Glutenfrit mørkt rugbrød;ing_meny_auto_763;solsikkekerne;1;dl
meny_R2x1dGVuZnJpdCB;Glutenfrit mørkt rugbrød;ing_meny_auto_764;græskarkerner;1;dl
meny_R2x1dGVuZnJpdCB;Glutenfrit mørkt rugbrød;ing_meny_auto_765;Finax Glutenfri Melmix;550;g
meny_MSBncnVuZGRlaiA;1 grunddej - 3 slags spændende småkager;ing_aeg;Æg;;
meny_MSBncnVuZGRlaiA;1 grunddej - 3 slags spændende småkager;ing_mork_chokolade;Mørk Chokolade;50;g
meny_MSBncnVuZGRlaiA;1 grunddej - 3 slags spændende småkager;ing_meny_auto_766;bagemargarine;380;g
meny_MSBncnVuZGRlaiA;1 grunddej - 3 slags spændende småkager;ing_meny_auto_767;flormelis;200;g
meny_MSBncnVuZGRlaiA;1 grunddej - 3 slags spændende småkager;ing_meny_auto_768;hvedemel;300;g
meny_MSBncnVuZGRlaiA;1 grunddej - 3 slags spændende småkager;ing_meny_auto_769;knust rålakrids;1;tsk
meny_MSBncnVuZGRlaiA;1 grunddej - 3 slags spændende småkager;ing_meny_auto_770;finthakkede mandler;50;g
meny_MSBncnVuZGRlaiA;1 grunddej - 3 slags spændende småkager;ing_meny_auto_771;tørrede tranebær;2;spsk
meny_MSBncnVuZGRlaiA;1 grunddej - 3 slags spændende småkager;ing_meny_auto_772;finthakkede tørrede æbler;3;spsk
meny_MSBncnVuZGRlaiA;1 grunddej - 3 slags spændende småkager;ing_meny_auto_773;stødt kanel;0.5;tsk
meny_QkJRLW1hcmluYWR;BBQ-marinade;ing_peberfrugt;Peberfrugt;3;stk
meny_QkJRLW1hcmluYWR;BBQ-marinade;ing_extra_43;Salt;;
meny_QkJRLW1hcmluYWR;BBQ-marinade;ing_extra_11;Hvidløg;2;fed
meny_QkJRLW1hcmluYWR;BBQ-marinade;ing_meny_auto_774;brun farin;4;spsk
meny_QkJRLW1hcmluYWR;BBQ-marinade;ing_meny_auto_775;rødvinseddike;2;spsk
meny_QkJRLW1hcmluYWR;BBQ-marinade;ing_meny_auto_776;sojasauce;2;spsk
meny_QkJRLW1hcmluYWR;BBQ-marinade;ing_meny_auto_777;stødt ingefær;1;tsk
meny_QkJRLW1hcmluYWR;BBQ-marinade;ing_meny_auto_778;røget paprika;1;tsk
meny_QkJRLW1hcmluYWR;BBQ-marinade;ing_meny_auto_779;cayennepeber;0.5;tsk
meny_SHZpZGvDpWxzc2F;Hvidkålssalat med æble, spinatdressing og bacon;ing_hvidkaal;Hvidkål;400;g
meny_SHZpZGvDpWxzc2F;Hvidkålssalat med æble, spinatdressing og bacon;ing_extra_31;Olivenolie;0.5;dl
meny_SHZpZGvDpWxzc2F;Hvidkålssalat med æble, spinatdressing og bacon;ing_extra_43;Salt;50;g
meny_SHZpZGvDpWxzc2F;Hvidkålssalat med æble, spinatdressing og bacon;ing_aeg;Æg;;
meny_SHZpZGvDpWxzc2F;Hvidkålssalat med æble, spinatdressing og bacon;ing_foraarssloeg;Forårsløg;4;stk
meny_SHZpZGvDpWxzc2F;Hvidkålssalat med æble, spinatdressing og bacon;ing_extra_11;Hvidløg;1;fed
meny_SHZpZGvDpWxzc2F;Hvidkålssalat med æble, spinatdressing og bacon;ing_extra_6;Citroner;;
meny_SHZpZGvDpWxzc2F;Hvidkålssalat med æble, spinatdressing og bacon;ing_extra_9;Frisk Spinat;50;g
meny_SHZpZGvDpWxzc2F;Hvidkålssalat med æble, spinatdressing og bacon;ing_persille;Frisk Persille;;
meny_SHZpZGvDpWxzc2F;Hvidkålssalat med æble, spinatdressing og bacon;ing_bacon;Bacon i tern;125;g
meny_SHZpZGvDpWxzc2F;Hvidkålssalat med æble, spinatdressing og bacon;ing_pancetta;Pancetta / Bacon i tern;125;g
meny_SHZpZGvDpWxzc2F;Hvidkålssalat med æble, spinatdressing og bacon;ing_meny_auto_780;æbler;2;stk
meny_SHZpZGvDpWxzc2F;Hvidkålssalat med æble, spinatdressing og bacon;ing_meny_auto_781;Stor 1 håndfuld frisk basilikum;;
meny_SHZpZGvDpWxzc2F;Hvidkålssalat med æble, spinatdressing og bacon;ing_meny_auto_782;Lille 1 bundt frisk dild + ekstra til pynt;;
meny_SHZpZGvDpWxzc2F;Hvidkålssalat med æble, spinatdressing og bacon;ing_meny_auto_783;saft fra citronsaft;1;stk
meny_SHZpZGvDpWxzc2F;Hvidkålssalat med æble, spinatdressing og bacon;ing_meny_auto_784;yoghurt 10%;50;g
meny_SHZpZGzDuGdzbWF;Hvidløgsmarinade;ing_extra_13;Svinekoteletter;;
meny_SHZpZGzDuGdzbWF;Hvidløgsmarinade;ing_svinemoerbrad;Svinemørbrad;;
meny_SHZpZGzDuGdzbWF;Hvidløgsmarinade;ing_kyllingebryst;Kyllingebryst;;
meny_SHZpZGzDuGdzbWF;Hvidløgsmarinade;ing_hel_kylling;Hel kylling;;
meny_SHZpZGzDuGdzbWF;Hvidløgsmarinade;ing_meny_auto_786;brun farin;4;spsk
meny_SHZpZGzDuGdzbWF;Hvidløgsmarinade;ing_meny_auto_787;olivenolie;1;dl
meny_SHZpZGzDuGdzbWF;Hvidløgsmarinade;ing_meny_auto_788;hvidløg;2;fed
meny_SHZpZGzDuGdzbWF;Hvidløgsmarinade;ing_meny_auto_789;flydende honning;2;tsk
meny_SHZpZGzDuGdzbWF;Hvidløgsmarinade;ing_meny_auto_790;tomatketchup;2;spsk
meny_SHZpZGzDuGdzbWF;Hvidløgsmarinade;ing_meny_auto_791;dijonsennep;2;tsk
meny_SHZpZGzDuGdzbWF;Hvidløgsmarinade;ing_meny_auto_792;æbleeddike;1;spsk
meny_SHZpZGzDuGdzbWF;Hvidløgsmarinade;ing_meny_auto_793;worcestershiresauce;1;spsk
meny_SHZpZGzDuGdzbWF;Hvidløgsmarinade;ing_meny_auto_794;havsalt;1;tsk
meny_S2FuZWxzbmVnbGU;Kanelsnegle;ing_extra_38;Kanelsnegle;;
meny_S2FuZWxzbmVnbGU;Kanelsnegle;ing_extra_43;Salt;0.5;tsk
meny_S2FuZWxzbmVnbGU;Kanelsnegle;ing_maelk;Mælk;5;dl
meny_S2FuZWxzbmVnbGU;Kanelsnegle;ing_extra_30;Sukker;1.5;dl
meny_S2FuZWxzbmVnbGU;Kanelsnegle;ing_meny_auto_795;bagemargarine;100;g
meny_S2FuZWxzbmVnbGU;Kanelsnegle;ing_meny_auto_796;gær;25;g
meny_S2FuZWxzbmVnbGU;Kanelsnegle;ing_meny_auto_797;stødt kardemomme;2;tsk
meny_S2FuZWxzbmVnbGU;Kanelsnegle;ing_meny_auto_798;hvedemel;800;g
meny_S2FuZWxzbmVnbGU;Kanelsnegle;ing_meny_auto_799;bagemargarine;150;g
meny_S2FuZWxzbmVnbGU;Kanelsnegle;ing_meny_auto_800;stødt kanel;2;spsk
meny_S2FuZWxzbmVnbGU;Kanelsnegle;ing_meny_auto_801;sammen pisket æg;1;stk
meny_QXNwYXJnZXNrYXJ;Aspargeskartofler med granatæblekerner og sprød parmaskinke;ing_extra_3;Kartofler;850;g
meny_QXNwYXJnZXNrYXJ;Aspargeskartofler med granatæblekerner og sprød parmaskinke;ing_extra_31;Olivenolie;1;dl
meny_QXNwYXJnZXNrYXJ;Aspargeskartofler med granatæblekerner og sprød parmaskinke;ing_extra_43;Salt;;
meny_QXNwYXJnZXNrYXJ;Aspargeskartofler med granatæblekerner og sprød parmaskinke;ing_squash;Squash;1;stk
meny_QXNwYXJnZXNrYXJ;Aspargeskartofler med granatæblekerner og sprød parmaskinke;ing_vand;Koldt vand;;
meny_QXNwYXJnZXNrYXJ;Aspargeskartofler med granatæblekerner og sprød parmaskinke;ing_meny_auto_802;rødløg i tynde både;1;stk
meny_QXNwYXJnZXNrYXJ;Aspargeskartofler med granatæblekerner og sprød parmaskinke;ing_meny_auto_803;granatæble i kerner;1;stk
meny_QXNwYXJnZXNrYXJ;Aspargeskartofler med granatæblekerner og sprød parmaskinke;ing_meny_auto_804;friske gedeoste i mindre stykker;100;g
meny_QXNwYXJnZXNrYXJ;Aspargeskartofler med granatæblekerner og sprød parmaskinke;ing_meny_auto_805;groft hakket frisk dild;2;dl
meny_QXNwYXJnZXNrYXJ;Aspargeskartofler med granatæblekerner og sprød parmaskinke;ing_meny_auto_806;skiver stegte parmaskinke;6;stk
meny_QXNwYXJnZXNrYXJ;Aspargeskartofler med granatæblekerner og sprød parmaskinke;ing_meny_auto_807;hvid balsamicoeddike;3;spsk
meny_Q3JlbWV0IHBhc3R;Cremet pasta med kylling, fennikel og tomat;ing_extra_43;Salt;;
meny_Q3JlbWV0IHBhc3R;Cremet pasta med kylling, fennikel og tomat;ing_pasta;Pasta;500;g
meny_Q3JlbWV0IHBhc3R;Cremet pasta med kylling, fennikel og tomat;ing_fennikel;Fennikel;1;stk
meny_Q3JlbWV0IHBhc3R;Cremet pasta med kylling, fennikel og tomat;ing_loeg;Løg;;
meny_Q3JlbWV0IHBhc3R;Cremet pasta med kylling, fennikel og tomat;ing_extra_1;Tomater (Danske);500;g
meny_Q3JlbWV0IHBhc3R;Cremet pasta med kylling, fennikel og tomat;ing_kyllingebryst;Kyllingebryst;1;stk
meny_Q3JlbWV0IHBhc3R;Cremet pasta med kylling, fennikel og tomat;ing_extra_4;Gulerødder;;
meny_Q3JlbWV0IHBhc3R;Cremet pasta med kylling, fennikel og tomat;ing_tomatsovs;Hakkede Tomater;;
meny_Q3JlbWV0IHBhc3R;Cremet pasta med kylling, fennikel og tomat;ing_tomat;Friske Tomater;500;g
meny_Q3JlbWV0IHBhc3R;Cremet pasta med kylling, fennikel og tomat;ing_hel_kylling;Hel kylling;1;stk
meny_Q3JlbWV0IHBhc3R;Cremet pasta med kylling, fennikel og tomat;ing_meny_auto_808;olivenolie;1;spsk
meny_Q3JlbWV0IHBhc3R;Cremet pasta med kylling, fennikel og tomat;ing_meny_auto_809;Puck® salatost i blok;200;g
meny_R3JpbGxlZGUgYmF;Grillede bananer med cheesecakecreme;ing_extra_7;Bananer;4;stk
meny_R3JpbGxlZGUgYmF;Grillede bananer med cheesecakecreme;ing_vanilje;Vaniljesukker;1;tsk
meny_R3JpbGxlZGUgYmF;Grillede bananer med cheesecakecreme;ing_hasselnoedder;Hasselnødder;50;g
meny_R3JpbGxlZGUgYmF;Grillede bananer med cheesecakecreme;ing_meny_auto_810;brun farin;2;spsk
meny_R3JpbGxlZGUgYmF;Grillede bananer med cheesecakecreme;ing_meny_auto_811;mørk chokolade;100;g
meny_R3JpbGxlZGUgYmF;Grillede bananer med cheesecakecreme;ing_meny_auto_812;piskefløde;1.5;dl
meny_R3JpbGxlZGUgYmF;Grillede bananer med cheesecakecreme;ing_meny_auto_813;flødeost naturel;100;g
meny_R3JpbGxlZGUgYmF;Grillede bananer med cheesecakecreme;ing_meny_auto_814;flormelis;25;g
meny_R3JpbGxlZGUgYmF;Grillede bananer med cheesecakecreme;ing_meny_auto_815;piskefløde;2;dl
meny_QXZvY2Fkby1tYW5;Avocado-mangosalat med cashewnødder og hytteost;ing_extra_43;Salt;1;tsk
meny_QXZvY2Fkby1tYW5;Avocado-mangosalat med cashewnødder og hytteost;ing_extra_46;Oregano;;
meny_QXZvY2Fkby1tYW5;Avocado-mangosalat med cashewnødder og hytteost;ing_avocado;Avocado;2;stk
meny_QXZvY2Fkby1tYW5;Avocado-mangosalat med cashewnødder og hytteost;ing_meny_auto_816;mango;1;stk
meny_QXZvY2Fkby1tYW5;Avocado-mangosalat med cashewnødder og hytteost;ing_meny_auto_817;ca. 250 g romainesalat;;
meny_QXZvY2Fkby1tYW5;Avocado-mangosalat med cashewnødder og hytteost;ing_meny_auto_818;Arla Karolines Køkken® Hytteost 4%;100;g
meny_QXZvY2Fkby1tYW5;Avocado-mangosalat med cashewnødder og hytteost;ing_meny_auto_819;hvidvinseddike;2;spsk
meny_QXZvY2Fkby1tYW5;Avocado-mangosalat med cashewnødder og hytteost;ing_meny_auto_820;flydende honning;1;spsk
meny_QXZvY2Fkby1tYW5;Avocado-mangosalat med cashewnødder og hytteost;ing_meny_auto_821;cashewnødder;100;g
meny_QXZvY2Fkby1tYW5;Avocado-mangosalat med cashewnødder og hytteost;ing_meny_auto_822;sesamfrø;2;spsk
meny_RmFzYW4gaSBjcmV;Fasan i cremet bourbonsauce med salvie, bacon og æble ;ing_extra_43;Salt;;
meny_RmFzYW4gaSBjcmV;Fasan i cremet bourbonsauce med salvie, bacon og æble ;ing_aeg;Æg;;
meny_RmFzYW4gaSBjcmV;Fasan i cremet bourbonsauce med salvie, bacon og æble ;ing_bacon;Bacon i tern;;
meny_RmFzYW4gaSBjcmV;Fasan i cremet bourbonsauce med salvie, bacon og æble ;ing_pancetta;Pancetta / Bacon i tern;;
meny_RmFzYW4gaSBjcmV;Fasan i cremet bourbonsauce med salvie, bacon og æble;ing_meny_auto_823;hel fasan;1;stk
meny_RmFzYW4gaSBjcmV;Fasan i cremet bourbonsauce med salvie, bacon og æble;ing_meny_auto_824;skalotteløg;250;g
meny_RmFzYW4gaSBjcmV;Fasan i cremet bourbonsauce med salvie, bacon og æble;ing_meny_auto_825;bacontern;150;g
meny_RmFzYW4gaSBjcmV;Fasan i cremet bourbonsauce med salvie, bacon og æble;ing_meny_auto_826;smør;25;g
meny_RmFzYW4gaSBjcmV;Fasan i cremet bourbonsauce med salvie, bacon og æble;ing_meny_auto_827;enebær;8;stk
meny_RmFzYW4gaSBjcmV;Fasan i cremet bourbonsauce med salvie, bacon og æble;ing_meny_auto_828;koncentreret tomatpuré;1;spsk
meny_RmFzYW4gaSBjcmV;Fasan i cremet bourbonsauce med salvie, bacon og æble;ing_meny_auto_829;bourbon eller whisky;6;cl
meny_RmFzYW4gaSBjcmV;Fasan i cremet bourbonsauce med salvie, bacon og æble;ing_meny_auto_830;piskefløde;3;dl
meny_RmFzYW4gaSBjcmV;Fasan i cremet bourbonsauce med salvie, bacon og æble;ing_meny_auto_831;æbler;2;stk
meny_RmFzYW4gaSBjcmV;Fasan i cremet bourbonsauce med salvie, bacon og æble;ing_meny_auto_832;frisk salvie;8;blade
meny_RmFzYW4gaSBjcmV;Fasan i cremet bourbonsauce med salvie, bacon og æble;ing_meny_auto_833;kartoffelmos eller rodfrugtmos;;
meny_R3JpbGxlZGUga3J;Grillede krabbeklør med aioli og lime;ing_extra_43;Salt;1;tsk
meny_R3JpbGxlZGUga3J;Grillede krabbeklør med aioli og lime;ing_vand;Koldt vand;;
meny_R3JpbGxlZGUga3J;Grillede krabbeklør med aioli og lime;ing_extra_11;Hvidløg;1;stk
meny_R3JpbGxlZGUga3J;Grillede krabbeklør med aioli og lime;ing_meny_auto_834;krabbeklo;1;kg
meny_R3JpbGxlZGUga3J;Grillede krabbeklør med aioli og lime;ing_meny_auto_835;lime;2;stk
meny_R3JpbGxlZGUga3J;Grillede krabbeklør med aioli og lime;ing_meny_auto_836;friskrevet frisk ingefær;25;g
meny_R3JpbGxlZGUga3J;Grillede krabbeklør med aioli og lime;ing_meny_auto_837;flydende honning;2;spsk
meny_R3JpbGxlZGUga3J;Grillede krabbeklør med aioli og lime;ing_meny_auto_838;æggeblommer;2;stk
meny_R3JpbGxlZGUga3J;Grillede krabbeklør med aioli og lime;ing_meny_auto_839;hvidvinseddike;1;tsk
meny_R3JpbGxlZGUga3J;Grillede krabbeklør med aioli og lime;ing_meny_auto_840;dijonsennep;1;tsk
meny_R3JpbGxlZGUga3J;Grillede krabbeklør med aioli og lime;ing_meny_auto_841;cayennepeber;0.25;tsk
meny_R3JpbGxlZGUga3J;Grillede krabbeklør med aioli og lime;ing_meny_auto_842;koldpresset rapsolie;2;dl
meny_R3JpbGxlZGUga3J;Grillede krabbeklør med aioli og lime;ing_meny_auto_843;lime i både til pynt;1;stk
meny_SHVtbXVzIG1lZCB;Hummus med krydrede kødboller og spidskålsalat;ing_extra_31;Olivenolie;2;spsk
meny_SHVtbXVzIG1lZCB;Hummus med krydrede kødboller og spidskålsalat;ing_extra_43;Salt;;
meny_SHVtbXVzIG1lZCB;Hummus med krydrede kødboller og spidskålsalat;ing_spidskommen;Spidskommen;0.5;tsk
meny_SHVtbXVzIG1lZCB;Hummus med krydrede kødboller og spidskålsalat;ing_loeg;Løg;1;stk
meny_SHVtbXVzIG1lZCB;Hummus med krydrede kødboller og spidskålsalat;ing_extra_11;Hvidløg;1;stk
meny_SHVtbXVzIG1lZCB;Hummus med krydrede kødboller og spidskålsalat;ing_extra_6;Citroner;;
meny_SHVtbXVzIG1lZCB;Hummus med krydrede kødboller og spidskålsalat;ing_extra_8;Iceberg Salat;;
meny_SHVtbXVzIG1lZCB;Hummus med krydrede kødboller og spidskålsalat;ing_persille;Frisk Persille;1;stk
meny_SHVtbXVzIG1lZCB;Hummus med krydrede kødboller og spidskålsalat;ing_salat_mix;Blandet salat;;
meny_SHVtbXVzIG1lZCB;Hummus med krydrede kødboller og spidskålsalat;ing_salatblanding;Skåret Salatblanding;;
meny_SHVtbXVzIG1lZCB;Hummus med krydrede kødboller og spidskålsalat;ing_meny_auto_845;hakket oksekød;400;g
meny_SHVtbXVzIG1lZCB;Hummus med krydrede kødboller og spidskålsalat;ing_meny_auto_846;æg;1;stk
meny_SHVtbXVzIG1lZCB;Hummus med krydrede kødboller og spidskålsalat;ing_meny_auto_847;rasp;25;g
meny_SHVtbXVzIG1lZCB;Hummus med krydrede kødboller og spidskålsalat;ing_meny_auto_848;stødt korianderfrø;1;tsk
meny_SHVtbXVzIG1lZCB;Hummus med krydrede kødboller og spidskålsalat;ing_meny_auto_849;dåse kikært;1;stk
meny_SHVtbXVzIG1lZCB;Hummus med krydrede kødboller og spidskålsalat;ing_meny_auto_850;Saft af 0.5 citron;;
meny_SHVtbXVzIG1lZCB;Hummus med krydrede kødboller og spidskålsalat;ing_meny_auto_851;tahin;4;spsk
meny_SHVtbXVzIG1lZCB;Hummus med krydrede kødboller og spidskålsalat;ing_meny_auto_853;spidskål;0.5;stk
meny_SHVtbXVzIG1lZCB;Hummus med krydrede kødboller og spidskålsalat;ing_meny_auto_854;frisk dild;1;bundt
meny_SHVtbXVzIG1lZCB;Hummus med krydrede kødboller og spidskålsalat;ing_meny_auto_856;Saft af 0.5 citron;;
meny_SHVtbXVzIG1lZCB;Hummus med krydrede kødboller og spidskålsalat;ing_meny_auto_857;feta;150;g
meny_SHVtbXVzIG1lZCB;Hummus med krydrede kødboller og spidskålsalat;ing_meny_auto_858;granatæblekerner;75;g
meny_SGplbW1lbGF2ZWR;Hjemmelavede hotdogs med grønne asparges og rejesalat;ing_extra_31;Olivenolie;0.5;dl
meny_SGplbW1lbGF2ZWR;Hjemmelavede hotdogs med grønne asparges og rejesalat;ing_extra_43;Salt;1;tsk
meny_SGplbW1lbGF2ZWR;Hjemmelavede hotdogs med grønne asparges og rejesalat;ing_extra_29;Hvedemel;200;g
meny_SGplbW1lbGF2ZWR;Hjemmelavede hotdogs med grønne asparges og rejesalat;ing_extra_30;Sukker;2;tsk
meny_SGplbW1lbGF2ZWR;Hjemmelavede hotdogs med grønne asparges og rejesalat;ing_asparges;Grønne Asparges;33;stk
meny_SGplbW1lbGF2ZWR;Hjemmelavede hotdogs med grønne asparges og rejesalat;ing_mayonnaise;Mayonnaise;1;dl
meny_SGplbW1lbGF2ZWR;Hjemmelavede hotdogs med grønne asparges og rejesalat;ing_foraarssloeg;Forårsløg;2;stk
meny_SGplbW1lbGF2ZWR;Hjemmelavede hotdogs med grønne asparges og rejesalat;ing_vand;Koldt vand;;
meny_SGplbW1lbGF2ZWR;Hjemmelavede hotdogs med grønne asparges og rejesalat;ing_extra_6;Citroner;;
meny_SGplbW1lbGF2ZWR;Hjemmelavede hotdogs med grønne asparges og rejesalat;ing_pølser;Gode Brunchpølser;;
meny_SGplbW1lbGF2ZWR;Hjemmelavede hotdogs med grønne asparges og rejesalat;ing_meny_auto_859;gær;25;g
meny_SGplbW1lbGF2ZWR;Hjemmelavede hotdogs med grønne asparges og rejesalat;ing_meny_auto_860;lunket mælk;3;dl
meny_SGplbW1lbGF2ZWR;Hjemmelavede hotdogs med grønne asparges og rejesalat;ing_meny_auto_861;æg;1;stk
meny_SGplbW1lbGF2ZWR;Hjemmelavede hotdogs med grønne asparges og rejesalat;ing_meny_auto_863;æg;1;stk
meny_SGplbW1lbGF2ZWR;Hjemmelavede hotdogs med grønne asparges og rejesalat;ing_meny_auto_864;chiafrø;1;spsk
meny_SGplbW1lbGF2ZWR;Hjemmelavede hotdogs med grønne asparges og rejesalat;ing_meny_auto_865;Cheasy® skyr naturel;1;dl
meny_SGplbW1lbGF2ZWR;Hjemmelavede hotdogs med grønne asparges og rejesalat;ing_meny_auto_866;finthakket purløg;0.5;dl
meny_SGplbW1lbGF2ZWR;Hjemmelavede hotdogs med grønne asparges og rejesalat;ing_meny_auto_867;friskpresset citronsaft;1;spsk
meny_SGplbW1lbGF2ZWR;Hjemmelavede hotdogs med grønne asparges og rejesalat;ing_meny_auto_868;citronskal;1;spsk
meny_SGplbW1lbGF2ZWR;Hjemmelavede hotdogs med grønne asparges og rejesalat;ing_meny_auto_870;rejer;200;g
meny_SGplbW1lbGF2ZWR;Hjemmelavede hotdogs med grønne asparges og rejesalat;ing_meny_auto_871;radiser;60;g
meny_SGplbW1lbGF2ZWR;Hjemmelavede hotdogs med grønne asparges og rejesalat;ing_meny_auto_872;ærteskud;25;g
meny_SGplbW1lbGF2ZWR;Hjemmelavede hotdogs med grønne asparges og rejesalat;ing_meny_auto_873;purløg;1;dl
meny_SMO4bnNlc2FsYXQ;Hønsesalat med æble og valnødder;ing_extra_36;Franskbrød;;
meny_SMO4bnNlc2FsYXQ;Hønsesalat med æble og valnødder;ing_extra_43;Salt;;
meny_SMO4bnNlc2FsYXQ;Hønsesalat med æble og valnødder;ing_mayonnaise;Mayonnaise;100;g
meny_SMO4bnNlc2FsYXQ;Hønsesalat med æble og valnødder;ing_kyllingebryst;Kyllingebryst;;
meny_SMO4bnNlc2FsYXQ;Hønsesalat med æble og valnødder;ing_bacon;Bacon i tern;125;g
meny_SMO4bnNlc2FsYXQ;Hønsesalat med æble og valnødder;ing_pancetta;Pancetta / Bacon i tern;125;g
meny_SMO4bnNlc2FsYXQ;Hønsesalat med æble og valnødder;ing_hel_kylling;Hel kylling;;
meny_SMO4bnNlc2FsYXQ;Hønsesalat med æble og valnødder;ing_meny_auto_874;kogt eller stegt kyllingekød uden skind;200;g
meny_SMO4bnNlc2FsYXQ;Hønsesalat med æble og valnødder;ing_meny_auto_875;æble;1;stk
meny_SMO4bnNlc2FsYXQ;Hønsesalat med æble og valnødder;ing_meny_auto_876;valnødder;25;g
meny_SMO4bnNlc2FsYXQ;Hønsesalat med æble og valnødder;ing_meny_auto_877;Arla A38® Ymer;1;dl
meny_SMO4bnNlc2FsYXQ;Hønsesalat med æble og valnødder;ing_meny_auto_878;sød fransk sennep;2;spsk
meny_SMO4bnNlc2FsYXQ;Hønsesalat med æble og valnødder;ing_meny_auto_879;frisk kørvel;1;dl
meny_R3JpbGxldCBhZ3V;Grillet agurk med grillede jordbær, saltmandler og mynte;ing_extra_2;Agurk;2;stk
meny_R3JpbGxldCBhZ3V;Grillet agurk med grillede jordbær, saltmandler og mynte;ing_aeble;Æble;0.5;stk
meny_R3JpbGxldCBhZ3V;Grillet agurk med grillede jordbær, saltmandler og mynte;ing_extra_43;Salt;0.5;tsk
meny_R3JpbGxldCBhZ3V;Grillet agurk med grillede jordbær, saltmandler og mynte;ing_meny_auto_880;olivenolie;2;spsk
meny_R3JpbGxldCBhZ3V;Grillet agurk med grillede jordbær, saltmandler og mynte;ing_meny_auto_881;jordbær i halve;450;g
meny_R3JpbGxldCBhZ3V;Grillet agurk med grillede jordbær, saltmandler og mynte;ing_meny_auto_882;ristede mandler;50;g
meny_R3JpbGxldCBhZ3V;Grillet agurk med grillede jordbær, saltmandler og mynte;ing_meny_auto_883;hakket mynte;1;dl
meny_R3JpbGxldCBhZ3V;Grillet agurk med grillede jordbær, saltmandler og mynte;ing_meny_auto_884;rucolasalat;75;g
meny_RnlsZHRlIGF1YmV;Fyldte aubergineruller;ing_extra_31;Olivenolie;3;spsk
meny_RnlsZHRlIGF1YmV;Fyldte aubergineruller;ing_extra_43;Salt;;
meny_RnlsZHRlIGF1YmV;Fyldte aubergineruller;ing_aeg;Æg;;
meny_RnlsZHRlIGF1YmV;Fyldte aubergineruller;ing_loeg;Løg;2;stk
meny_RnlsZHRlIGF1YmV;Fyldte aubergineruller;ing_rosmarin;Frisk Rosmarin;1;spsk
meny_RnlsZHRlIGF1YmV;Fyldte aubergineruller;ing_meny_auto_886;auberginer;2;stk
meny_RnlsZHRlIGF1YmV;Fyldte aubergineruller;ing_meny_auto_887;ricotta;250;g
meny_RnlsZHRlIGF1YmV;Fyldte aubergineruller;ing_meny_auto_888;koncentreret tomatpuré;250;g
meny_QXZvY2Fkb3NhbGF;Avocadosalat med blåbær, fetaost, saltristede mandler og mynte-limedressing;ing_quinoa;Quinoa;2;dl
meny_QXZvY2Fkb3NhbGF;Avocadosalat med blåbær, fetaost, saltristede mandler og mynte-limedressing;ing_extra_31;Olivenolie;1;dl
meny_QXZvY2Fkb3NhbGF;Avocadosalat med blåbær, fetaost, saltristede mandler og mynte-limedressing;ing_extra_43;Salt;0.5;tsk
meny_QXZvY2Fkb3NhbGF;Avocadosalat med blåbær, fetaost, saltristede mandler og mynte-limedressing;ing_extra_44;Sort Peber;2;dl
meny_QXZvY2Fkb3NhbGF;Avocadosalat med blåbær, fetaost, saltristede mandler og mynte-limedressing;ing_avocado;Avocado;3;stk
meny_QXZvY2Fkb3NhbGF;Avocadosalat med blåbær, fetaost, saltristede mandler og mynte-limedressing;ing_vand;Koldt vand;4;dl
meny_QXZvY2Fkb3NhbGF;Avocadosalat med blåbær, fetaost, saltristede mandler og mynte-limedressing;ing_extra_9;Frisk Spinat;200;g
meny_QXZvY2Fkb3NhbGF;Avocadosalat med blåbær, fetaost, saltristede mandler og mynte-limedressing;ing_meny_auto_889;grøntsagsbouillon;1;stk
meny_QXZvY2Fkb3NhbGF;Avocadosalat med blåbær, fetaost, saltristede mandler og mynte-limedressing;ing_meny_auto_890;Puck® salatost i blok;100;g
meny_QXZvY2Fkb3NhbGF;Avocadosalat med blåbær, fetaost, saltristede mandler og mynte-limedressing;ing_meny_auto_891;blåbær;125;g
meny_QXZvY2Fkb3NhbGF;Avocadosalat med blåbær, fetaost, saltristede mandler og mynte-limedressing;ing_meny_auto_892;lime;1;stk
meny_QXZvY2Fkb3NhbGF;Avocadosalat med blåbær, fetaost, saltristede mandler og mynte-limedressing;ing_meny_auto_893;flydende honning;1;spsk
meny_QXZvY2Fkb3NhbGF;Avocadosalat med blåbær, fetaost, saltristede mandler og mynte-limedressing;ing_meny_auto_895;friskhakket mynte;1;dl
meny_QXZvY2Fkb3NhbGF;Avocadosalat med blåbær, fetaost, saltristede mandler og mynte-limedressing;ing_meny_auto_896;pynt: frisk mynte;;
meny_R3JhdGluZXJlZGU;Gratinerede auberginer;ing_extra_31;Olivenolie;2;spsk
meny_R3JhdGluZXJlZGU;Gratinerede auberginer;ing_extra_43;Salt;;
meny_R3JhdGluZXJlZGU;Gratinerede auberginer;ing_aubergine;Aubergine;2;stk
meny_R3JhdGluZXJlZGU;Gratinerede auberginer;ing_meny_auto_897;rødløg;2;stk
meny_R3JhdGluZXJlZGU;Gratinerede auberginer;ing_meny_auto_898;hakket frisk rosmarin;1;spsk
meny_R3JhdGluZXJlZGU;Gratinerede auberginer;ing_meny_auto_899;koncentreret tomatpuré;500;g
meny_R3JhdGluZXJlZGU;Gratinerede auberginer;ing_meny_auto_900;ricotta;200;g
meny_RHVtbGUgY2hvY29;Dumle chocolate chip cookies;ing_extra_29;Hvedemel;200;g
meny_RHVtbGUgY2hvY29;Dumle chocolate chip cookies;ing_extra_30;Sukker;200;g
meny_RHVtbGUgY2hvY29;Dumle chocolate chip cookies;ing_vanilje;Vaniljesukker;1;tsk
meny_RHVtbGUgY2hvY29;Dumle chocolate chip cookies;ing_bagepulver;Bagepulver;0.5;tsk
meny_RHVtbGUgY2hvY29;Dumle chocolate chip cookies;ing_meny_auto_901;blødt smør;120;g
meny_RHVtbGUgY2hvY29;Dumle chocolate chip cookies;ing_meny_auto_902;æg;1;stk
meny_RHVtbGUgY2hvY29;Dumle chocolate chip cookies;ing_meny_auto_903;Dumle karamel;120;g
meny_Q3JlbWV0IHRvbWF;Cremet tomatsuppe med ristede auberginer;ing_extra_43;Salt;;
meny_Q3JlbWV0IHRvbWF;Cremet tomatsuppe med ristede auberginer;ing_aubergine;Aubergine;1;stk
meny_Q3JlbWV0IHRvbWF;Cremet tomatsuppe med ristede auberginer;ing_loeg;Løg;2;stk
meny_Q3JlbWV0IHRvbWF;Cremet tomatsuppe med ristede auberginer;ing_meny_auto_904;olivenolie;2;spsk
meny_Q3JlbWV0IHRvbWF;Cremet tomatsuppe med ristede auberginer;ing_meny_auto_905;hakket frisk rosmarin;1;spsk
meny_Q3JlbWV0IHRvbWF;Cremet tomatsuppe med ristede auberginer;ing_meny_auto_906;koncentreret tomatpuré;500;g
meny_Q3JlbWV0IHRvbWF;Cremet tomatsuppe med ristede auberginer;ing_meny_auto_907;vand;8;dl
meny_Q3JlbWV0IHRvbWF;Cremet tomatsuppe med ristede auberginer;ing_meny_auto_908;evt. 1 terning hønsebouillon;;
meny_R3LDuG4gYXNwYXJ;Grøn aspargessuppe med grillede aspargeshoveder;ing_extra_43;Salt;;
meny_R3LDuG4gYXNwYXJ;Grøn aspargessuppe med grillede aspargeshoveder;ing_loeg;Løg;1;stk
meny_R3LDuG4gYXNwYXJ;Grøn aspargessuppe med grillede aspargeshoveder;ing_meny_auto_909;grønne asparges + gem aspargeshovederne til pynt;600;g
meny_R3LDuG4gYXNwYXJ;Grøn aspargessuppe med grillede aspargeshoveder;ing_meny_auto_910;smør;25;g
meny_R3LDuG4gYXNwYXJ;Grøn aspargessuppe med grillede aspargeshoveder;ing_meny_auto_911;frossen ært;1;dl
meny_R3LDuG4gYXNwYXJ;Grøn aspargessuppe med grillede aspargeshoveder;ing_meny_auto_912;hønsebouillon;7;dl
meny_R3LDuG4gYXNwYXJ;Grøn aspargessuppe med grillede aspargeshoveder;ing_meny_auto_913;Arla Karolines Køkken® Madlavningsfløde 15%;1;dl
meny_R3LDuG4gYXNwYXJ;Grøn aspargessuppe med grillede aspargeshoveder;ing_meny_auto_914;friskkværnet peber;;
meny_R3LDuG4gYXNwYXJ;Grøn aspargessuppe med grillede aspargeshoveder;ing_meny_auto_916;friskkværnet rosa peberkorn;;
meny_R3LDuG4gYXNwYXJ;Grøn aspargessuppe med grillede aspargeshoveder;ing_meny_auto_917;frisk frisk kørvel;;
meny_R3JpbGxldCBncml;Grillet grisemørbrad med pinjekerner og parmaskinke;ing_extra_43;Salt;1;tsk
meny_R3JpbGxldCBncml;Grillet grisemørbrad med pinjekerner og parmaskinke;ing_aeg;Æg;;
meny_R3JpbGxldCBncml;Grillet grisemørbrad med pinjekerner og parmaskinke;ing_extra_1;Tomater (Danske);50;g
meny_R3JpbGxldCBncml;Grillet grisemørbrad med pinjekerner og parmaskinke;ing_rosmarin;Frisk Rosmarin;1;spsk
meny_R3JpbGxldCBncml;Grillet grisemørbrad med pinjekerner og parmaskinke;ing_tomatsovs;Hakkede Tomater;50;g
meny_R3JpbGxldCBncml;Grillet grisemørbrad med pinjekerner og parmaskinke;ing_tomat;Friske Tomater;50;g
meny_R3JpbGxldCBncml;Grillet grisemørbrad med pinjekerner og parmaskinke;ing_svinemoerbrad;Svinemørbrad;1;stk
meny_R3JpbGxldCBncml;Grillet grisemørbrad med pinjekerner og parmaskinke;ing_meny_auto_918;Arla Buko® Pikant;500;g
meny_R3JpbGxldCBncml;Grillet grisemørbrad med pinjekerner og parmaskinke;ing_meny_auto_919;tørret chiliflage;1;tsk
meny_R3JpbGxldCBncml;Grillet grisemørbrad med pinjekerner og parmaskinke;ing_meny_auto_920;ristede pinjekerner;40;g
meny_R3JpbGxldCBncml;Grillet grisemørbrad med pinjekerner og parmaskinke;ing_meny_auto_921;parmaskinke i skiver;100;g
meny_TW9ybW9ycyByw7h;Mormors rødkål med æble, appelsin og solbærsaft;ing_extra_43;Salt;;
meny_TW9ybW9ycyByw7h;Mormors rødkål med æble, appelsin og solbærsaft;ing_extra_30;Sukker;;
meny_TW9ybW9ycyByw7h;Mormors rødkål med æble, appelsin og solbærsaft;ing_loeg;Løg;1;stk
meny_TW9ybW9ycyByw7h;Mormors rødkål med æble, appelsin og solbærsaft;ing_meny_auto_923;1/2 rødkål;0.5;stk
meny_TW9ybW9ycyByw7h;Mormors rødkål med æble, appelsin og solbærsaft;ing_meny_auto_924;æbler;2;stk
meny_TW9ybW9ycyByw7h;Mormors rødkål med æble, appelsin og solbærsaft;ing_meny_auto_925;appelsin;1;stk
meny_TW9ybW9ycyByw7h;Mormors rødkål med æble, appelsin og solbærsaft;ing_meny_auto_926;smør;1;spsk
meny_TW9ybW9ycyByw7h;Mormors rødkål med æble, appelsin og solbærsaft;ing_meny_auto_927;solbærsaft;1;dl
meny_TW9ybW9ycyByw7h;Mormors rødkål med æble, appelsin og solbærsaft;ing_meny_auto_928;hvidvinseddike;4;spsk
meny_TW9ybW9ycyByw7h;Mormors rødkål med æble, appelsin og solbærsaft;ing_meny_auto_929;laurbærblad;1;stk
meny_TW9ybW9ycyByw7h;Mormors rødkål med æble, appelsin og solbærsaft;ing_meny_auto_930;timianblade;4;stk
meny_TW9ybW9ycyByw7h;Mormors rødkål med æble, appelsin og solbærsaft;ing_meny_auto_931;kanelstænger;2;stk
meny_TW9ybW9ycyByw7h;Mormors rødkål med æble, appelsin og solbærsaft;ing_meny_auto_932;evt. 2 spsk andefedt;;
meny_TWluZXN0cm9uZSB;Minestrone med kål, pancetta, kikærter og pasta;ing_extra_3;Kartofler;250;g
meny_TWluZXN0cm9uZSB;Minestrone med kål, pancetta, kikærter og pasta;ing_extra_4;Gulerødder;2;stk
meny_TWluZXN0cm9uZSB;Minestrone med kål, pancetta, kikærter og pasta;ing_extra_43;Salt;;
meny_TWluZXN0cm9uZSB;Minestrone med kål, pancetta, kikærter og pasta;ing_pasta;Pasta;150;g
meny_TWluZXN0cm9uZSB;Minestrone med kål, pancetta, kikærter og pasta;ing_loeg;Løg;1;stk
meny_TWluZXN0cm9uZSB;Minestrone med kål, pancetta, kikærter og pasta;ing_extra_11;Hvidløg;1;stk
meny_TWluZXN0cm9uZSB;Minestrone med kål, pancetta, kikærter og pasta;ing_rosmarin;Frisk Rosmarin;1;spsk
meny_TWluZXN0cm9uZSB;Minestrone med kål, pancetta, kikærter og pasta;ing_pancetta;Pancetta / Bacon i tern;150;g
meny_TWluZXN0cm9uZSB;Minestrone med kål, pancetta, kikærter og pasta;ing_meny_auto_933;stilke bladselleri;3;stk
meny_TWluZXN0cm9uZSB;Minestrone med kål, pancetta, kikærter og pasta;ing_meny_auto_935;olivenolie;1;spsk
meny_TWluZXN0cm9uZSB;Minestrone med kål, pancetta, kikærter og pasta;ing_meny_auto_936;koncentreret oksefond;1.5;l
meny_TWluZXN0cm9uZSB;Minestrone med kål, pancetta, kikærter og pasta;ing_meny_auto_937;dåse kikært i lage;1;stk
meny_TWluZXN0cm9uZSB;Minestrone med kål, pancetta, kikærter og pasta;ing_meny_auto_938;blomkål;0.5;stk
meny_TWluZXN0cm9uZSB;Minestrone med kål, pancetta, kikærter og pasta;ing_meny_auto_939;grønkål;15;l
meny_TWluZXN0cm9uZSB;Minestrone med kål, pancetta, kikærter og pasta;ing_meny_auto_940;håndfuld bredbladet persille;1;stk
meny_TmFra2VmaWxldCD;Nakkefilet à la normande;ing_champignon;Champignon;250;g
meny_TmFra2VmaWxldCD;Nakkefilet à la normande;ing_extra_43;Salt;;
meny_TmFra2VmaWxldCD;Nakkefilet à la normande;ing_aeg;Æg;;
meny_TmFra2VmaWxldCD;Nakkefilet à la normande;ing_loeg;Løg;1;stk
meny_TmFra2VmaWxldCD;Nakkefilet à la normande;ing_extra_11;Hvidløg;1;stk
meny_TmFra2VmaWxldCD;Nakkefilet à la normande;ing_meny_auto_941;grisenakkefilet ca. 1 kg;1;stk
meny_TmFra2VmaWxldCD;Nakkefilet à la normande;ing_meny_auto_942;smør;1;spsk
meny_TmFra2VmaWxldCD;Nakkefilet à la normande;ing_meny_auto_944;frisk salvie;4;stk
meny_TmFra2VmaWxldCD;Nakkefilet à la normande;ing_meny_auto_945;tør æblecider;3;dl
meny_TmFra2VmaWxldCD;Nakkefilet à la normande;ing_meny_auto_946;hønsefond;200;ml
meny_TmFra2VmaWxldCD;Nakkefilet à la normande;ing_meny_auto_947;creme fraiche 38%;200;g
meny_TmFra2VmaWxldCD;Nakkefilet à la normande;ing_meny_auto_948;dijonsennep;4;spsk
meny_TmFra2VmaWxldCD;Nakkefilet à la normande;ing_meny_auto_949;æbler;2;stk
meny_TmFra2VmaWxldCD;Nakkefilet à la normande;ing_meny_auto_950;kogte kartoffel, ris eller perlebyg;;
meny_R2luICYgVG9uaWM;Gin & Tonic med brombær og timian;ing_aeg;Æg;;
meny_R2luICYgVG9uaWM;Gin & Tonic med brombær og timian;ing_citron;Citron;0.5;skive
meny_R2luICYgVG9uaWM;Gin & Tonic med brombær og timian;ing_extra_6;Citroner;0.5;skive
meny_R2luICYgVG9uaWM;Gin & Tonic med brombær og timian;ing_meny_auto_951;isterning;;
meny_R2luICYgVG9uaWM;Gin & Tonic med brombær og timian;ing_meny_auto_952;The London N°1 gin;4;cl
meny_R2luICYgVG9uaWM;Gin & Tonic med brombær og timian;ing_meny_auto_953;stilke timianblade;2;stk
meny_R2luICYgVG9uaWM;Gin & Tonic med brombær og timian;ing_meny_auto_954;tonic vand;15;cl
meny_R2luICYgVG9uaWM;Gin & Tonic med brombær og timian;ing_meny_auto_955;brombær;3;stk
meny_w5hsYW5kc3BhbmN;Ølandspancakes med bacon, kernedrys og sirup;ing_aeg;Æg;2;stk
meny_w5hsYW5kc3BhbmN;Ølandspancakes med bacon, kernedrys og sirup;ing_extra_30;Sukker;2;spsk
meny_w5hsYW5kc3BhbmN;Ølandspancakes med bacon, kernedrys og sirup;ing_bagepulver;Bagepulver;1.5;tsk
meny_w5hsYW5kc3BhbmN;Ølandspancakes med bacon, kernedrys og sirup;ing_bacon;Bacon i tern;125;g
meny_w5hsYW5kc3BhbmN;Ølandspancakes med bacon, kernedrys og sirup;ing_pancetta;Pancetta / Bacon i tern;125;g
meny_w5hsYW5kc3BhbmN;Ølandspancakes med bacon, kernedrys og sirup;ing_meny_auto_956;solsikkekerner;2;spsk
meny_w5hsYW5kc3BhbmN;Ølandspancakes med bacon, kernedrys og sirup;ing_meny_auto_957;hørfrø;1;spsk
meny_w5hsYW5kc3BhbmN;Ølandspancakes med bacon, kernedrys og sirup;ing_meny_auto_958;sesamfrø;1;spsk
meny_w5hsYW5kc3BhbmN;Ølandspancakes med bacon, kernedrys og sirup;ing_meny_auto_959;græskarkerner;1;spsk
meny_w5hsYW5kc3BhbmN;Ølandspancakes med bacon, kernedrys og sirup;ing_meny_auto_960;lys sirup + ekstra til servering;2;spsk
meny_w5hsYW5kc3BhbmN;Ølandspancakes med bacon, kernedrys og sirup;ing_meny_auto_961;ølandshvedemel;225;g
meny_w5hsYW5kc3BhbmN;Ølandspancakes med bacon, kernedrys og sirup;ing_meny_auto_962;Arla® ØKO letmælk;2.5;dl
meny_w5hsYW5kc3BhbmN;Ølandspancakes med bacon, kernedrys og sirup;ing_meny_auto_963;smeltet smør + ekstra til stegning;25;g
meny_TsO4ZGRlY3JlbWU;Nøddecreme/nutella-tærte med hindbær;ing_extra_43;Salt;0.5;tsk
meny_TsO4ZGRlY3JlbWU;Nøddecreme/nutella-tærte med hindbær;ing_aeg;Æg;1;stk
meny_TsO4ZGRlY3JlbWU;Nøddecreme/nutella-tærte med hindbær;ing_extra_30;Sukker;25;g
meny_TsO4ZGRlY3JlbWU;Nøddecreme/nutella-tærte med hindbær;ing_meny_auto_964;hasselnødder;100;g
meny_TsO4ZGRlY3JlbWU;Nøddecreme/nutella-tærte med hindbær;ing_meny_auto_965;hvedemel;140;g
meny_TsO4ZGRlY3JlbWU;Nøddecreme/nutella-tærte med hindbær;ing_meny_auto_966;koldt smør;85;g
meny_TsO4ZGRlY3JlbWU;Nøddecreme/nutella-tærte med hindbær;ing_meny_auto_967;Arla Karolines Køkken® Piskefløde 38%;5;dl
meny_TsO4ZGRlY3JlbWU;Nøddecreme/nutella-tærte med hindbær;ing_meny_auto_968;majsstivelse;2;spsk
meny_TsO4ZGRlY3JlbWU;Nøddecreme/nutella-tærte med hindbær;ing_meny_auto_969;hasselnøddecreme eller nutella;18;spsk
meny_TsO4ZGRlY3JlbWU;Nøddecreme/nutella-tærte med hindbær;ing_meny_auto_970;hindbær;125;g
meny_TmVtIHTDpnJ0ZSB;Nem tærte med squash, oliven og mozzarella;ing_extra_31;Olivenolie;2;spsk
meny_TmVtIHTDpnJ0ZSB;Nem tærte med squash, oliven og mozzarella;ing_extra_43;Salt;;
meny_TmVtIHTDpnJ0ZSB;Nem tærte med squash, oliven og mozzarella;ing_squash;Squash;1;stk
meny_TmVtIHTDpnJ0ZSB;Nem tærte med squash, oliven og mozzarella;ing_aeg;Æg;;
meny_TmVtIHTDpnJ0ZSB;Nem tærte med squash, oliven og mozzarella;ing_frisk_chili;Frisk Chili;;
meny_TmVtIHTDpnJ0ZSB;Nem tærte med squash, oliven og mozzarella;ing_meny_auto_972;butterdej;1;pakke
meny_TmVtIHTDpnJ0ZSB;Nem tærte med squash, oliven og mozzarella;ing_meny_auto_973;oliventapenade;50;g
meny_TmVtIHTDpnJ0ZSB;Nem tærte med squash, oliven og mozzarella;ing_meny_auto_974;revet mozzarellaost;140;g
meny_TmVtIHTDpnJ0ZSB;Nem tærte med squash, oliven og mozzarella;ing_meny_auto_975;friske krusemynteblade;1.5;dl
meny_QnV0dGVyY2hpY2t;Butterchicken med kikærter, basmatiris, broccoli og limemarineret rødkål;ing_ris;Ris;1;stk
meny_QnV0dGVyY2hpY2t;Butterchicken med kikærter, basmatiris, broccoli og limemarineret rødkål;ing_extra_43;Salt;;
meny_QnV0dGVyY2hpY2t;Butterchicken med kikærter, basmatiris, broccoli og limemarineret rødkål;ing_tomatsovs;Hakkede Tomater;;
meny_QnV0dGVyY2hpY2t;Butterchicken med kikærter, basmatiris, broccoli og limemarineret rødkål;ing_aeg;Æg;;
meny_QnV0dGVyY2hpY2t;Butterchicken med kikærter, basmatiris, broccoli og limemarineret rødkål;ing_broccoli;Broccoli;1;pakke
meny_QnV0dGVyY2hpY2t;Butterchicken med kikærter, basmatiris, broccoli og limemarineret rødkål;ing_koriander;Frisk Koriander;1;tsk
meny_QnV0dGVyY2hpY2t;Butterchicken med kikærter, basmatiris, broccoli og limemarineret rødkål;ing_vand;Koldt vand;5;dl
meny_QnV0dGVyY2hpY2t;Butterchicken med kikærter, basmatiris, broccoli og limemarineret rødkål;ing_loeg;Løg;1;stk
meny_QnV0dGVyY2hpY2t;Butterchicken med kikærter, basmatiris, broccoli og limemarineret rødkål;ing_extra_11;Hvidløg;2;fed
meny_QnV0dGVyY2hpY2t;Butterchicken med kikærter, basmatiris, broccoli og limemarineret rødkål;ing_extra_1;Tomater (Danske);;
meny_QnV0dGVyY2hpY2t;Butterchicken med kikærter, basmatiris, broccoli og limemarineret rødkål;ing_extra_12;Frisk Ingefær;20;g
meny_QnV0dGVyY2hpY2t;Butterchicken med kikærter, basmatiris, broccoli og limemarineret rødkål;ing_tomat;Friske Tomater;;
meny_QnV0dGVyY2hpY2t;Butterchicken med kikærter, basmatiris, broccoli og limemarineret rødkål;ing_frisk_chili;Frisk Chili;;
meny_QnV0dGVyY2hpY2t;Butterchicken med kikærter, basmatiris, broccoli og limemarineret rødkål;ing_meny_auto_976;kyllingebrystfileter;300;g
meny_QnV0dGVyY2hpY2t;Butterchicken med kikærter, basmatiris, broccoli og limemarineret rødkål;ing_meny_auto_977;gurkemeje;1;tsk
meny_QnV0dGVyY2hpY2t;Butterchicken med kikærter, basmatiris, broccoli og limemarineret rødkål;ing_meny_auto_978;garam masala;2;tsk
meny_QnV0dGVyY2hpY2t;Butterchicken med kikærter, basmatiris, broccoli og limemarineret rødkål;ing_meny_auto_979;solsikkeolie;2;spsk
meny_QnV0dGVyY2hpY2t;Butterchicken med kikærter, basmatiris, broccoli og limemarineret rødkål;ing_meny_auto_980;dåse hakket tomat;1;stk
meny_QnV0dGVyY2hpY2t;Butterchicken med kikærter, basmatiris, broccoli og limemarineret rødkål;ing_meny_auto_981;dåse kikært;1;stk
meny_QnV0dGVyY2hpY2t;Butterchicken med kikærter, basmatiris, broccoli og limemarineret rødkål;ing_meny_auto_982;rødkål;150;g
meny_QnV0dGVyY2hpY2t;Butterchicken med kikærter, basmatiris, broccoli og limemarineret rødkål;ing_meny_auto_983;lime;1;stk
meny_QnV0dGVyY2hpY2t;Butterchicken med kikærter, basmatiris, broccoli og limemarineret rødkål;ing_meny_auto_984;mandler;50;g
meny_QnV0dGVyY2hpY2t;Butterchicken med kikærter, basmatiris, broccoli og limemarineret rødkål;ing_meny_auto_985;piskefløde;0.75;dl
meny_QnV0dGVyY2hpY2t;Butterchicken med kikærter, basmatiris, broccoli og limemarineret rødkål;ing_meny_auto_988;lime;;
meny_TmFra2Vrb3RlbGV;Nakkekoteletter med nem BBQ-sauce og bagte kartofler med purløgsdressing;ing_extra_3;Kartofler;4;stk
meny_TmFra2Vrb3RlbGV;Nakkekoteletter med nem BBQ-sauce og bagte kartofler med purløgsdressing;ing_extra_31;Olivenolie;2;spsk
meny_TmFra2Vrb3RlbGV;Nakkekoteletter med nem BBQ-sauce og bagte kartofler med purløgsdressing;ing_extra_32;Ketchup;0.5;dl
meny_TmFra2Vrb3RlbGV;Nakkekoteletter med nem BBQ-sauce og bagte kartofler med purløgsdressing;ing_extra_43;Salt;;
meny_TmFra2Vrb3RlbGV;Nakkekoteletter med nem BBQ-sauce og bagte kartofler med purløgsdressing;ing_extra_44;Sort Peber;;
meny_TmFra2Vrb3RlbGV;Nakkekoteletter med nem BBQ-sauce og bagte kartofler med purløgsdressing;ing_aeg;Æg;;
meny_TmFra2Vrb3RlbGV;Nakkekoteletter med nem BBQ-sauce og bagte kartofler med purløgsdressing;ing_cremefraiche;Creme Fraiche;150;g
meny_TmFra2Vrb3RlbGV;Nakkekoteletter med nem BBQ-sauce og bagte kartofler med purløgsdressing;ing_soja;Sojasauce;2;spsk
meny_TmFra2Vrb3RlbGV;Nakkekoteletter med nem BBQ-sauce og bagte kartofler med purløgsdressing;ing_extra_11;Hvidløg;1;fed
meny_TmFra2Vrb3RlbGV;Nakkekoteletter med nem BBQ-sauce og bagte kartofler med purløgsdressing;ing_meny_auto_989;HP sauce;3;spsk
meny_TmFra2Vrb3RlbGV;Nakkekoteletter med nem BBQ-sauce og bagte kartofler med purløgsdressing;ing_meny_auto_990;majsolie;2;spsk
meny_TmFra2Vrb3RlbGV;Nakkekoteletter med nem BBQ-sauce og bagte kartofler med purløgsdressing;ing_meny_auto_991;nakkekoteletter;500;g
meny_TmFra2Vrb3RlbGV;Nakkekoteletter med nem BBQ-sauce og bagte kartofler med purløgsdressing;ing_meny_auto_992;purløg;1;bundt
meny_TmFra2Vrb3RlbGV;Nakkekoteletter med nem BBQ-sauce og bagte kartofler med purløgsdressing;ing_meny_auto_993;sød sennep;1;spsk
meny_TmFra2Vrb3RlbGV;Nakkekoteletter med nem BBQ-sauce og bagte kartofler med purløgsdressing;ing_meny_auto_994;salat mix;150;g
meny_TmFra2Vrb3RlbGV;Nakkekoteletter med nem BBQ-sauce og bagte kartofler med purløgsdressing;ing_meny_auto_995;hvidvinseddike;1;spsk
meny_Q2hva29sYWRlbW9;Chokolademousse med yoghurt;ing_extra_30;Sukker;1;tsk
meny_Q2hva29sYWRlbW9;Chokolademousse med yoghurt;ing_vanilje;Vaniljesukker;1;tsk
meny_Q2hva29sYWRlbW9;Chokolademousse med yoghurt;ing_vand;Koldt vand;3;spsk
meny_Q2hva29sYWRlbW9;Chokolademousse med yoghurt;ing_meny_auto_996;kakaopulver;1;tsk
meny_Q2hva29sYWRlbW9;Chokolademousse med yoghurt;ing_meny_auto_997;mørk chokolade med chili eller orange;100;g
meny_Q2hva29sYWRlbW9;Chokolademousse med yoghurt;ing_meny_auto_998;nescafé;1;tsk
meny_Q2hva29sYWRlbW9;Chokolademousse med yoghurt;ing_meny_auto_999;yoghurt 10%;100;g
meny_Q2hva29sYWRlbW9;Chokolademousse med yoghurt;ing_meny_auto_1000;pasteuriserede æggehvider;2;stk
meny_Q2hva29sYWRlbW9;Chokolademousse med yoghurt;ing_meny_auto_1002;appelsiner;2;stk
meny_THVuIHBlYWNoIG1;Lun peach melba-salat med skinke og gedeost;ing_extra_31;Olivenolie;4;spsk
meny_THVuIHBlYWNoIG1;Lun peach melba-salat med skinke og gedeost;ing_extra_43;Salt;;
meny_THVuIHBlYWNoIG1;Lun peach melba-salat med skinke og gedeost;ing_extra_8;Iceberg Salat;150;g
meny_THVuIHBlYWNoIG1;Lun peach melba-salat med skinke og gedeost;ing_salat_mix;Blandet salat;150;g
meny_THVuIHBlYWNoIG1;Lun peach melba-salat med skinke og gedeost;ing_salatblanding;Skåret Salatblanding;;
meny_THVuIHBlYWNoIG1;Lun peach melba-salat med skinke og gedeost;ing_extra_17;Lufttoerret Skinke;70;g
meny_THVuIHBlYWNoIG1;Lun peach melba-salat med skinke og gedeost;ing_skinke;Kogt Skinke;70;g
meny_THVuIHBlYWNoIG1;Lun peach melba-salat med skinke og gedeost;ing_meny_auto_1004;friske gedeoste;150;g
meny_THVuIHBlYWNoIG1;Lun peach melba-salat med skinke og gedeost;ing_meny_auto_1005;flute;0.5;stk
meny_THVuIHBlYWNoIG1;Lun peach melba-salat med skinke og gedeost;ing_meny_auto_1006;frisk timian;2;spsk
meny_THVuIHBlYWNoIG1;Lun peach melba-salat med skinke og gedeost;ing_meny_auto_1007;ferskner eller nektariner;2;stk
meny_THVuIHBlYWNoIG1;Lun peach melba-salat med skinke og gedeost;ing_meny_auto_1008;hindbær;125;g
meny_THVuIHBlYWNoIG1;Lun peach melba-salat med skinke og gedeost;ing_meny_auto_1009;hvid balsamicoeddike;2;spsk
meny_TWFycnkgbWUgQ2h;Marry me Chicken (Kylling i cremet sauce med soltørret tomat);ing_bouillon;Bouillon;2;dl
meny_TWFycnkgbWUgQ2h;Marry me Chicken (Kylling i cremet sauce med soltørret tomat);ing_extra_31;Olivenolie;1;spsk
meny_TWFycnkgbWUgQ2h;Marry me Chicken (Kylling i cremet sauce med soltørret tomat);ing_extra_43;Salt;;
meny_TWFycnkgbWUgQ2h;Marry me Chicken (Kylling i cremet sauce med soltørret tomat);ing_extra_46;Oregano;1;tsk
meny_TWFycnkgbWUgQ2h;Marry me Chicken (Kylling i cremet sauce med soltørret tomat);ing_aeg;Æg;;
meny_TWFycnkgbWUgQ2h;Marry me Chicken (Kylling i cremet sauce med soltørret tomat);ing_parmesan;Parmigiano Reggiano;25;g
meny_TWFycnkgbWUgQ2h;Marry me Chicken (Kylling i cremet sauce med soltørret tomat);ing_extra_11;Hvidløg;2;fed
meny_TWFycnkgbWUgQ2h;Marry me Chicken (Kylling i cremet sauce med soltørret tomat);ing_extra_1;Tomater (Danske);50;g
meny_TWFycnkgbWUgQ2h;Marry me Chicken (Kylling i cremet sauce med soltørret tomat);ing_kyllingebryst;Kyllingebryst;4;stk
meny_TWFycnkgbWUgQ2h;Marry me Chicken (Kylling i cremet sauce med soltørret tomat);ing_tomatsovs;Hakkede Tomater;50;g
meny_TWFycnkgbWUgQ2h;Marry me Chicken (Kylling i cremet sauce med soltørret tomat);ing_persille;Frisk Persille;;
meny_TWFycnkgbWUgQ2h;Marry me Chicken (Kylling i cremet sauce med soltørret tomat);ing_tomat;Friske Tomater;50;g
meny_TWFycnkgbWUgQ2h;Marry me Chicken (Kylling i cremet sauce med soltørret tomat);ing_hel_kylling;Hel kylling;;
meny_TWFycnkgbWUgQ2h;Marry me Chicken (Kylling i cremet sauce med soltørret tomat);ing_meny_auto_1010;sort peber;;
meny_TWFycnkgbWUgQ2h;Marry me Chicken (Kylling i cremet sauce med soltørret tomat);ing_meny_auto_1011;hvedemel;50;g
meny_TWFycnkgbWUgQ2h;Marry me Chicken (Kylling i cremet sauce med soltørret tomat);ing_meny_auto_1012;smør;1;spsk
meny_TWFycnkgbWUgQ2h;Marry me Chicken (Kylling i cremet sauce med soltørret tomat);ing_meny_auto_1013;chiliflage;1;tsk
meny_TWFycnkgbWUgQ2h;Marry me Chicken (Kylling i cremet sauce med soltørret tomat);ing_meny_auto_1014;piskefløde;2;dl
meny_TWFycnkgbWUgQ2h;Marry me Chicken (Kylling i cremet sauce med soltørret tomat);ing_meny_auto_1015;fintrevet parmigiano reggiano;25;g
meny_TWFycnkgbWUgQ2h;Marry me Chicken (Kylling i cremet sauce med soltørret tomat);ing_meny_auto_1016;håndfuld frisk basilikum;1;stk
meny_TWFycnkgbWUgQ2h;Marry me Chicken (Kylling i cremet sauce med soltørret tomat);ing_meny_auto_1017;pasta eller ris;;
meny_TWFyY2lwYW5yw7h;Marcipanrør med bær & chokolade;ing_aeg;Æg;40;g
meny_TWFyY2lwYW5yw7h;Marcipanrør med bær & chokolade;ing_extra_30;Sukker;100;g
meny_TWFyY2lwYW5yw7h;Marcipanrør med bær & chokolade;ing_meny_auto_1018;marcipan;250;g
meny_TWFyY2lwYW5yw7h;Marcipanrør med bær & chokolade;ing_meny_auto_1019;mørk chokolade;100;g
meny_TWFyY2lwYW5yw7h;Marcipanrør med bær & chokolade;ing_meny_auto_1020;hvid chokolade;100;g
meny_TWFyY2lwYW5yw7h;Marcipanrør med bær & chokolade;ing_meny_auto_1021;brombær;24;stk
meny_TWFyY2lwYW5yw7h;Marcipanrør med bær & chokolade;ing_meny_auto_1022;Arla Karolines Køkken® Piskefløde 38%;1;dl
meny_TWFyY2lwYW5yw7h;Marcipanrør med bær & chokolade;ing_meny_auto_1023;vaniljeflødeis;1;liter
meny_R3JpbGxldCBzYW5;Grillet sandwich med røræg, grillede courgetter og mayonnaise;ing_extra_31;Olivenolie;3;spsk
meny_R3JpbGxldCBzYW5;Grillet sandwich med røræg, grillede courgetter og mayonnaise;ing_extra_43;Salt;0.5;tsk
meny_R3JpbGxldCBzYW5;Grillet sandwich med røræg, grillede courgetter og mayonnaise;ing_aeg;Æg;6;stk
meny_R3JpbGxldCBzYW5;Grillet sandwich med røræg, grillede courgetter og mayonnaise;ing_mayonnaise;Mayonnaise;4;spsk
meny_R3JpbGxldCBzYW5;Grillet sandwich med røræg, grillede courgetter og mayonnaise;ing_extra_6;Citroner;0.5;stk
meny_R3JpbGxldCBzYW5;Grillet sandwich med røræg, grillede courgetter og mayonnaise;ing_meny_auto_1024;squash;2;stk
meny_R3JpbGxldCBzYW5;Grillet sandwich med røræg, grillede courgetter og mayonnaise;ing_meny_auto_1025;skiver surdejsbrød;8;stk
meny_R3JpbGxldCBzYW5;Grillet sandwich med røræg, grillede courgetter og mayonnaise;ing_meny_auto_1026;smør;1;spsk
meny_R3JpbGxldCBzYW5;Grillet sandwich med røræg, grillede courgetter og mayonnaise;ing_meny_auto_1027;håndfuld mynte;1;stk
meny_R3JpbGxldCBzYW5;Grillet sandwich med røræg, grillede courgetter og mayonnaise;ing_meny_auto_1028;fintklippet purløg;4;spsk
meny_R3JpbGxldCBzYW5;Grillet sandwich med røræg, grillede courgetter og mayonnaise;ing_meny_auto_1029;sort peber;0.5;tsk
meny_RmlzaGJ1cmdlciB;Fishburger med avocadosalat;ing_extra_43;Salt;;
meny_RmlzaGJ1cmdlciB;Fishburger med avocadosalat;ing_aeg;Æg;;
meny_RmlzaGJ1cmdlciB;Fishburger med avocadosalat;ing_burgerboller;Burgerboller;4;stk
meny_RmlzaGJ1cmdlciB;Fishburger med avocadosalat;ing_avocado;Avocado;2;stk
meny_RmlzaGJ1cmdlciB;Fishburger med avocadosalat;ing_koriander;Frisk Koriander;2;tsk
meny_RmlzaGJ1cmdlciB;Fishburger med avocadosalat;ing_extra_21;Panerede Fiskefileter;2;stk
meny_RmlzaGJ1cmdlciB;Fishburger med avocadosalat;ing_meny_auto_1030;panerede fiskefileter;2;stk
meny_RmlzaGJ1cmdlciB;Fishburger med avocadosalat;ing_meny_auto_1031;rødløg;0.5;stk
meny_RmlzaGJ1cmdlciB;Fishburger med avocadosalat;ing_meny_auto_1032;lime;1;stk
meny_RmlzaGJ1cmdlciB;Fishburger med avocadosalat;ing_meny_auto_1033;majs fra dåse;300;g
meny_UG9yY2hldHRhIG1;Porchetta med salvie, citron og persille;ing_extra_43;Salt;1;stk
meny_UG9yY2hldHRhIG1;Porchetta med salvie, citron og persille;ing_aeg;Æg;;
meny_UG9yY2hldHRhIG1;Porchetta med salvie, citron og persille;ing_citron;Citron;;
meny_UG9yY2hldHRhIG1;Porchetta med salvie, citron og persille;ing_loeg;Løg;1;stk
meny_UG9yY2hldHRhIG1;Porchetta med salvie, citron og persille;ing_extra_6;Citroner;;
meny_UG9yY2hldHRhIG1;Porchetta med salvie, citron og persille;ing_persille;Frisk Persille;1;stk
meny_UG9yY2hldHRhIG1;Porchetta med salvie, citron og persille;ing_meny_auto_1034;frilands griseslag med svær;1;stk
meny_UG9yY2hldHRhIG1;Porchetta med salvie, citron og persille;ing_meny_auto_1035;håndfuld frisk salvie;1;stk
meny_T3JlbyBtdW1pZS1;Oreo mumie-cakepops;ing_aeg;Æg;;
meny_T3JlbyBtdW1pZS1;Oreo mumie-cakepops;ing_extra_30;Sukker;;
meny_T3JlbyBtdW1pZS1;Oreo mumie-cakepops;ing_meny_auto_1036;Oreo;8;stk
meny_T3JlbyBtdW1pZS1;Oreo mumie-cakepops;ing_meny_auto_1037;træspyd;8;stk
meny_T3JlbyBtdW1pZS1;Oreo mumie-cakepops;ing_meny_auto_1038;hvid chokolade;150;g
meny_UGF2bG92YSBtZWQ;Pavlova med rabarber og bær;ing_aeg;Æg;6;stk
meny_UGF2bG92YSBtZWQ;Pavlova med rabarber og bær;ing_extra_30;Sukker;300;g
meny_UGF2bG92YSBtZWQ;Pavlova med rabarber og bær;ing_vanilje;Vaniljesukker;300;g
meny_UGF2bG92YSBtZWQ;Pavlova med rabarber og bær;ing_meny_auto_1039;majsstivelse;1;spsk
meny_UGF2bG92YSBtZWQ;Pavlova med rabarber og bær;ing_meny_auto_1041;hvidvinseddike;1;tsk
meny_UGF2bG92YSBtZWQ;Pavlova med rabarber og bær;ing_meny_auto_1042;rabarber;300;g
meny_UGF2bG92YSBtZWQ;Pavlova med rabarber og bær;ing_meny_auto_1044;piskefløde;3;dl
meny_UGF2bG92YSBtZWQ;Pavlova med rabarber og bær;ing_meny_auto_1045;jordbær;200;g
meny_UGF2bG92YSBtZWQ;Pavlova med rabarber og bær;ing_meny_auto_1046;hindbær;150;g
meny_QWd1cmtlc2FuZHd;Agurkesandwich med citron-estragonsmør;ing_extra_43;Salt;;
meny_QWd1cmtlc2FuZHd;Agurkesandwich med citron-estragonsmør;ing_citron;Citron;;
meny_QWd1cmtlc2FuZHd;Agurkesandwich med citron-estragonsmør;ing_extra_6;Citroner;;
meny_QWd1cmtlc2FuZHd;Agurkesandwich med citron-estragonsmør;ing_meny_auto_1047;smør;50;g
meny_QWd1cmtlc2FuZHd;Agurkesandwich med citron-estragonsmør;ing_meny_auto_1048;finthakket estragonblade;2;spsk
meny_QWd1cmtlc2FuZHd;Agurkesandwich med citron-estragonsmør;ing_meny_auto_1049;agurk;1;stk
meny_QWd1cmtlc2FuZHd;Agurkesandwich med citron-estragonsmør;ing_meny_auto_1050;skiver sandwichbrød;8;stk
meny_UsOlbWFyaW5lcmV;Råmarinerede dildsild med akvavit og fennikel;ing_aeg;Æg;;
meny_UsOlbWFyaW5lcmV;Råmarinerede dildsild med akvavit og fennikel;ing_fennikel;Fennikel;0.5;stk
meny_UsOlbWFyaW5lcmV;Råmarinerede dildsild med akvavit og fennikel;ing_meny_auto_1051;dobbelt sildefileter;8;stk
meny_UsOlbWFyaW5lcmV;Råmarinerede dildsild med akvavit og fennikel;ing_meny_auto_1052;lagereddike;0.5;dl
meny_UsOlbWFyaW5lcmV;Råmarinerede dildsild med akvavit og fennikel;ing_meny_auto_1053;saft af 0.5 citron;;
meny_UsOlbWFyaW5lcmV;Råmarinerede dildsild med akvavit og fennikel;ing_meny_auto_1054;groft salt;1;tsk
meny_UsOlbWFyaW5lcmV;Råmarinerede dildsild med akvavit og fennikel;ing_meny_auto_1055;rørsukker;2;tsk
meny_UsOlbWFyaW5lcmV;Råmarinerede dildsild med akvavit og fennikel;ing_meny_auto_1057;potte frisk dild;1;stk
meny_UsOlbWFyaW5lcmV;Råmarinerede dildsild med akvavit og fennikel;ing_meny_auto_1058;hvid peberkorn;1;tsk
meny_UsOlbWFyaW5lcmV;Råmarinerede dildsild med akvavit og fennikel;ing_meny_auto_1059;frisk dild;0.5;dl
meny_Q2hva29sYWRlc25;Chokoladesnitter med vaniljeis og smørcreme;ing_maelk;Mælk;1;spsk
meny_Q2hva29sYWRlc25;Chokoladesnitter med vaniljeis og smørcreme;ing_extra_29;Hvedemel;150;stk
meny_Q2hva29sYWRlc25;Chokoladesnitter med vaniljeis og smørcreme;ing_extra_30;Sukker;150;g
meny_Q2hva29sYWRlc25;Chokoladesnitter med vaniljeis og smørcreme;ing_vanilje;Vaniljesukker;150;g
meny_Q2hva29sYWRlc25;Chokoladesnitter med vaniljeis og smørcreme;ing_bagepulver;Bagepulver;1;tsk
meny_Q2hva29sYWRlc25;Chokoladesnitter med vaniljeis og smørcreme;ing_meny_auto_1060;smeltet smør + ekstra til formen;150;g
meny_Q2hva29sYWRlc25;Chokoladesnitter med vaniljeis og smørcreme;ing_meny_auto_1061;æg;3;stk
meny_Q2hva29sYWRlc25;Chokoladesnitter med vaniljeis og smørcreme;ing_meny_auto_1062;vaniljepulver;1;tsk
meny_Q2hva29sYWRlc25;Chokoladesnitter med vaniljeis og smørcreme;ing_meny_auto_1063;kakaopulver;25;g
meny_Q2hva29sYWRlc25;Chokoladesnitter med vaniljeis og smørcreme;ing_meny_auto_1064;smør;100;g
meny_Q2hva29sYWRlc25;Chokoladesnitter med vaniljeis og smørcreme;ing_meny_auto_1065;flormelis;250;g
meny_Q2hva29sYWRlc25;Chokoladesnitter med vaniljeis og smørcreme;ing_meny_auto_1067;vaniljeflødeis;1;stk
meny_Q2hva29sYWRlc25;Chokoladesnitter med vaniljeis og smørcreme;ing_meny_auto_1068;krymmel;;
meny_UmliZXllIG1lZCB;Ribeye med saltbagte kartofler, grønne asparges og kryddersmør;ing_extra_3;Kartofler;1;kg
meny_UmliZXllIG1lZCB;Ribeye med saltbagte kartofler, grønne asparges og kryddersmør;ing_extra_31;Olivenolie;3;spsk
meny_UmliZXllIG1lZCB;Ribeye med saltbagte kartofler, grønne asparges og kryddersmør;ing_extra_43;Salt;;
meny_UmliZXllIG1lZCB;Ribeye med saltbagte kartofler, grønne asparges og kryddersmør;ing_aeg;Æg;;
meny_UmliZXllIG1lZCB;Ribeye med saltbagte kartofler, grønne asparges og kryddersmør;ing_asparges;Grønne Asparges;500;g
meny_UmliZXllIG1lZCB;Ribeye med saltbagte kartofler, grønne asparges og kryddersmør;ing_extra_11;Hvidløg;1;fed
meny_UmliZXllIG1lZCB;Ribeye med saltbagte kartofler, grønne asparges og kryddersmør;ing_meny_auto_1069;ribeye-steak af dansk krogmodnet oksekød;;
meny_UmliZXllIG1lZCB;Ribeye med saltbagte kartofler, grønne asparges og kryddersmør;ing_meny_auto_1070;smør til stegning;;
meny_UmliZXllIG1lZCB;Ribeye med saltbagte kartofler, grønne asparges og kryddersmør;ing_meny_auto_1071;friskkværnet peber;;
meny_UmliZXllIG1lZCB;Ribeye med saltbagte kartofler, grønne asparges og kryddersmør;ing_meny_auto_1072;blødt smør;150;g
meny_UmliZXllIG1lZCB;Ribeye med saltbagte kartofler, grønne asparges og kryddersmør;ing_meny_auto_1073;hakket kruspersille eller timian;1;dl
meny_UmliZXllIG1lZCB;Ribeye med saltbagte kartofler, grønne asparges og kryddersmør;ing_meny_auto_1074;cayennepeber;0.5;tsk
meny_UmliZXllIG1lZCB;Ribeye med saltbagte kartofler, grønne asparges og kryddersmør;ing_meny_auto_1076;friskkværnet peber;;
meny_UmliZXllIG1lZCB;Ribeye med saltbagte kartofler, grønne asparges og kryddersmør;ing_meny_auto_1077;frisk timian;;
meny_Um9kZnJ1Z3Ryw7h;Rodfrugtrøsti med koriander-avocado-creme og frisk tomatsalsa;ing_peberfrugt;Peberfrugt;0.5;stk
meny_Um9kZnJ1Z3Ryw7h;Rodfrugtrøsti med koriander-avocado-creme og frisk tomatsalsa;ing_extra_3;Kartofler;500;g
meny_Um9kZnJ1Z3Ryw7h;Rodfrugtrøsti med koriander-avocado-creme og frisk tomatsalsa;ing_extra_4;Gulerødder;200;g
meny_Um9kZnJ1Z3Ryw7h;Rodfrugtrøsti med koriander-avocado-creme og frisk tomatsalsa;ing_extra_43;Salt;;
meny_Um9kZnJ1Z3Ryw7h;Rodfrugtrøsti med koriander-avocado-creme og frisk tomatsalsa;ing_extra_29;Hvedemel;50;g
meny_Um9kZnJ1Z3Ryw7h;Rodfrugtrøsti med koriander-avocado-creme og frisk tomatsalsa;ing_aeg;Æg;1;stk
meny_Um9kZnJ1Z3Ryw7h;Rodfrugtrøsti med koriander-avocado-creme og frisk tomatsalsa;ing_avocado;Avocado;2;stk
meny_Um9kZnJ1Z3Ryw7h;Rodfrugtrøsti med koriander-avocado-creme og frisk tomatsalsa;ing_cremefraiche;Creme Fraiche;2;spsk
meny_Um9kZnJ1Z3Ryw7h;Rodfrugtrøsti med koriander-avocado-creme og frisk tomatsalsa;ing_loeg;Løg;1;stk
meny_Um9kZnJ1Z3Ryw7h;Rodfrugtrøsti med koriander-avocado-creme og frisk tomatsalsa;ing_extra_1;Tomater (Danske);300;g
meny_Um9kZnJ1Z3Ryw7h;Rodfrugtrøsti med koriander-avocado-creme og frisk tomatsalsa;ing_tomatsovs;Hakkede Tomater;300;g
meny_Um9kZnJ1Z3Ryw7h;Rodfrugtrøsti med koriander-avocado-creme og frisk tomatsalsa;ing_tomat;Friske Tomater;300;g
meny_Um9kZnJ1Z3Ryw7h;Rodfrugtrøsti med koriander-avocado-creme og frisk tomatsalsa;ing_frisk_chili;Frisk Chili;1;stk
meny_Um9kZnJ1Z3Ryw7h;Rodfrugtrøsti med koriander-avocado-creme og frisk tomatsalsa;ing_koriander;Frisk Koriander;1;stk
meny_Um9kZnJ1Z3Ryw7h;Rodfrugtrøsti med koriander-avocado-creme og frisk tomatsalsa;ing_meny_auto_1079;smagsneutral olie;4;spsk
meny_Um9kZnJ1Z3Ryw7h;Rodfrugtrøsti med koriander-avocado-creme og frisk tomatsalsa;ing_meny_auto_1081;lime;1;stk
meny_Um9hc3RiZWVmIG1;Roastbeef med bearnaise, syltede perleløg og kartoffelchips;ing_extra_16;Roastbeef;150;g
meny_Um9hc3RiZWVmIG1;Roastbeef med bearnaise, syltede perleløg og kartoffelchips;ing_meny_auto_1082;skiver rugbrød;4;stk
meny_Um9hc3RiZWVmIG1;Roastbeef med bearnaise, syltede perleløg og kartoffelchips;ing_meny_auto_1083;smør;1;spsk
meny_Um9hc3RiZWVmIG1;Roastbeef med bearnaise, syltede perleløg og kartoffelchips;ing_meny_auto_1084;kold, færdiglavet Bearnaise sauce fra køl;75;g
meny_Um9hc3RiZWVmIG1;Roastbeef med bearnaise, syltede perleløg og kartoffelchips;ing_meny_auto_1085;cherrytomater;100;g
meny_Um9hc3RiZWVmIG1;Roastbeef med bearnaise, syltede perleløg og kartoffelchips;ing_meny_auto_1086;syltede perleløg;30;g
meny_Um9hc3RiZWVmIG1;Roastbeef med bearnaise, syltede perleløg og kartoffelchips;ing_meny_auto_1087;kartoffel chips;1;dl
meny_Um9hc3RiZWVmIG1;Roastbeef med bearnaise, syltede perleløg og kartoffelchips;ing_meny_auto_1088;frisk timian;1;dl
meny_U2Ftb3NhIG1lZCB;Samosa med kyllingefyld og raita;ing_extra_31;Olivenolie;2;spsk
meny_U2Ftb3NhIG1lZCB;Samosa med kyllingefyld og raita;ing_extra_43;Salt;1;tsk
meny_U2Ftb3NhIG1lZCB;Samosa med kyllingefyld og raita;ing_spidskommen;Spidskommen;1.5;tsk
meny_U2Ftb3NhIG1lZCB;Samosa med kyllingefyld og raita;ing_aeg;Æg;;
meny_U2Ftb3NhIG1lZCB;Samosa med kyllingefyld og raita;ing_loeg;Løg;1;stk
meny_U2Ftb3NhIG1lZCB;Samosa med kyllingefyld og raita;ing_frisk_chili;Frisk Chili;0.5;tsk
meny_U2Ftb3NhIG1lZCB;Samosa med kyllingefyld og raita;ing_meny_auto_1089;plader frossen butterdej;6;stk
meny_U2Ftb3NhIG1lZCB;Samosa med kyllingefyld og raita;ing_meny_auto_1090;garam masala;2;tsk
meny_U2Ftb3NhIG1lZCB;Samosa med kyllingefyld og raita;ing_meny_auto_1091;stødt gurkemeje;1;tsk
meny_U2Ftb3NhIG1lZCB;Samosa med kyllingefyld og raita;ing_meny_auto_1092;hakket kyllingekød;400;g
meny_U2Ftb3NhIG1lZCB;Samosa med kyllingefyld og raita;ing_meny_auto_1093;optøede ærter;100;g
meny_U2Ftb3NhIG1lZCB;Samosa med kyllingefyld og raita;ing_meny_auto_1094;agurk;0.5;stk
meny_U2Ftb3NhIG1lZCB;Samosa med kyllingefyld og raita;ing_meny_auto_1095;yoghurt 10%;2.5;dl
meny_U2Ftb3NhIG1lZCB;Samosa med kyllingefyld og raita;ing_meny_auto_1096;friskpresset limesaft;1;spsk
meny_U2Ftb3NhIG1lZCB;Samosa med kyllingefyld og raita;ing_meny_auto_1097;hakket mynte;2;spsk
meny_U2Ftb3NhIG1lZCB;Samosa med kyllingefyld og raita;ing_meny_auto_1098;friskkværnet peber;;
meny_T2tzZWN1dmV0dGU;Oksecuvette med juletwist og julesalat;ing_aeble;Æble;0.5;stk
meny_T2tzZWN1dmV0dGU;Oksecuvette med juletwist og julesalat;ing_aeg;Æg;;
meny_T2tzZWN1dmV0dGU;Oksecuvette med juletwist og julesalat;ing_klementiner;Klementiner;2;stk
meny_T2tzZWN1dmV0dGU;Oksecuvette med juletwist og julesalat;ing_spidskaal;Spidskål;0.5;stk
meny_T2tzZWN1dmV0dGU;Oksecuvette med juletwist og julesalat;ing_meny_auto_1099;oksecuvetter;1.3;kg
meny_T2tzZWN1dmV0dGU;Oksecuvette med juletwist og julesalat;ing_meny_auto_1100;stødt kanel;1;tsk
meny_T2tzZWN1dmV0dGU;Oksecuvette med juletwist og julesalat;ing_meny_auto_1101;stødt ingefær;1;tsk
meny_T2tzZWN1dmV0dGU;Oksecuvette med juletwist og julesalat;ing_meny_auto_1102;stødt kardemomme;1;tsk
meny_T2tzZWN1dmV0dGU;Oksecuvette med juletwist og julesalat;ing_meny_auto_1103;stødt nellike;1;tsk
meny_T2tzZWN1dmV0dGU;Oksecuvette med juletwist og julesalat;ing_meny_auto_1104;groft salt;1;tsk
meny_T2tzZWN1dmV0dGU;Oksecuvette med juletwist og julesalat;ing_meny_auto_1105;sort peber;0.5;tsk
meny_T2tzZWN1dmV0dGU;Oksecuvette med juletwist og julesalat;ing_meny_auto_1106;rapsolie til stegning;6;spsk
meny_T2tzZWN1dmV0dGU;Oksecuvette med juletwist og julesalat;ing_meny_auto_1107;kviste grønkål;2;stk
meny_T2tzZWN1dmV0dGU;Oksecuvette med juletwist og julesalat;ing_meny_auto_1108;clementiner;2;stk
meny_T2tzZWN1dmV0dGU;Oksecuvette med juletwist og julesalat;ing_meny_auto_1109;mandler;20;g
meny_T2tzZWN1dmV0dGU;Oksecuvette med juletwist og julesalat;ing_meny_auto_1110;olivenolie;3;spsk
meny_T2tzZWN1dmV0dGU;Oksecuvette med juletwist og julesalat;ing_meny_auto_1111;friskpresset appelsinsaft;3;spsk
meny_T2tzZWN1dmV0dGU;Oksecuvette med juletwist og julesalat;ing_meny_auto_1112;honning;1;spsk
meny_T2tzZWN1dmV0dGU;Oksecuvette med juletwist og julesalat;ing_meny_auto_1113;dijonsennep;1.5;tsk
meny_T2tzZWN1dmV0dGU;Oksecuvette med juletwist og julesalat;ing_meny_auto_1114;salt;;
meny_T2tzZWN1dmV0dGU;Oksecuvette med juletwist og julesalat;ing_meny_auto_1115;sort peber;;
meny_SGF2cmVncnluc2N;Havregrynscookies med kokos og tranebær;ing_extra_33;Havregryn;75;g
meny_SGF2cmVncnluc2N;Havregrynscookies med kokos og tranebær;ing_extra_29;Hvedemel;250;g
meny_SGF2cmVncnluc2N;Havregrynscookies med kokos og tranebær;ing_aeg;Æg;2;stk
meny_SGF2cmVncnluc2N;Havregrynscookies med kokos og tranebær;ing_extra_30;Sukker;150;g
meny_SGF2cmVncnluc2N;Havregrynscookies med kokos og tranebær;ing_bagepulver;Bagepulver;2;tsk
meny_SGF2cmVncnluc2N;Havregrynscookies med kokos og tranebær;ing_meny_auto_1116;brun farin;100;g
meny_SGF2cmVncnluc2N;Havregrynscookies med kokos og tranebær;ing_meny_auto_1117;smør;200;g
meny_SGF2cmVncnluc2N;Havregrynscookies med kokos og tranebær;ing_meny_auto_1118;vaniljepasta;1;tsk
meny_SGF2cmVncnluc2N;Havregrynscookies med kokos og tranebær;ing_meny_auto_1119;kokosmel;75;g
meny_SGF2cmVncnluc2N;Havregrynscookies med kokos og tranebær;ing_meny_auto_1120;tranebær;75;g
meny_SGF2cmVncnluc2N;Havregrynscookies med kokos og tranebær;ing_meny_auto_1121;flormelis;150;g
meny_SGF2cmVncnluc2N;Havregrynscookies med kokos og tranebær;ing_meny_auto_1122;vand;3;spsk
meny_SGF2cmVncnluc2N;Havregrynscookies med kokos og tranebær;ing_meny_auto_1123;kokosmel;4;spsk
meny_UGFzdGEgYWdsaW8;Pasta aglio e olio med ost, citron og pistacienødder;ing_extra_43;Salt;0.5;tsk
meny_UGFzdGEgYWdsaW8;Pasta aglio e olio med ost, citron og pistacienødder;ing_extra_44;Sort Peber;1;tsk
meny_UGFzdGEgYWdsaW8;Pasta aglio e olio med ost, citron og pistacienødder;ing_pasta;Pasta;;
meny_UGFzdGEgYWdsaW8;Pasta aglio e olio med ost, citron og pistacienødder;ing_citron;Citron;1;stk
meny_UGFzdGEgYWdsaW8;Pasta aglio e olio med ost, citron og pistacienødder;ing_ost;Revet Ost;;
meny_UGFzdGEgYWdsaW8;Pasta aglio e olio med ost, citron og pistacienødder;ing_extra_11;Hvidløg;4;fed
meny_UGFzdGEgYWdsaW8;Pasta aglio e olio med ost, citron og pistacienødder;ing_extra_6;Citroner;1;stk
meny_UGFzdGEgYWdsaW8;Pasta aglio e olio med ost, citron og pistacienødder;ing_persille;Frisk Persille;1;stk
meny_UGFzdGEgYWdsaW8;Pasta aglio e olio med ost, citron og pistacienødder;ing_frisk_chili;Frisk Chili;1;stk
meny_UGFzdGEgYWdsaW8;Pasta aglio e olio med ost, citron og pistacienødder;ing_meny_auto_1124;olivenolie;3;spsk
meny_UGFzdGEgYWdsaW8;Pasta aglio e olio med ost, citron og pistacienødder;ing_meny_auto_1125;tørret spaghetti af god kvalitet;400;g
meny_UGFzdGEgYWdsaW8;Pasta aglio e olio med ost, citron og pistacienødder;ing_meny_auto_1126;parmigiano reggiano;170;g
meny_UGFzdGEgYWdsaW8;Pasta aglio e olio med ost, citron og pistacienødder;ing_meny_auto_1127;ristede pinjekerner;2;spsk
meny_UGFzdGEgYWdsaW8;Pasta aglio e olio med ost, citron og pistacienødder;ing_meny_auto_1128;grofthakkede pistacienødder;2;spsk
meny_QnVkZGhhIGJvd2w;Buddha bowl med spicy kartofler og avocadodressing ;ing_extra_3;Kartofler;700;g
meny_QnVkZGhhIGJvd2w;Buddha bowl med spicy kartofler og avocadodressing ;ing_extra_31;Olivenolie;1;spsk
meny_QnVkZGhhIGJvd2w;Buddha bowl med spicy kartofler og avocadodressing ;ing_extra_43;Salt;1;stk
meny_QnVkZGhhIGJvd2w;Buddha bowl med spicy kartofler og avocadodressing ;ing_avocado;Avocado;2;stk
meny_QnVkZGhhIGJvd2w;Buddha bowl med spicy kartofler og avocadodressing ;ing_foraarssloeg;Forårsløg;4;stk
meny_QnVkZGhhIGJvd2w;Buddha bowl med spicy kartofler og avocadodressing ;ing_extra_8;Iceberg Salat;;
meny_QnVkZGhhIGJvd2w;Buddha bowl med spicy kartofler og avocadodressing ;ing_extra_9;Frisk Spinat;;
meny_QnVkZGhhIGJvd2w;Buddha bowl med spicy kartofler og avocadodressing ;ing_salat_mix;Blandet salat;;
meny_QnVkZGhhIGJvd2w;Buddha bowl med spicy kartofler og avocadodressing ;ing_salatblanding;Skåret Salatblanding;;
meny_QnVkZGhhIGJvd2w;Buddha bowl med spicy kartofler og avocadodressing ;ing_koriander;Frisk Koriander;1;tsk
meny_QnVkZGhhIGJvd2w;Buddha bowl med spicy kartofler og avocadodressing;ing_meny_auto_1129;cayennepeber;0.5;tsk
meny_QnVkZGhhIGJvd2w;Buddha bowl med spicy kartofler og avocadodressing;ing_meny_auto_1130;stødt gurkemeje;1;tsk
meny_QnVkZGhhIGJvd2w;Buddha bowl med spicy kartofler og avocadodressing;ing_meny_auto_1131;hvidløgspulver;0.5;tsk
meny_QnVkZGhhIGJvd2w;Buddha bowl med spicy kartofler og avocadodressing;ing_meny_auto_1132;lime;1;stk
meny_QnVkZGhhIGJvd2w;Buddha bowl med spicy kartofler og avocadodressing;ing_meny_auto_1133;yoghurt naturel;100;g
meny_QnVkZGhhIGJvd2w;Buddha bowl med spicy kartofler og avocadodressing;ing_meny_auto_1134;rødkål;200;g
meny_QnVkZGhhIGJvd2w;Buddha bowl med spicy kartofler og avocadodressing;ing_meny_auto_1135;babysalatblade;200;g
meny_QnVkZGhhIGJvd2w;Buddha bowl med spicy kartofler og avocadodressing;ing_meny_auto_1136;græskarkerner;2;spsk
meny_R3JpbGxlZGUgc2t;Grillede skaftkoteletter med nye kartofler og salsa af tomat og jordbær;ing_extra_3;Kartofler;500;g
meny_R3JpbGxlZGUgc2t;Grillede skaftkoteletter med nye kartofler og salsa af tomat og jordbær;ing_extra_5;Porrer;2;stk
meny_R3JpbGxlZGUgc2t;Grillede skaftkoteletter med nye kartofler og salsa af tomat og jordbær;ing_extra_31;Olivenolie;2;spsk
meny_R3JpbGxlZGUgc2t;Grillede skaftkoteletter med nye kartofler og salsa af tomat og jordbær;ing_extra_43;Salt;;
meny_R3JpbGxlZGUgc2t;Grillede skaftkoteletter med nye kartofler og salsa af tomat og jordbær;ing_cremefraiche;Creme Fraiche;2;dl
meny_R3JpbGxlZGUgc2t;Grillede skaftkoteletter med nye kartofler og salsa af tomat og jordbær;ing_koriander;Frisk Koriander;1;stk
meny_R3JpbGxlZGUgc2t;Grillede skaftkoteletter med nye kartofler og salsa af tomat og jordbær;ing_extra_11;Hvidløg;1;fed
meny_R3JpbGxlZGUgc2t;Grillede skaftkoteletter med nye kartofler og salsa af tomat og jordbær;ing_nye_kartofler;Nye kartofler;500;g
meny_R3JpbGxlZGUgc2t;Grillede skaftkoteletter med nye kartofler og salsa af tomat og jordbær;ing_extra_1;Tomater (Danske);200;g
meny_R3JpbGxlZGUgc2t;Grillede skaftkoteletter med nye kartofler og salsa af tomat og jordbær;ing_extra_6;Citroner;;
meny_R3JpbGxlZGUgc2t;Grillede skaftkoteletter med nye kartofler og salsa af tomat og jordbær;ing_tomatsovs;Hakkede Tomater;;
meny_R3JpbGxlZGUgc2t;Grillede skaftkoteletter med nye kartofler og salsa af tomat og jordbær;ing_persille;Frisk Persille;2;stk
meny_R3JpbGxlZGUgc2t;Grillede skaftkoteletter med nye kartofler og salsa af tomat og jordbær;ing_tomat;Friske Tomater;200;g
meny_R3JpbGxlZGUgc2t;Grillede skaftkoteletter med nye kartofler og salsa af tomat og jordbær;ing_meny_auto_1137;citronsaft;1;spsk
meny_R3JpbGxlZGUgc2t;Grillede skaftkoteletter med nye kartofler og salsa af tomat og jordbær;ing_meny_auto_1138;jordbær;250;g
meny_R3JpbGxlZGUgc2t;Grillede skaftkoteletter med nye kartofler og salsa af tomat og jordbær;ing_meny_auto_1139;friskpresset limesaft;1;stk
meny_R3JpbGxlZGUgc2t;Grillede skaftkoteletter med nye kartofler og salsa af tomat og jordbær;ing_meny_auto_1141;friskkværnet peber;;
meny_R3JpbGxlZGUgc2t;Grillede skaftkoteletter med nye kartofler og salsa af tomat og jordbær;ing_meny_auto_1142;skaftkotelet;4;stk
meny_R3JpbGxlZGUgc2t;Grillede skaftkoteletter med nye kartofler og salsa af tomat og jordbær;ing_meny_auto_1143;smør;2;spsk
meny_R3JpbGxlZGUgc2t;Grillede skaftkoteletter med nye kartofler og salsa af tomat og jordbær;ing_meny_auto_1144;friskkværnet peber;;
meny_R3LDuG4gc2FsYXQ;Grøn salat med blåbær og appelsin;ing_extra_43;Salt;;
meny_R3LDuG4gc2FsYXQ;Grøn salat med blåbær og appelsin;ing_vand;Koldt vand;;
meny_R3LDuG4gc2FsYXQ;Grøn salat med blåbær og appelsin;ing_extra_8;Iceberg Salat;2;stk
meny_R3LDuG4gc2FsYXQ;Grøn salat med blåbær og appelsin;ing_salat_mix;Blandet salat;2;stk
meny_R3LDuG4gc2FsYXQ;Grøn salat med blåbær og appelsin;ing_salatblanding;Skåret Salatblanding;;
meny_R3LDuG4gc2FsYXQ;Grøn salat med blåbær og appelsin;ing_meny_auto_1145;bakke blåbær;1;stk
meny_R3LDuG4gc2FsYXQ;Grøn salat med blåbær og appelsin;ing_meny_auto_1146;appelsiner;2;stk
meny_R3LDuG4gc2FsYXQ;Grøn salat med blåbær og appelsin;ing_meny_auto_1147;edamamebønner;80;g
meny_R3LDuG4gc2FsYXQ;Grøn salat med blåbær og appelsin;ing_meny_auto_1148;valnødder;25;g
meny_R3LDuG4gc2FsYXQ;Grøn salat med blåbær og appelsin;ing_meny_auto_1149;olivenolie;3;spsk
meny_R3LDuG4gc2FsYXQ;Grøn salat med blåbær og appelsin;ing_meny_auto_1150;friskpresset appelsinsaft;2;spsk
meny_R3LDuG4gc2FsYXQ;Grøn salat med blåbær og appelsin;ing_meny_auto_1151;akaciehonning;1;spsk
meny_R3LDuG4gc2FsYXQ;Grøn salat med blåbær og appelsin;ing_meny_auto_1152;hvidvinseddike;1;spsk
meny_R3LDuG4gc2FsYXQ;Grøn salat med blåbær og appelsin;ing_meny_auto_1153;dijonsennep;2;tsk
meny_R3JpbGxlZGUgbGF;Grillede lammekoteletter med garam masala, spicy karrykartofler og rød peberfrugtpuré;ing_extra_31;Olivenolie;6;spsk
meny_R3JpbGxlZGUgbGF;Grillede lammekoteletter med garam masala, spicy karrykartofler og rød peberfrugtpuré;ing_extra_43;Salt;1;stk
meny_R3JpbGxlZGUgbGF;Grillede lammekoteletter med garam masala, spicy karrykartofler og rød peberfrugtpuré;ing_cremefraiche;Creme Fraiche;3;spsk
meny_R3JpbGxlZGUgbGF;Grillede lammekoteletter med garam masala, spicy karrykartofler og rød peberfrugtpuré;ing_extra_6;Citroner;1;stk
meny_R3JpbGxlZGUgbGF;Grillede lammekoteletter med garam masala, spicy karrykartofler og rød peberfrugtpuré;ing_persille;Frisk Persille;1;stk
meny_R3JpbGxlZGUgbGF;Grillede lammekoteletter med garam masala, spicy karrykartofler og rød peberfrugtpuré;ing_meny_auto_1154;kartofler;750;g
meny_R3JpbGxlZGUgbGF;Grillede lammekoteletter med garam masala, spicy karrykartofler og rød peberfrugtpuré;ing_meny_auto_1155;stødt gurkemeje;1;tsk
meny_R3JpbGxlZGUgbGF;Grillede lammekoteletter med garam masala, spicy karrykartofler og rød peberfrugtpuré;ing_meny_auto_1156;cayennepeber;0.5;tsk
meny_R3JpbGxlZGUgbGF;Grillede lammekoteletter med garam masala, spicy karrykartofler og rød peberfrugtpuré;ing_meny_auto_1157;karry pulver;1;tsk
meny_R3JpbGxlZGUgbGF;Grillede lammekoteletter med garam masala, spicy karrykartofler og rød peberfrugtpuré;ing_meny_auto_1158;sort peber;1;stk
meny_R3JpbGxlZGUgbGF;Grillede lammekoteletter med garam masala, spicy karrykartofler og rød peberfrugtpuré;ing_meny_auto_1159;røde peberfrugter;3;stk
meny_R3JpbGxlZGUgbGF;Grillede lammekoteletter med garam masala, spicy karrykartofler og rød peberfrugtpuré;ing_meny_auto_1161;lammekoteletter;4;stk
meny_R3JpbGxlZGUgbGF;Grillede lammekoteletter med garam masala, spicy karrykartofler og rød peberfrugtpuré;ing_meny_auto_1162;garam masala;2;tsk
meny_R3LDuG50c2Fnc3N;Grøntsagsspyd med tahin-marinade;ing_extra_3;Kartofler;400;g
meny_R3LDuG50c2Fnc3N;Grøntsagsspyd med tahin-marinade;ing_extra_31;Olivenolie;2;spsk
meny_R3LDuG50c2Fnc3N;Grøntsagsspyd med tahin-marinade;ing_extra_43;Salt;0.5;tsk
meny_R3LDuG50c2Fnc3N;Grøntsagsspyd med tahin-marinade;ing_extra_44;Sort Peber;0.5;tsk
meny_R3LDuG50c2Fnc3N;Grøntsagsspyd med tahin-marinade;ing_extra_11;Hvidløg;1;fed
meny_R3LDuG50c2Fnc3N;Grøntsagsspyd med tahin-marinade;ing_extra_6;Citroner;1;stk
meny_R3LDuG50c2Fnc3N;Grøntsagsspyd med tahin-marinade;ing_meny_auto_1163;zucchini;1;stk
meny_R3LDuG50c2Fnc3N;Grøntsagsspyd med tahin-marinade;ing_meny_auto_1164;rødløg;2;stk
meny_R3LDuG50c2Fnc3N;Grøntsagsspyd med tahin-marinade;ing_meny_auto_1165;gul peberfrugt;1;stk
meny_R3LDuG50c2Fnc3N;Grøntsagsspyd med tahin-marinade;ing_meny_auto_1166;rød peberfrugt;1;stk
meny_R3LDuG50c2Fnc3N;Grøntsagsspyd med tahin-marinade;ing_meny_auto_1167;champignoner;200;g
meny_R3LDuG50c2Fnc3N;Grøntsagsspyd med tahin-marinade;ing_meny_auto_1168;cherrytomater;200;g
meny_R3LDuG50c2Fnc3N;Grøntsagsspyd med tahin-marinade;ing_meny_auto_1169;tahin;6;spsk
meny_R3LDuG50c2Fnc3N;Grøntsagsspyd med tahin-marinade;ing_meny_auto_1170;vand;3;spsk
meny_R3LDuG50c2Fnc3N;Grøntsagsspyd med tahin-marinade;ing_meny_auto_1171;mynte;1;dl
meny_R3LDuG5uZSB3cmF;Grønne wraps med sprøde falafler og cremet fetadressing;ing_extra_3;Kartofler;2;dl
meny_R3LDuG5uZSB3cmF;Grønne wraps med sprøde falafler og cremet fetadressing;ing_extra_43;Salt;;
meny_R3LDuG5uZSB3cmF;Grønne wraps med sprøde falafler og cremet fetadressing;ing_spidskommen;Spidskommen;2;spsk
meny_R3LDuG5uZSB3cmF;Grønne wraps med sprøde falafler og cremet fetadressing;ing_aeg;Æg;2;stk
meny_R3LDuG5uZSB3cmF;Grønne wraps med sprøde falafler og cremet fetadressing;ing_foraarssloeg;Forårsløg;;
meny_R3LDuG5uZSB3cmF;Grønne wraps med sprøde falafler og cremet fetadressing;ing_chili;Chilipulver;;
meny_R3LDuG5uZSB3cmF;Grønne wraps med sprøde falafler og cremet fetadressing;ing_loeg;Løg;;
meny_R3LDuG5uZSB3cmF;Grønne wraps med sprøde falafler og cremet fetadressing;ing_extra_11;Hvidløg;1;fed
meny_R3LDuG5uZSB3cmF;Grønne wraps med sprøde falafler og cremet fetadressing;ing_extra_6;Citroner;;
meny_R3LDuG5uZSB3cmF;Grønne wraps med sprøde falafler og cremet fetadressing;ing_frisk_chili;Frisk Chili;;
meny_R3LDuG5uZSB3cmF;Grønne wraps med sprøde falafler og cremet fetadressing;ing_koriander;Frisk Koriander;2;dl
meny_R3LDuG5uZSB3cmF;Grønne wraps med sprøde falafler og cremet fetadressing;ing_meny_auto_1172;spidskål blade;4;stk
meny_R3LDuG5uZSB3cmF;Grønne wraps med sprøde falafler og cremet fetadressing;ing_meny_auto_1173;feta;150;g
meny_R3LDuG5uZSB3cmF;Grønne wraps med sprøde falafler og cremet fetadressing;ing_meny_auto_1174;økologisk creme fraiche 9%;2;dl
meny_R3LDuG5uZSB3cmF;Grønne wraps med sprøde falafler og cremet fetadressing;ing_meny_auto_1175;friskpresset citronsaft;2;tsk
meny_R3LDuG5uZSB3cmF;Grønne wraps med sprøde falafler og cremet fetadressing;ing_meny_auto_1176;sort peber;;
meny_R3LDuG5uZSB3cmF;Grønne wraps med sprøde falafler og cremet fetadressing;ing_meny_auto_1177;rød peberfrugt;1;stk
meny_R3LDuG5uZSB3cmF;Grønne wraps med sprøde falafler og cremet fetadressing;ing_meny_auto_1178;agurk;0.5;stk
meny_R3LDuG5uZSB3cmF;Grønne wraps med sprøde falafler og cremet fetadressing;ing_meny_auto_1180;kogt quinoa;2;dl
meny_R3LDuG5uZSB3cmF;Grønne wraps med sprøde falafler og cremet fetadressing;ing_meny_auto_1181;ekstrafine ærter;120;g
meny_R3LDuG5uZSB3cmF;Grønne wraps med sprøde falafler og cremet fetadressing;ing_meny_auto_1182;olivenolie;1;spsk
meny_R3LDuG5uZSB3cmF;Grønne wraps med sprøde falafler og cremet fetadressing;ing_meny_auto_1183;sort peber;;
meny_R3LDuG5uZSB3cmF;Grønne wraps med sprøde falafler og cremet fetadressing;ing_meny_auto_1184;tørrede kikærter;400;g
meny_R3LDuG5uZSB3cmF;Grønne wraps med sprøde falafler og cremet fetadressing;ing_meny_auto_1186;friskpresset citronsaft;2;spsk
meny_R3LDuG5uZSB3cmF;Grønne wraps med sprøde falafler og cremet fetadressing;ing_meny_auto_1187;rasp;6;spsk
meny_R3LDuG5uZSB3cmF;Grønne wraps med sprøde falafler og cremet fetadressing;ing_meny_auto_1188;olie til stegning;1;l
meny_R3LDuG5uZSB3cmF;Grønne wraps med sprøde falafler og cremet fetadressing;ing_meny_auto_1189;friske myntekviste;2;stk
meny_R3LDuG5uZSB3cmF;Grønne wraps med sprøde falafler og cremet fetadressing;ing_meny_auto_1190;sesamfrø;2;spsk
meny_RmxhZGJyw7hkIG1;Fladbrød med hummus, stegt aubergine og tahindressing ;ing_extra_2;Agurk;0.5;stk
meny_RmxhZGJyw7hkIG1;Fladbrød med hummus, stegt aubergine og tahindressing ;ing_extra_43;Salt;1;stk
meny_RmxhZGJyw7hkIG1;Fladbrød med hummus, stegt aubergine og tahindressing ;ing_aubergine;Aubergine;2;stk
meny_RmxhZGJyw7hkIG1;Fladbrød med hummus, stegt aubergine og tahindressing ;ing_citron;Citron;1;stk
meny_RmxhZGJyw7hkIG1;Fladbrød med hummus, stegt aubergine og tahindressing ;ing_loeg;Løg;1;stk
meny_RmxhZGJyw7hkIG1;Fladbrød med hummus, stegt aubergine og tahindressing ;ing_extra_6;Citroner;1;stk
meny_RmxhZGJyw7hkIG1;Fladbrød med hummus, stegt aubergine og tahindressing ;ing_persille;Frisk Persille;1;stk
meny_RmxhZGJyw7hkIG1;Fladbrød med hummus, stegt aubergine og tahindressing;ing_meny_auto_1191;knivspids sort peber;1;stk
meny_RmxhZGJyw7hkIG1;Fladbrød med hummus, stegt aubergine og tahindressing;ing_meny_auto_1192;olivenolie;0.5;dl
meny_RmxhZGJyw7hkIG1;Fladbrød med hummus, stegt aubergine og tahindressing;ing_meny_auto_1193;tahin;100;g
meny_RmxhZGJyw7hkIG1;Fladbrød med hummus, stegt aubergine og tahindressing;ing_meny_auto_1194;0.5- 1 dl vand;;
meny_RmxhZGJyw7hkIG1;Fladbrød med hummus, stegt aubergine og tahindressing;ing_meny_auto_1195;hummus;200;g
meny_RmxhZGJyw7hkIG1;Fladbrød med hummus, stegt aubergine og tahindressing;ing_meny_auto_1196;fladbrød;4;stk
meny_QXNpYXRpc2sgbWF;Asiatisk marinerede stegeben med frisk salat og peanutdressing;ing_aeg;Æg;200;g
meny_QXNpYXRpc2sgbWF;Asiatisk marinerede stegeben med frisk salat og peanutdressing;ing_foraarssloeg;Forårsløg;3;stk
meny_QXNpYXRpc2sgbWF;Asiatisk marinerede stegeben med frisk salat og peanutdressing;ing_extra_11;Hvidløg;2;fed
meny_QXNpYXRpc2sgbWF;Asiatisk marinerede stegeben med frisk salat og peanutdressing;ing_spidskaal;Spidskål;;
meny_QXNpYXRpc2sgbWF;Asiatisk marinerede stegeben med frisk salat og peanutdressing;ing_extra_8;Iceberg Salat;;
meny_QXNpYXRpc2sgbWF;Asiatisk marinerede stegeben med frisk salat og peanutdressing;ing_extra_12;Frisk Ingefær;0.5;tsk
meny_QXNpYXRpc2sgbWF;Asiatisk marinerede stegeben med frisk salat og peanutdressing;ing_salat_mix;Blandet salat;;
meny_QXNpYXRpc2sgbWF;Asiatisk marinerede stegeben med frisk salat og peanutdressing;ing_salatblanding;Skåret Salatblanding;;
meny_QXNpYXRpc2sgbWF;Asiatisk marinerede stegeben med frisk salat og peanutdressing;ing_frisk_chili;Frisk Chili;1;stk
meny_QXNpYXRpc2sgbWF;Asiatisk marinerede stegeben med frisk salat og peanutdressing;ing_koriander;Frisk Koriander;1;dl
meny_QXNpYXRpc2sgbWF;Asiatisk marinerede stegeben med frisk salat og peanutdressing;ing_meny_auto_1197;stegeben fra gris;2;kg
meny_QXNpYXRpc2sgbWF;Asiatisk marinerede stegeben med frisk salat og peanutdressing;ing_meny_auto_1198;stilke citrongræs;2;stk
meny_QXNpYXRpc2sgbWF;Asiatisk marinerede stegeben med frisk salat og peanutdressing;ing_meny_auto_1199;flydende honning;1;dl
meny_QXNpYXRpc2sgbWF;Asiatisk marinerede stegeben med frisk salat og peanutdressing;ing_meny_auto_1200;sojasauce;1;dl
meny_QXNpYXRpc2sgbWF;Asiatisk marinerede stegeben med frisk salat og peanutdressing;ing_meny_auto_1201;gulerødder;3;stk
meny_QXNpYXRpc2sgbWF;Asiatisk marinerede stegeben med frisk salat og peanutdressing;ing_meny_auto_1202;edamamebønner;150;g
meny_QXNpYXRpc2sgbWF;Asiatisk marinerede stegeben med frisk salat og peanutdressing;ing_meny_auto_1203;ristede cashewnød;1;dl
meny_QXNpYXRpc2sgbWF;Asiatisk marinerede stegeben med frisk salat og peanutdressing;ing_meny_auto_1204;peanutbutter;1;dl
meny_QXNpYXRpc2sgbWF;Asiatisk marinerede stegeben med frisk salat og peanutdressing;ing_meny_auto_1206;lime;1;stk
meny_QXNpYXRpc2sgbWF;Asiatisk marinerede stegeben med frisk salat og peanutdressing;ing_meny_auto_1207;vand;2;spsk
meny_R3JpbGxldCBhdWJ;Grillet aubergine- og squashsalat med salatost i tern;ing_extra_43;Salt;1;spsk
meny_R3JpbGxldCBhdWJ;Grillet aubergine- og squashsalat med salatost i tern;ing_aubergine;Aubergine;1;stk
meny_R3JpbGxldCBhdWJ;Grillet aubergine- og squashsalat med salatost i tern;ing_squash;Squash;1;stk
meny_R3JpbGxldCBhdWJ;Grillet aubergine- og squashsalat med salatost i tern;ing_vand;Koldt vand;;
meny_R3JpbGxldCBhdWJ;Grillet aubergine- og squashsalat med salatost i tern;ing_loeg;Løg;50;g
meny_R3JpbGxldCBhdWJ;Grillet aubergine- og squashsalat med salatost i tern;ing_extra_8;Iceberg Salat;;
meny_R3JpbGxldCBhdWJ;Grillet aubergine- og squashsalat med salatost i tern;ing_salat_mix;Blandet salat;;
meny_R3JpbGxldCBhdWJ;Grillet aubergine- og squashsalat med salatost i tern;ing_salatblanding;Skåret Salatblanding;;
meny_R3JpbGxldCBhdWJ;Grillet aubergine- og squashsalat med salatost i tern;ing_meny_auto_1208;olivenolie;4;spsk
meny_R3JpbGxldCBhdWJ;Grillet aubergine- og squashsalat med salatost i tern;ing_meny_auto_1209;finthakket frisk basilikum;5;g
meny_R3JpbGxldCBhdWJ;Grillet aubergine- og squashsalat med salatost i tern;ing_meny_auto_1210;il fornaio brød i grove tern;100;g
meny_R3JpbGxldCBhdWJ;Grillet aubergine- og squashsalat med salatost i tern;ing_meny_auto_1211;olie til ristning af brød;2;spsk
meny_R3JpbGxldCBhdWJ;Grillet aubergine- og squashsalat med salatost i tern;ing_meny_auto_1212;Arla Karolines Køkken® Klassisk Salatost i tern;200;g
meny_R3JpbGxldCBhdWJ;Grillet aubergine- og squashsalat med salatost i tern;ing_meny_auto_1213;haricots verts;100;g
meny_R3JpbGxldCBhdWJ;Grillet aubergine- og squashsalat med salatost i tern;ing_meny_auto_1214;pynt med frisk basilikum;;
meny_R3JpbGxldCBhdWJ;Grillet aubergine- og squashsalat med salatost i tern;ing_meny_auto_1215;& ærteskud;;
meny_R3JlZW5pZSBib3d;Greenie bowl med banan, spinat og broccoli;ing_extra_33;Havregryn;50;g
meny_R3JlZW5pZSBib3d;Greenie bowl med banan, spinat og broccoli;ing_broccoli;Broccoli;200;g
meny_R3JlZW5pZSBib3d;Greenie bowl med banan, spinat og broccoli;ing_extra_7;Bananer;2;stk
meny_R3JlZW5pZSBib3d;Greenie bowl med banan, spinat og broccoli;ing_extra_9;Frisk Spinat;150;g
meny_R3JlZW5pZSBib3d;Greenie bowl med banan, spinat og broccoli;ing_meny_auto_1216;havredrik eller en anden plantedrik;5;dl
meny_R3JlZW5pZSBib3d;Greenie bowl med banan, spinat og broccoli;ing_meny_auto_1217;blåbær;125;g
meny_R3JlZW5pZSBib3d;Greenie bowl med banan, spinat og broccoli;ing_meny_auto_1218;kiwifrugter;2;stk
meny_R3JlZW5pZSBib3d;Greenie bowl med banan, spinat og broccoli;ing_meny_auto_1219;mandler;25;g
meny_R3JlZW5pZSBib3d;Greenie bowl med banan, spinat og broccoli;ing_meny_auto_1220;kokosmel eller kokosflager;2;spsk
meny_R3JlZW5pZSBib3d;Greenie bowl med banan, spinat og broccoli;ing_meny_auto_1221;kakaonibs eller meget mørkt hakket chokolade;2;spsk
meny_R3JpbGxlZGUgbWF;Grillede majskolber med salsa fresca, feta og honning-tabascomarinade;ing_peberfrugt;Peberfrugt;0.5;stk
meny_R3JpbGxlZGUgbWF;Grillede majskolber med salsa fresca, feta og honning-tabascomarinade;ing_extra_31;Olivenolie;2;spsk
meny_R3JpbGxlZGUgbWF;Grillede majskolber med salsa fresca, feta og honning-tabascomarinade;ing_extra_43;Salt;1;stk
meny_R3JpbGxlZGUgbWF;Grillede majskolber med salsa fresca, feta og honning-tabascomarinade;ing_extra_44;Sort Peber;1;stk
meny_R3JpbGxlZGUgbWF;Grillede majskolber med salsa fresca, feta og honning-tabascomarinade;ing_aeg;Æg;;
meny_R3JpbGxlZGUgbWF;Grillede majskolber med salsa fresca, feta og honning-tabascomarinade;ing_extra_1;Tomater (Danske);2;stk
meny_R3JpbGxlZGUgbWF;Grillede majskolber med salsa fresca, feta og honning-tabascomarinade;ing_tomatsovs;Hakkede Tomater;2;stk
meny_R3JpbGxlZGUgbWF;Grillede majskolber med salsa fresca, feta og honning-tabascomarinade;ing_tomat;Friske Tomater;2;stk
meny_R3JpbGxlZGUgbWF;Grillede majskolber med salsa fresca, feta og honning-tabascomarinade;ing_koriander;Frisk Koriander;1;stk
meny_R3JpbGxlZGUgbWF;Grillede majskolber med salsa fresca, feta og honning-tabascomarinade;ing_meny_auto_1222;tabascosauce;3;spsk
meny_R3JpbGxlZGUgbWF;Grillede majskolber med salsa fresca, feta og honning-tabascomarinade;ing_meny_auto_1223;akaciehonning;4;spsk
meny_R3JpbGxlZGUgbWF;Grillede majskolber med salsa fresca, feta og honning-tabascomarinade;ing_meny_auto_1224;tørret chiliflage;1;tsk
meny_R3JpbGxlZGUgbWF;Grillede majskolber med salsa fresca, feta og honning-tabascomarinade;ing_meny_auto_1225;jalapeño;1;stk
meny_R3JpbGxlZGUgbWF;Grillede majskolber med salsa fresca, feta og honning-tabascomarinade;ing_meny_auto_1226;rødløg;0.5;stk
meny_R3JpbGxlZGUgbWF;Grillede majskolber med salsa fresca, feta og honning-tabascomarinade;ing_meny_auto_1227;friskpresset limesaft;0.5;dl
meny_R3JpbGxlZGUgbWF;Grillede majskolber med salsa fresca, feta og honning-tabascomarinade;ing_meny_auto_1228;majskolber;4;stk
meny_R3JpbGxlZGUgbWF;Grillede majskolber med salsa fresca, feta og honning-tabascomarinade;ing_meny_auto_1229;feta;100;g
meny_R3JpbGxldCBoZWw;Grillet hel rødspætte med kartoffelsalat;ing_extra_3;Kartofler;800;g
meny_R3JpbGxldCBoZWw;Grillet hel rødspætte med kartoffelsalat;ing_extra_6;Citroner;2;stk
meny_R3JpbGxldCBoZWw;Grillet hel rødspætte med kartoffelsalat;ing_extra_22;Rødspætte;4;stk
meny_R3JpbGxldCBoZWw;Grillet hel rødspætte med kartoffelsalat;ing_extra_31;Olivenolie;3;spsk
meny_R3JpbGxldCBoZWw;Grillet hel rødspætte med kartoffelsalat;ing_extra_43;Salt;;
meny_R3JpbGxldCBoZWw;Grillet hel rødspætte med kartoffelsalat;ing_aeg;Æg;;
meny_R3JpbGxldCBoZWw;Grillet hel rødspætte med kartoffelsalat;ing_citron;Citron;2;stk
meny_R3JpbGxldCBoZWw;Grillet hel rødspætte med kartoffelsalat;ing_vand;Koldt vand;;
meny_R3JpbGxldCBoZWw;Grillet hel rødspætte med kartoffelsalat;ing_koriander;Frisk Koriander;1;bundt
meny_R3JpbGxldCBoZWw;Grillet hel rødspætte med kartoffelsalat;ing_meny_auto_1230;frisk timian;1;bundt
meny_R3JpbGxldCBoZWw;Grillet hel rødspætte med kartoffelsalat;ing_meny_auto_1232;grøn asparges;1;bundt
meny_SGVsc3RlZ3Qga3l;Helstegt kylling på kartoffel-porrebund;ing_extra_31;Olivenolie;1;spsk
meny_SGVsc3RlZ3Qga3l;Helstegt kylling på kartoffel-porrebund;ing_extra_43;Salt;;
meny_SGVsc3RlZ3Qga3l;Helstegt kylling på kartoffel-porrebund;ing_aeg;Æg;;
meny_SGVsc3RlZ3Qga3l;Helstegt kylling på kartoffel-porrebund;ing_kyllingebryst;Kyllingebryst;1;stk
meny_SGVsc3RlZ3Qga3l;Helstegt kylling på kartoffel-porrebund;ing_extra_3;Kartofler;750;g
meny_SGVsc3RlZ3Qga3l;Helstegt kylling på kartoffel-porrebund;ing_hel_kylling;Hel kylling;1;stk
meny_SGVsc3RlZ3Qga3l;Helstegt kylling på kartoffel-porrebund;ing_meny_auto_1235;persillerødder;250;g
meny_SGVsc3RlZ3Qga3l;Helstegt kylling på kartoffel-porrebund;ing_meny_auto_1236;porrer;2;stk
meny_SGVsc3RlZ3Qga3l;Helstegt kylling på kartoffel-porrebund;ing_meny_auto_1237;frisk salvie;10;blade
meny_R3JpbGxldCBtZWR;Grillet medister med serranoskinke, italiensk kartoffelsalat og asparges;ing_extra_3;Kartofler;600;g
meny_R3JpbGxldCBtZWR;Grillet medister med serranoskinke, italiensk kartoffelsalat og asparges;ing_extra_6;Citroner;;
meny_R3JpbGxldCBtZWR;Grillet medister med serranoskinke, italiensk kartoffelsalat og asparges;ing_extra_18;Medister;800;g
meny_R3JpbGxldCBtZWR;Grillet medister med serranoskinke, italiensk kartoffelsalat og asparges;ing_extra_31;Olivenolie;1;spsk
meny_R3JpbGxldCBtZWR;Grillet medister med serranoskinke, italiensk kartoffelsalat og asparges;ing_extra_43;Salt;1;tsk
meny_R3JpbGxldCBtZWR;Grillet medister med serranoskinke, italiensk kartoffelsalat og asparges;ing_aeg;Æg;;
meny_R3JpbGxldCBtZWR;Grillet medister med serranoskinke, italiensk kartoffelsalat og asparges;ing_asparges;Grønne Asparges;250;g
meny_R3JpbGxldCBtZWR;Grillet medister med serranoskinke, italiensk kartoffelsalat og asparges;ing_extra_11;Hvidløg;1;fed
meny_R3JpbGxldCBtZWR;Grillet medister med serranoskinke, italiensk kartoffelsalat og asparges;ing_rosmarin;Frisk Rosmarin;1;stk
meny_R3JpbGxldCBtZWR;Grillet medister med serranoskinke, italiensk kartoffelsalat og asparges;ing_meny_auto_1238;friskkværnet peber;0.5;tsk
meny_R3JpbGxldCBtZWR;Grillet medister med serranoskinke, italiensk kartoffelsalat og asparges;ing_meny_auto_1239;serrano skinker;100;g
meny_R3JpbGxldCBtZWR;Grillet medister med serranoskinke, italiensk kartoffelsalat og asparges;ing_meny_auto_1240;skiver surdejsbrød;2;stk
meny_R3JpbGxldCBtZWR;Grillet medister med serranoskinke, italiensk kartoffelsalat og asparges;ing_meny_auto_1241;fintrevet pecorino;20;g
meny_R3JpbGxldCBtZWR;Grillet medister med serranoskinke, italiensk kartoffelsalat og asparges;ing_meny_auto_1242;friskkværnet peber;0.25;tsk
meny_R3JpbGxldCBtZWR;Grillet medister med serranoskinke, italiensk kartoffelsalat og asparges;ing_meny_auto_1244;ff;1;dl
meny_R3JpbGxldCBtZWR;Grillet medister med serranoskinke, italiensk kartoffelsalat og asparges;ing_meny_auto_1245;røde og gule cherrytomater;200;g
meny_R3JpbGxldCBtZWR;Grillet medister med serranoskinke, italiensk kartoffelsalat og asparges;ing_meny_auto_1246;skalotteløg;1;stk
meny_R3JpbGxldCBtZWR;Grillet medister med serranoskinke, italiensk kartoffelsalat og asparges;ing_meny_auto_1247;blandet salat med rucola;65;g
meny_R3JpbGxldCBtZWR;Grillet medister med serranoskinke, italiensk kartoffelsalat og asparges;ing_meny_auto_1248;kalamataoliven;80;g
meny_QmFnZWthcnRvZmx;Bagekartofler med rødbedetzatziki, sprøde rødbedechips og purløg;ing_extra_43;Salt;0.5;tsk
meny_QmFnZWthcnRvZmx;Bagekartofler med rødbedetzatziki, sprøde rødbedechips og purløg;ing_aeg;Æg;;
meny_QmFnZWthcnRvZmx;Bagekartofler med rødbedetzatziki, sprøde rødbedechips og purløg;ing_bagekartofler;Bagekartofler;1.2;kg
meny_QmFnZWthcnRvZmx;Bagekartofler med rødbedetzatziki, sprøde rødbedechips og purløg;ing_vand;Koldt vand;;
meny_QmFnZWthcnRvZmx;Bagekartofler med rødbedetzatziki, sprøde rødbedechips og purløg;ing_extra_11;Hvidløg;2;fed
meny_QmFnZWthcnRvZmx;Bagekartofler med rødbedetzatziki, sprøde rødbedechips og purløg;ing_extra_3;Kartofler;1.2;kg
meny_QmFnZWthcnRvZmx;Bagekartofler med rødbedetzatziki, sprøde rødbedechips og purløg;ing_meny_auto_1249;smør;50;g
meny_QmFnZWthcnRvZmx;Bagekartofler med rødbedetzatziki, sprøde rødbedechips og purløg;ing_meny_auto_1250;rødbeder;400;g
meny_QmFnZWthcnRvZmx;Bagekartofler med rødbedetzatziki, sprøde rødbedechips og purløg;ing_meny_auto_1251;Arla Karolines Køkken® Græsk inspireret yoghurt 10%;4;dl
meny_QmFnZWthcnRvZmx;Bagekartofler med rødbedetzatziki, sprøde rødbedechips og purløg;ing_meny_auto_1252;friskkværnet peber;0.5;tsk
meny_QmFnZWthcnRvZmx;Bagekartofler med rødbedetzatziki, sprøde rødbedechips og purløg;ing_meny_auto_1253;rapsolie;1;liter
meny_QmFnZWthcnRvZmx;Bagekartofler med rødbedetzatziki, sprøde rødbedechips og purløg;ing_meny_auto_1255;purløg;1;dl
meny_R3JpbGxldCBULWJ;Grillet T-bone med majs-ribs, grønt og bearnaisesauce;ing_extra_31;Olivenolie;4;spsk
meny_R3JpbGxldCBULWJ;Grillet T-bone med majs-ribs, grønt og bearnaisesauce;ing_extra_43;Salt;;
meny_R3JpbGxldCBULWJ;Grillet T-bone med majs-ribs, grønt og bearnaisesauce;ing_extra_45;Paprika;1;tsk
meny_R3JpbGxldCBULWJ;Grillet T-bone med majs-ribs, grønt og bearnaisesauce;ing_persille;Frisk Persille;1;dl
meny_R3JpbGxldCBULWJ;Grillet T-bone med majs-ribs, grønt og bearnaisesauce;ing_meny_auto_1256;kalve T-bonesteaks;4;stk
meny_R3JpbGxldCBULWJ;Grillet T-bone med majs-ribs, grønt og bearnaisesauce;ing_meny_auto_1257;majskolber;4;stk
meny_R3JpbGxldCBULWJ;Grillet T-bone med majs-ribs, grønt og bearnaisesauce;ing_meny_auto_1258;friske grønne asparges trimmet;16;stk
meny_R3JpbGxldCBULWJ;Grillet T-bone med majs-ribs, grønt og bearnaisesauce;ing_meny_auto_1259;friske grønne bønner nippet;200;g
meny_R3JpbGxldCBULWJ;Grillet T-bone med majs-ribs, grønt og bearnaisesauce;ing_meny_auto_1260;cherrytomater på stilk, klippet i små klaser;400;g
meny_R3JpbGxldCBULWJ;Grillet T-bone med majs-ribs, grønt og bearnaisesauce;ing_meny_auto_1261;god Bearnaise sauce;200;g
meny_R3JpbGxldCBULWJ;Grillet T-bone med majs-ribs, grønt og bearnaisesauce;ing_meny_auto_1262;hakket estragonblade;1;dl
meny_R3JpbGxldCBULWJ;Grillet T-bone med majs-ribs, grønt og bearnaisesauce;ing_meny_auto_1263;sort peber;;
meny_U2FsYXQgYWYgYnJ;Salat af brombær, enoki svampe, æbler, hjertesalat og flydende ramsløg;ing_enoki;Enokisvampe;200;g
meny_U2FsYXQgYWYgYnJ;Salat af brombær, enoki svampe, æbler, hjertesalat og flydende ramsløg;ing_extra_8;Iceberg Salat;;
meny_U2FsYXQgYWYgYnJ;Salat af brombær, enoki svampe, æbler, hjertesalat og flydende ramsløg;ing_salat_mix;Blandet salat;;
meny_U2FsYXQgYWYgYnJ;Salat af brombær, enoki svampe, æbler, hjertesalat og flydende ramsløg;ing_salatblanding;Skåret Salatblanding;;
meny_U2FsYXQgYWYgYnJ;Salat af brombær, enoki svampe, æbler, hjertesalat og flydende ramsløg;ing_oestershatte;Østershatte;;
meny_U2FsYXQgYWYgYnJ;Salat af brombær, enoki svampe, æbler, hjertesalat og flydende ramsløg;ing_meny_auto_1264;brombær;250;g
meny_U2FsYXQgYWYgYnJ;Salat af brombær, enoki svampe, æbler, hjertesalat og flydende ramsløg;ing_meny_auto_1265;guldborg æbler;4;stk
meny_U2FsYXQgYWYgYnJ;Salat af brombær, enoki svampe, æbler, hjertesalat og flydende ramsløg;ing_meny_auto_1266;hjertesalat;4;stk
meny_U2FsYXQgYWYgYnJ;Salat af brombær, enoki svampe, æbler, hjertesalat og flydende ramsløg;ing_meny_auto_1268;flydende ramsløg;1;stk
meny_Q2l0cnVzcGlja2x;Citruspickles med hvidløg og chili;ing_karry;Karrypulver;2;tsk
meny_Q2l0cnVzcGlja2x;Citruspickles med hvidløg og chili;ing_extra_6;Citroner;2;stk
meny_Q2l0cnVzcGlja2x;Citruspickles med hvidløg og chili;ing_extra_43;Salt;1;spsk
meny_Q2l0cnVzcGlja2x;Citruspickles med hvidløg og chili;ing_spidskommen;Spidskommen;1;tsk
meny_Q2l0cnVzcGlja2x;Citruspickles med hvidløg og chili;ing_extra_11;Hvidløg;2;fed
meny_Q2l0cnVzcGlja2x;Citruspickles med hvidløg og chili;ing_frisk_chili;Frisk Chili;2;tsk
meny_Q2l0cnVzcGlja2x;Citruspickles med hvidløg og chili;ing_meny_auto_1269;lime;3;stk
meny_Q2l0cnVzcGlja2x;Citruspickles med hvidløg og chili;ing_meny_auto_1270;sesamolie;3;spsk
meny_Q2l0cnVzcGlja2x;Citruspickles med hvidløg og chili;ing_meny_auto_1271;sennepsfrø;2;tsk
meny_Q2l0cnVzcGlja2x;Citruspickles med hvidløg og chili;ing_meny_auto_1272;stødt gurkemeje;1.5;tsk
meny_Q2l0cnVzcGlja2x;Citruspickles med hvidløg og chili;ing_meny_auto_1273;korianderfrø;1;tsk
meny_QXNwYXJnZXMgaG9;Asparges hotdog med skagenröre i brioche;ing_extra_43;Salt;0.5;tsk
meny_QXNwYXJnZXMgaG9;Asparges hotdog med skagenröre i brioche;ing_aeg;Æg;;
meny_QXNwYXJnZXMgaG9;Asparges hotdog med skagenröre i brioche;ing_cremefraiche;Creme Fraiche;100;g
meny_QXNwYXJnZXMgaG9;Asparges hotdog med skagenröre i brioche;ing_mayonnaise;Mayonnaise;75;g
meny_QXNwYXJnZXMgaG9;Asparges hotdog med skagenröre i brioche;ing_extra_6;Citroner;;
meny_QXNwYXJnZXMgaG9;Asparges hotdog med skagenröre i brioche;ing_meny_auto_1274;bundter grønne asparges;2;stk
meny_QXNwYXJnZXMgaG9;Asparges hotdog med skagenröre i brioche;ing_meny_auto_1275;brioche hotdogbrød;4;stk
meny_QXNwYXJnZXMgaG9;Asparges hotdog med skagenröre i brioche;ing_meny_auto_1276;rejer;200;g
meny_QXNwYXJnZXMgaG9;Asparges hotdog med skagenröre i brioche;ing_meny_auto_1277;fintklippet purløg + ekstra til pynt;2;spsk
meny_QXNwYXJnZXMgaG9;Asparges hotdog med skagenröre i brioche;ing_meny_auto_1278;finthakket frisk kørvel + ekstra til pynt;2;spsk
meny_QXNwYXJnZXMgaG9;Asparges hotdog med skagenröre i brioche;ing_meny_auto_1279;revet citronskal;1;tsk
meny_QXNwYXJnZXMgaG9;Asparges hotdog med skagenröre i brioche;ing_meny_auto_1280;ørredrogn;50;g
meny_QXNwYXJnZXMgaG9;Asparges hotdog med skagenröre i brioche;ing_meny_auto_1281;sort peber;0.5;tsk
meny_R3JpbGxldCByaWJ;Grillet ribeye med knuste kartofler, parmesanost og ærtepuré;ing_extra_3;Kartofler;;
meny_R3JpbGxldCByaWJ;Grillet ribeye med knuste kartofler, parmesanost og ærtepuré;ing_extra_43;Salt;;
meny_R3JpbGxldCByaWJ;Grillet ribeye med knuste kartofler, parmesanost og ærtepuré;ing_rosmarin;Frisk Rosmarin;;
meny_R3JpbGxldCByaWJ;Grillet ribeye med knuste kartofler, parmesanost og ærtepuré;ing_parmesan;Parmigiano Reggiano;50;g
meny_R3JpbGxldCByaWJ;Grillet ribeye med knuste kartofler, parmesanost og ærtepuré;ing_extra_11;Hvidløg;2;fed
meny_R3JpbGxldCByaWJ;Grillet ribeye med knuste kartofler, parmesanost og ærtepuré;ing_extra_6;Citroner;;
meny_R3JpbGxldCByaWJ;Grillet ribeye med knuste kartofler, parmesanost og ærtepuré;ing_persille;Frisk Persille;3;spsk
meny_R3JpbGxldCByaWJ;Grillet ribeye med knuste kartofler, parmesanost og ærtepuré;ing_meny_auto_1282;ribeye-steaks af dansk kalv;4;stk
meny_R3JpbGxldCByaWJ;Grillet ribeye med knuste kartofler, parmesanost og ærtepuré;ing_meny_auto_1283;mellemstore kartoffel;1;kg
meny_R3JpbGxldCByaWJ;Grillet ribeye med knuste kartofler, parmesanost og ærtepuré;ing_meny_auto_1284;smør;100;g
meny_R3JpbGxldCByaWJ;Grillet ribeye med knuste kartofler, parmesanost og ærtepuré;ing_meny_auto_1287;revet parmigiano reggiano;50;g
meny_R3JpbGxldCByaWJ;Grillet ribeye med knuste kartofler, parmesanost og ærtepuré;ing_meny_auto_1288;fine frosne ærter;450;g
meny_R3JpbGxldCByaWJ;Grillet ribeye med knuste kartofler, parmesanost og ærtepuré;ing_meny_auto_1290;vand;;
meny_R3JpbGxldCByaWJ;Grillet ribeye med knuste kartofler, parmesanost og ærtepuré;ing_meny_auto_1291;friskpresset citronsaft;3;spsk
meny_R3JpbGxldCByaWJ;Grillet ribeye med knuste kartofler, parmesanost og ærtepuré;ing_meny_auto_1292;rygeost;3;spsk
meny_R3Jpc2Vtw7hyYnJ;Grisemørbrad med forårsløg og asparges;ing_extra_3;Kartofler;300;g
meny_R3Jpc2Vtw7hyYnJ;Grisemørbrad med forårsløg og asparges;ing_extra_31;Olivenolie;2;spsk
meny_R3Jpc2Vtw7hyYnJ;Grisemørbrad med forårsløg og asparges;ing_extra_43;Salt;1;tsk
meny_R3Jpc2Vtw7hyYnJ;Grisemørbrad med forårsløg og asparges;ing_extra_46;Oregano;1;spsk
meny_R3Jpc2Vtw7hyYnJ;Grisemørbrad med forårsløg og asparges;ing_svinemoerbrad;Svinemørbrad;2;stk
meny_R3Jpc2Vtw7hyYnJ;Grisemørbrad med forårsløg og asparges;ing_foraarssloeg;Forårsløg;2;dl
meny_R3Jpc2Vtw7hyYnJ;Grisemørbrad med forårsløg og asparges;ing_extra_11;Hvidløg;3;fed
meny_R3Jpc2Vtw7hyYnJ;Grisemørbrad med forårsløg og asparges;ing_extra_6;Citroner;;
meny_R3Jpc2Vtw7hyYnJ;Grisemørbrad med forårsløg og asparges;ing_rosmarin;Frisk Rosmarin;1;dl
meny_R3Jpc2Vtw7hyYnJ;Grisemørbrad med forårsløg og asparges;ing_meny_auto_1295;citronskal;2;spsk
meny_R3Jpc2Vtw7hyYnJ;Grisemørbrad med forårsløg og asparges;ing_meny_auto_1296;smør;;
meny_R3Jpc2Vtw7hyYnJ;Grisemørbrad med forårsløg og asparges;ing_meny_auto_1297;grøn squash i skiver;1;stk
meny_R3Jpc2Vtw7hyYnJ;Grisemørbrad med forårsløg og asparges;ing_meny_auto_1298;rødløg i både;100;g
meny_R3Jpc2Vtw7hyYnJ;Grisemørbrad med forårsløg og asparges;ing_meny_auto_1299;grønne asparges;200;g
meny_R3Jpc2Vtw7hyYnJ;Grisemørbrad med forårsløg og asparges;ing_meny_auto_1300;sort peber;1;tsk
meny_R3Jpc2Vtw7hyYnJ;Grisemørbrad med forårsløg og asparges;ing_meny_auto_1301;cherrytomater;200;g
meny_R3Jpc2Vtw7hyYnJ;Grisemørbrad med forårsløg og asparges;ing_meny_auto_1302;parmigiano reggiano i flager;50;g
meny_TWVudWllcmVzdGV;Menuierestegt rødspætte med pastinak i grov sennepscreme;ing_extra_22;Rødspætte;8;stk
meny_TWVudWllcmVzdGV;Menuierestegt rødspætte med pastinak i grov sennepscreme;ing_extra_43;Salt;;
meny_TWVudWllcmVzdGV;Menuierestegt rødspætte med pastinak i grov sennepscreme;ing_citron;Citron;;
meny_TWVudWllcmVzdGV;Menuierestegt rødspætte med pastinak i grov sennepscreme;ing_foraarssloeg;Forårsløg;3;stk
meny_TWVudWllcmVzdGV;Menuierestegt rødspætte med pastinak i grov sennepscreme;ing_extra_6;Citroner;;
meny_TWVudWllcmVzdGV;Menuierestegt rødspætte med pastinak i grov sennepscreme;ing_persille;Frisk Persille;;
meny_TWVudWllcmVzdGV;Menuierestegt rødspætte med pastinak i grov sennepscreme;ing_extra_21;Roedspaettefileter;8;stk
meny_TWVudWllcmVzdGV;Menuierestegt rødspætte med pastinak i grov sennepscreme;ing_meny_auto_1303;hvedemel;1;dl
meny_TWVudWllcmVzdGV;Menuierestegt rødspætte med pastinak i grov sennepscreme;ing_meny_auto_1304;fløde;4;dl
meny_TWVudWllcmVzdGV;Menuierestegt rødspætte med pastinak i grov sennepscreme;ing_meny_auto_1305;vand;2;dl
meny_TWVudWllcmVzdGV;Menuierestegt rødspætte med pastinak i grov sennepscreme;ing_meny_auto_1306;grov sennep;2;spsk
meny_TWVudWllcmVzdGV;Menuierestegt rødspætte med pastinak i grov sennepscreme;ing_meny_auto_1307;æblecidereddike;2;spsk
meny_TWVudWllcmVzdGV;Menuierestegt rødspætte med pastinak i grov sennepscreme;ing_meny_auto_1309;pastinak i mindre stykker;1;kg
meny_TWVudWllcmVzdGV;Menuierestegt rødspætte med pastinak i grov sennepscreme;ing_meny_auto_1310;røde æbler i både;2;stk
meny_R3JpbGxlZGUgaHZ;Grillede hvide asparges med persillepesto;ing_extra_31;Olivenolie;2;spsk
meny_R3JpbGxlZGUgaHZ;Grillede hvide asparges med persillepesto;ing_extra_43;Salt;0.5;tsk
meny_R3JpbGxlZGUgaHZ;Grillede hvide asparges med persillepesto;ing_extra_11;Hvidløg;1;fed
meny_R3JpbGxlZGUgaHZ;Grillede hvide asparges med persillepesto;ing_persille;Frisk Persille;5;dl
meny_R3JpbGxlZGUgaHZ;Grillede hvide asparges med persillepesto;ing_meny_auto_1311;hvid asparges;1;kg
meny_R3JpbGxlZGUgaHZ;Grillede hvide asparges med persillepesto;ing_meny_auto_1312;friskkværnet peber;0.5;tsk
meny_R3JpbGxlZGUgaHZ;Grillede hvide asparges med persillepesto;ing_meny_auto_1313;mandel;1;dl
meny_R3JpbGxlZGUgaHZ;Grillede hvide asparges med persillepesto;ing_meny_auto_1315;citron, saft og skal;0.5;stk
meny_R3JpbGxlZGUgaHZ;Grillede hvide asparges med persillepesto;ing_meny_auto_1316;revet pecorino ost;1;dl
meny_R3JpbGxlZGUgaHZ;Grillede hvide asparges med persillepesto;ing_meny_auto_1317;friskkværnet peber;0.5;tsk
meny_R3JpbGxlZGUgaHZ;Grillede hvide asparges med persillepesto;ing_meny_auto_1318;ristede mandelflage;0.5;dl
meny_RnJhbnNrIGt5bGx;Fransk kylling med grillede små kartofler;ing_extra_3;Kartofler;600;g
meny_RnJhbnNrIGt5bGx;Fransk kylling med grillede små kartofler;ing_smaa_kartofler;Små kartofler;600;g
meny_RnJhbnNrIGt5bGx;Fransk kylling med grillede små kartofler;ing_kyllingebryst;Kyllingebryst;;
meny_RnJhbnNrIGt5bGx;Fransk kylling med grillede små kartofler;ing_extra_8;Iceberg Salat;;
meny_RnJhbnNrIGt5bGx;Fransk kylling med grillede små kartofler;ing_salat_mix;Blandet salat;;
meny_RnJhbnNrIGt5bGx;Fransk kylling med grillede små kartofler;ing_salatblanding;Skåret Salatblanding;;
meny_RnJhbnNrIGt5bGx;Fransk kylling med grillede små kartofler;ing_hel_kylling;Hel kylling;1;stk
meny_RnJhbnNrIGt5bGx;Fransk kylling med grillede små kartofler;ing_meny_auto_1319;grillspyd;1;stk
meny_RnJhbnNrIGt5bGx;Fransk kylling med grillede små kartofler;ing_meny_auto_1320;citroner  i tykke skiver;2;stk
meny_RnJhbnNrIGt5bGx;Fransk kylling med grillede små kartofler;ing_meny_auto_1321;1 helt fed hvidløg i fed;1;stk
meny_RnJhbnNrIGt5bGx;Fransk kylling med grillede små kartofler;ing_meny_auto_1322;rosmarinkviste;3;stk
meny_RnJhbnNrIGt5bGx;Fransk kylling med grillede små kartofler;ing_meny_auto_1323;salt og sort peber;;
meny_RnJhbnNrIGt5bGx;Fransk kylling med grillede små kartofler;ing_meny_auto_1324;olivenolie;0.5;dl
meny_RnJhbnNrIGt5bGx;Fransk kylling med grillede små kartofler;ing_meny_auto_1325;aubergine i tern;1;stk
meny_RnJhbnNrIGt5bGx;Fransk kylling med grillede små kartofler;ing_meny_auto_1326;havsalt;1;tsk
meny_RnJhbnNrIGt5bGx;Fransk kylling med grillede små kartofler;ing_meny_auto_1327;grønne oliven, gerne med citron;100;g
meny_RnJhbnNrIGt5bGx;Fransk kylling med grillede små kartofler;ing_meny_auto_1328;rosmarinkviste;2;stk
meny_RnJhbnNrIGt5bGx;Fransk kylling med grillede små kartofler;ing_meny_auto_1329;revet skal af 1 citron;;
meny_QmFyYmVjdWVzYW5;Barbecuesandwich;ing_extra_32;Ketchup;1;spsk
meny_QmFyYmVjdWVzYW5;Barbecuesandwich;ing_extra_43;Salt;;
meny_QmFyYmVjdWVzYW5;Barbecuesandwich;ing_extra_45;Paprika;1;tsk
meny_QmFyYmVjdWVzYW5;Barbecuesandwich;ing_cremefraiche;Creme Fraiche;1;dl
meny_QmFyYmVjdWVzYW5;Barbecuesandwich;ing_mayonnaise;Mayonnaise;2;spsk
meny_QmFyYmVjdWVzYW5;Barbecuesandwich;ing_sødkartoffel;Sød Kartoffel;1;stk
meny_QmFyYmVjdWVzYW5;Barbecuesandwich;ing_extra_3;Kartofler;;
meny_QmFyYmVjdWVzYW5;Barbecuesandwich;ing_extra_8;Iceberg Salat;150;g
meny_QmFyYmVjdWVzYW5;Barbecuesandwich;ing_salat_mix;Blandet salat;150;g
meny_QmFyYmVjdWVzYW5;Barbecuesandwich;ing_salatblanding;Skåret Salatblanding;;
meny_QmFyYmVjdWVzYW5;Barbecuesandwich;ing_meny_auto_1330;barbecuesauce;2;spsk
meny_QmFyYmVjdWVzYW5;Barbecuesandwich;ing_meny_auto_1331;små grove flutes;2;stk
meny_QmFyYmVjdWVzYW5;Barbecuesandwich;ing_meny_auto_1332;kød fra revelsben fra dagen før;250;g
meny_R3JpbGxlZGUgZ3L;Grillede grøntsager naan-sandwich med linse-hummus;ing_extra_31;Olivenolie;2;spsk
meny_R3JpbGxlZGUgZ3L;Grillede grøntsager naan-sandwich med linse-hummus;ing_extra_43;Salt;;
meny_R3JpbGxlZGUgZ3L;Grillede grøntsager naan-sandwich med linse-hummus;ing_spidskommen;Spidskommen;0.5;tsk
meny_R3JpbGxlZGUgZ3L;Grillede grøntsager naan-sandwich med linse-hummus;ing_aeg;Æg;;
meny_R3JpbGxlZGUgZ3L;Grillede grøntsager naan-sandwich med linse-hummus;ing_extra_11;Hvidløg;1;fed
meny_R3JpbGxlZGUgZ3L;Grillede grøntsager naan-sandwich med linse-hummus;ing_extra_6;Citroner;;
meny_R3JpbGxlZGUgZ3L;Grillede grøntsager naan-sandwich med linse-hummus;ing_rosmarin;Frisk Rosmarin;1;spsk
meny_R3JpbGxlZGUgZ3L;Grillede grøntsager naan-sandwich med linse-hummus;ing_meny_auto_1333;aubergine;1;stk
meny_R3JpbGxlZGUgZ3L;Grillede grøntsager naan-sandwich med linse-hummus;ing_meny_auto_1334;peberfrugt;1;stk
meny_R3JpbGxlZGUgZ3L;Grillede grøntsager naan-sandwich med linse-hummus;ing_meny_auto_1335;rødløg;2;stk
meny_R3JpbGxlZGUgZ3L;Grillede grøntsager naan-sandwich med linse-hummus;ing_meny_auto_1336;tomater;4;stk
meny_R3JpbGxlZGUgZ3L;Grillede grøntsager naan-sandwich med linse-hummus;ing_meny_auto_1337;tørrede røde linser;150;g
meny_R3JpbGxlZGUgZ3L;Grillede grøntsager naan-sandwich med linse-hummus;ing_meny_auto_1338;saften 0.5 citron;;
meny_R3JpbGxlZGUgZ3L;Grillede grøntsager naan-sandwich med linse-hummus;ing_meny_auto_1339;tahin;6;spsk
meny_R3JpbGxlZGUgZ3L;Grillede grøntsager naan-sandwich med linse-hummus;ing_meny_auto_1340;naanbrød;4;stk
meny_R3JpbGxlZGUgZ3L;Grillede grøntsager naan-sandwich med linse-hummus;ing_meny_auto_1341;Arla Karolines Køkken® Græsk inspireret yoghurt 10%;2;dl
meny_R3JpbGxldCBsYWt;Grillet laks med spidskåls-tzatziki med forårsløg og ærter;ing_extra_43;Salt;2;spsk
meny_R3JpbGxldCBsYWt;Grillet laks med spidskåls-tzatziki med forårsløg og ærter;ing_foraarssloeg;Forårsløg;4;stk
meny_R3JpbGxldCBsYWt;Grillet laks med spidskåls-tzatziki med forårsløg og ærter;ing_vand;Koldt vand;;
meny_R3JpbGxldCBsYWt;Grillet laks med spidskåls-tzatziki med forårsløg og ærter;ing_extra_11;Hvidløg;1;fed
meny_R3JpbGxldCBsYWt;Grillet laks med spidskåls-tzatziki med forårsløg og ærter;ing_spidskaal;Spidskål;200;g
meny_R3JpbGxldCBsYWt;Grillet laks med spidskåls-tzatziki med forårsløg og ærter;ing_extra_6;Citroner;;
meny_R3JpbGxldCBsYWt;Grillet laks med spidskåls-tzatziki med forårsløg og ærter;ing_laks;Laksefileter;4;stk
meny_R3JpbGxldCBsYWt;Grillet laks med spidskåls-tzatziki med forårsløg og ærter;ing_meny_auto_1342;laksefileter;4;stk
meny_R3JpbGxldCBsYWt;Grillet laks med spidskåls-tzatziki med forårsløg og ærter;ing_meny_auto_1343;neutral olie til grill;;
meny_R3JpbGxldCBsYWt;Grillet laks med spidskåls-tzatziki med forårsløg og ærter;ing_meny_auto_1344;friske timianblade;2;spsk
meny_R3JpbGxldCBsYWt;Grillet laks med spidskåls-tzatziki med forårsløg og ærter;ing_meny_auto_1345;citronskal;1;spsk
meny_R3JpbGxldCBsYWt;Grillet laks med spidskåls-tzatziki med forårsløg og ærter;ing_meny_auto_1346;Arla Karolines Køkken® Græsk inspireret yoghurt 10%;200;g
meny_R3JpbGxldCBsYWt;Grillet laks med spidskåls-tzatziki med forårsløg og ærter;ing_meny_auto_1347;friskkværnet 5-peberblanding;1;tsk
meny_R3JpbGxldCBsYWt;Grillet laks med spidskåls-tzatziki med forårsløg og ærter;ing_meny_auto_1349;ærter i bælg;150;g
meny_R3JpbGxldCBsYWt;Grillet laks med spidskåls-tzatziki med forårsløg og ærter;ing_meny_auto_1350;citron  skåret i både;;
meny_R3JpbGxldCBsYWt;Grillet laks med spidskåls-tzatziki med forårsløg og ærter;ing_meny_auto_1352;ært;;
meny_Qm9uZGVzYWxhdCB;Bondesalat med kogte kartofler, pocheret æg, croutoner, grønkål og grøn mayo;ing_extra_3;Kartofler;300;g
meny_Qm9uZGVzYWxhdCB;Bondesalat med kogte kartofler, pocheret æg, croutoner, grønkål og grøn mayo;ing_extra_31;Olivenolie;2;spsk
meny_Qm9uZGVzYWxhdCB;Bondesalat med kogte kartofler, pocheret æg, croutoner, grønkål og grøn mayo;ing_extra_43;Salt;;
meny_Qm9uZGVzYWxhdCB;Bondesalat med kogte kartofler, pocheret æg, croutoner, grønkål og grøn mayo;ing_mayonnaise;Mayonnaise;;
meny_Qm9uZGVzYWxhdCB;Bondesalat med kogte kartofler, pocheret æg, croutoner, grønkål og grøn mayo;ing_extra_11;Hvidløg;1;fed
meny_Qm9uZGVzYWxhdCB;Bondesalat med kogte kartofler, pocheret æg, croutoner, grønkål og grøn mayo;ing_extra_6;Citroner;;
meny_Qm9uZGVzYWxhdCB;Bondesalat med kogte kartofler, pocheret æg, croutoner, grønkål og grøn mayo;ing_rosmarin;Frisk Rosmarin;1;spsk
meny_Qm9uZGVzYWxhdCB;Bondesalat med kogte kartofler, pocheret æg, croutoner, grønkål og grøn mayo;ing_meny_auto_1353;daggammelt brød;250;g
meny_Qm9uZGVzYWxhdCB;Bondesalat med kogte kartofler, pocheret æg, croutoner, grønkål og grøn mayo;ing_meny_auto_1354;frisk kørvel;80;g
meny_Qm9uZGVzYWxhdCB;Bondesalat med kogte kartofler, pocheret æg, croutoner, grønkål og grøn mayo;ing_meny_auto_1355;tørret estragon;7;spsk
meny_Qm9uZGVzYWxhdCB;Bondesalat med kogte kartofler, pocheret æg, croutoner, grønkål og grøn mayo;ing_meny_auto_1356;æggeblomme;1;stk
meny_Qm9uZGVzYWxhdCB;Bondesalat med kogte kartofler, pocheret æg, croutoner, grønkål og grøn mayo;ing_meny_auto_1357;dijonsennep;1;tsk
meny_Qm9uZGVzYWxhdCB;Bondesalat med kogte kartofler, pocheret æg, croutoner, grønkål og grøn mayo;ing_meny_auto_1358;hvidvinseddike;1;spsk
meny_Qm9uZGVzYWxhdCB;Bondesalat med kogte kartofler, pocheret æg, croutoner, grønkål og grøn mayo;ing_meny_auto_1359;grønkål;350;g
meny_Qm9uZGVzYWxhdCB;Bondesalat med kogte kartofler, pocheret æg, croutoner, grønkål og grøn mayo;ing_meny_auto_1360;saft fra 0.5 citron;;
meny_Qm9uZGVzYWxhdCB;Bondesalat med kogte kartofler, pocheret æg, croutoner, grønkål og grøn mayo;ing_meny_auto_1361;store æg;4;stk
meny_UHVsbCBhcGFydCB;Pull apart bread med parmesan, hvidløg og persille;ing_extra_43;Salt;3;tsk
meny_UHVsbCBhcGFydCB;Pull apart bread med parmesan, hvidløg og persille;ing_maelk;Mælk;3;dl
meny_UHVsbCBhcGFydCB;Pull apart bread med parmesan, hvidløg og persille;ing_extra_29;Hvedemel;;
meny_UHVsbCBhcGFydCB;Pull apart bread med parmesan, hvidløg og persille;ing_parmesan;Parmigiano Reggiano;100;g
meny_UHVsbCBhcGFydCB;Pull apart bread med parmesan, hvidløg og persille;ing_ost;Revet Ost;100;g
meny_UHVsbCBhcGFydCB;Pull apart bread med parmesan, hvidløg og persille;ing_extra_11;Hvidløg;4;fed
meny_UHVsbCBhcGFydCB;Pull apart bread med parmesan, hvidløg og persille;ing_persille;Frisk Persille;2;dl
meny_UHVsbCBhcGFydCB;Pull apart bread med parmesan, hvidløg og persille;ing_meny_auto_1362;smør;150;g
meny_UHVsbCBhcGFydCB;Pull apart bread med parmesan, hvidløg og persille;ing_meny_auto_1363;gær;50;g
meny_UHVsbCBhcGFydCB;Pull apart bread med parmesan, hvidløg og persille;ing_meny_auto_1364;æg;3;stk
meny_UHVsbCBhcGFydCB;Pull apart bread med parmesan, hvidløg og persille;ing_meny_auto_1365;revet parmigiano reggiano;100;g
meny_UHVsbCBhcGFydCB;Pull apart bread med parmesan, hvidløg og persille;ing_meny_auto_1366;æg til pensling;;
meny_R3JhbmF0w6ZibGU;Granatæble Fizz;ing_aeble;Æble;2;spsk
meny_R3JhbmF0w6ZibGU;Granatæble Fizz;ing_citron;Citron;2;cl
meny_R3JhbmF0w6ZibGU;Granatæble Fizz;ing_extra_6;Citroner;;
meny_R3JhbmF0w6ZibGU;Granatæble Fizz;ing_meny_auto_1370;gin;4;cl
meny_R3JhbmF0w6ZibGU;Granatæble Fizz;ing_meny_auto_1371;sugar sirup;2;cl
meny_R3JhbmF0w6ZibGU;Granatæble Fizz;ing_meny_auto_1372;danskvand;150;ml
meny_R3JhbmF0w6ZibGU;Granatæble Fizz;ing_meny_auto_1373;håndfuld isterning;1;stk
meny_R3JpbGxldCBzYWx;Grillet salat med Cardini’s Caesar dressing;ing_extra_43;Salt;;
meny_R3JpbGxldCBzYWx;Grillet salat med Cardini’s Caesar dressing;ing_squash;Squash;0.5;stk
meny_R3JpbGxldCBzYWx;Grillet salat med Cardini’s Caesar dressing;ing_asparges;Grønne Asparges;1;bundt
meny_R3JpbGxldCBzYWx;Grillet salat med Cardini’s Caesar dressing;ing_spidskaal;Spidskål;1;stk
meny_R3JpbGxldCBzYWx;Grillet salat med Cardini’s Caesar dressing;ing_kyllingebryst;Kyllingebryst;;
meny_R3JpbGxldCBzYWx;Grillet salat med Cardini’s Caesar dressing;ing_extra_8;Iceberg Salat;;
meny_R3JpbGxldCBzYWx;Grillet salat med Cardini’s Caesar dressing;ing_salat_mix;Blandet salat;;
meny_R3JpbGxldCBzYWx;Grillet salat med Cardini’s Caesar dressing;ing_salatblanding;Skåret Salatblanding;;
meny_R3JpbGxldCBzYWx;Grillet salat med Cardini’s Caesar dressing;ing_hel_kylling;Hel kylling;;
meny_R3JpbGxldCBzYWx;Grillet salat med Cardini’s Caesar dressing;ing_meny_auto_1375;kyllingeinderfileter;460;g
meny_R3JpbGxldCBzYWx;Grillet salat med Cardini’s Caesar dressing;ing_meny_auto_1376;skiver flutes;12;stk
meny_R3JpbGxldCBzYWx;Grillet salat med Cardini’s Caesar dressing;ing_meny_auto_1377;radise i tynde skiver;1;bundt
meny_R3JpbGxldCBzYWx;Grillet salat med Cardini’s Caesar dressing;ing_meny_auto_1378;Caesardressing S;1;stk
meny_R3JpbGxldCBzYWx;Grillet salat med Cardini’s Caesar dressing;ing_meny_auto_1379;parmigiano reggiano;;
meny_Q2hlZXNlY2FrZSB;Cheesecake med citron og brombær;ing_extra_30;Sukker;75;g
meny_Q2hlZXNlY2FrZSB;Cheesecake med citron og brombær;ing_citron;Citron;1;stk
meny_Q2hlZXNlY2FrZSB;Cheesecake med citron og brombær;ing_vand;Koldt vand;0.5;dl
meny_Q2hlZXNlY2FrZSB;Cheesecake med citron og brombær;ing_extra_6;Citroner;;
meny_Q2hlZXNlY2FrZSB;Cheesecake med citron og brombær;ing_meny_auto_1380;digestive kiks;200;g
meny_Q2hlZXNlY2FrZSB;Cheesecake med citron og brombær;ing_meny_auto_1381;smør, smeltet;75;g
meny_Q2hlZXNlY2FrZSB;Cheesecake med citron og brombær;ing_meny_auto_1382;husblas;3;blade
meny_Q2hlZXNlY2FrZSB;Cheesecake med citron og brombær;ing_meny_auto_1383;flødeost naturel;300;g
meny_Q2hlZXNlY2FrZSB;Cheesecake med citron og brombær;ing_meny_auto_1384;korn af 1 vaniljestang;;
meny_Q2hlZXNlY2FrZSB;Cheesecake med citron og brombær;ing_meny_auto_1385;flormelis;75;g
meny_Q2hlZXNlY2FrZSB;Cheesecake med citron og brombær;ing_meny_auto_1387;piskefløde;3;dl
meny_Q2hlZXNlY2FrZSB;Cheesecake med citron og brombær;ing_meny_auto_1388;brombær;250;g
meny_Q2hlZXNlY2FrZSB;Cheesecake med citron og brombær;ing_meny_auto_1389;Evt. mynte og hvide chokolade spåner;;
meny_QXNpYXRpc2sgd29;Asiatisk wok med mørbrad af gris, ægnudler, kål, forårsløg og cashewnødder;ing_peberfrugt;Peberfrugt;2;stk
meny_QXNpYXRpc2sgd29;Asiatisk wok med mørbrad af gris, ægnudler, kål, forårsløg og cashewnødder;ing_extra_4;Gulerødder;3;stk
meny_QXNpYXRpc2sgd29;Asiatisk wok med mørbrad af gris, ægnudler, kål, forårsløg og cashewnødder;ing_soja;Sojasauce;3;spsk
meny_QXNpYXRpc2sgd29;Asiatisk wok med mørbrad af gris, ægnudler, kål, forårsløg og cashewnødder;ing_koriander;Frisk Koriander;1;stk
meny_QXNpYXRpc2sgd29;Asiatisk wok med mørbrad af gris, ægnudler, kål, forårsløg og cashewnødder;ing_foraarssloeg;Forårsløg;1;bundt
meny_QXNpYXRpc2sgd29;Asiatisk wok med mørbrad af gris, ægnudler, kål, forårsløg og cashewnødder;ing_extra_11;Hvidløg;2;fed
meny_QXNpYXRpc2sgd29;Asiatisk wok med mørbrad af gris, ægnudler, kål, forårsløg og cashewnødder;ing_spidskaal;Spidskål;0.5;stk
meny_QXNpYXRpc2sgd29;Asiatisk wok med mørbrad af gris, ægnudler, kål, forårsløg og cashewnødder;ing_extra_12;Frisk Ingefær;2;tsk
meny_QXNpYXRpc2sgd29;Asiatisk wok med mørbrad af gris, ægnudler, kål, forårsløg og cashewnødder;ing_frisk_chili;Frisk Chili;1;stk
meny_QXNpYXRpc2sgd29;Asiatisk wok med mørbrad af gris, ægnudler, kål, forårsløg og cashewnødder;ing_svinemoerbrad;Svinemørbrad;350;g
meny_QXNpYXRpc2sgd29;Asiatisk wok med mørbrad af gris, ægnudler, kål, forårsløg og cashewnødder;ing_meny_auto_1390;broccolini;200;g
meny_QXNpYXRpc2sgd29;Asiatisk wok med mørbrad af gris, ægnudler, kål, forårsløg og cashewnødder;ing_meny_auto_1391;ægnudler;250;g
meny_QXNpYXRpc2sgd29;Asiatisk wok med mørbrad af gris, ægnudler, kål, forårsløg og cashewnødder;ing_meny_auto_1392;sesamolie;2;tsk
meny_QXNpYXRpc2sgd29;Asiatisk wok med mørbrad af gris, ægnudler, kål, forårsløg og cashewnødder;ing_meny_auto_1393;smagsneutral olie;2;spsk
meny_QXNpYXRpc2sgd29;Asiatisk wok med mørbrad af gris, ægnudler, kål, forårsløg og cashewnødder;ing_meny_auto_1394;ristede cashewnød;1;dl
meny_QXNpYXRpc2sgd29;Asiatisk wok med mørbrad af gris, ægnudler, kål, forårsløg og cashewnødder;ing_meny_auto_1395;lime i både;1;stk
meny_QXNpYXRpc2sgd29;Asiatisk wok med mørbrad af gris, ægnudler, kål, forårsløg og cashewnødder;ing_meny_auto_1396;sesamfrø;1;spsk
meny_QnJ1bmNodGFsbGV;Brunchtallerken med æg, brie og søde kartofler;ing_extra_2;Agurk;0.5;stk
meny_QnJ1bmNodGFsbGV;Brunchtallerken med æg, brie og søde kartofler;ing_extra_3;Kartofler;500;g
meny_QnJ1bmNodGFsbGV;Brunchtallerken med æg, brie og søde kartofler;ing_extra_31;Olivenolie;2;spsk
meny_QnJ1bmNodGFsbGV;Brunchtallerken med æg, brie og søde kartofler;ing_extra_43;Salt;1;tsk
meny_QnJ1bmNodGFsbGV;Brunchtallerken med æg, brie og søde kartofler;ing_aeg;Æg;8;stk
meny_QnJ1bmNodGFsbGV;Brunchtallerken med æg, brie og søde kartofler;ing_frisk_chili;Frisk Chili;1;stk
meny_QnJ1bmNodGFsbGV;Brunchtallerken med æg, brie og søde kartofler;ing_extra_6;Citroner;;
meny_QnJ1bmNodGFsbGV;Brunchtallerken med æg, brie og søde kartofler;ing_meny_auto_1397;skiver rugbrød;4;stk
meny_QnJ1bmNodGFsbGV;Brunchtallerken med æg, brie og søde kartofler;ing_meny_auto_1398;Castello® økologisk brie;1;stk
meny_QnJ1bmNodGFsbGV;Brunchtallerken med æg, brie og søde kartofler;ing_meny_auto_1399;stødt sort peber;0.5;tsk
meny_QnJ1bmNodGFsbGV;Brunchtallerken med æg, brie og søde kartofler;ing_meny_auto_1400;vand;7;dl
meny_QnJ1bmNodGFsbGV;Brunchtallerken med æg, brie og søde kartofler;ing_meny_auto_1401;eddike;1;tsk
meny_QnJ1bmNodGFsbGV;Brunchtallerken med æg, brie og søde kartofler;ing_meny_auto_1402;yoghurt 10%;8;spsk
meny_QnJ1bmNodGFsbGV;Brunchtallerken med æg, brie og søde kartofler;ing_meny_auto_1403;mynteblad;;
meny_QnJ1bmNodGFsbGV;Brunchtallerken med æg, brie og søde kartofler;ing_meny_auto_1404;friskpresset citronsaft;;
meny_QnJ1bmNodGFsbGV;Brunchtallerken med æg, brie og søde kartofler;ing_meny_auto_1405;tandoorikrydderi;15;g
meny_TnllIGthcnRvZmx;Nye kartofler med avocado aioli;ing_extra_3;Kartofler;700;g
meny_TnllIGthcnRvZmx;Nye kartofler med avocado aioli;ing_extra_43;Salt;;
meny_TnllIGthcnRvZmx;Nye kartofler med avocado aioli;ing_avocado;Avocado;2;stk
meny_TnllIGthcnRvZmx;Nye kartofler med avocado aioli;ing_mayonnaise;Mayonnaise;;
meny_TnllIGthcnRvZmx;Nye kartofler med avocado aioli;ing_extra_11;Hvidløg;1;fed
meny_TnllIGthcnRvZmx;Nye kartofler med avocado aioli;ing_nye_kartofler;Nye kartofler;700;g
meny_TnllIGthcnRvZmx;Nye kartofler med avocado aioli;ing_extra_6;Citroner;;
meny_TnllIGthcnRvZmx;Nye kartofler med avocado aioli;ing_meny_auto_1406;citronsaft;1;spsk
meny_TnllIGthcnRvZmx;Nye kartofler med avocado aioli;ing_meny_auto_1407;dijonsennep;2;tsk
meny_TnllIGthcnRvZmx;Nye kartofler med avocado aioli;ing_meny_auto_1408;olivenolie;0.5;dl
meny_TnllIGthcnRvZmx;Nye kartofler med avocado aioli;ing_meny_auto_1409;sort peber;;
meny_TnllIGthcnRvZmx;Nye kartofler med avocado aioli;ing_meny_auto_1410;persille, dild eller andre krydderurter og spirer;1;bundt
meny_QnVsZ3Vyc2FsYXQ;Bulgursalat med tahindressing - vegansk fra Mia Sommer;ing_extra_4;Gulerødder;2;stk
meny_QnVsZ3Vyc2FsYXQ;Bulgursalat med tahindressing - vegansk fra Mia Sommer;ing_extra_43;Salt;0.5;tsk
meny_QnVsZ3Vyc2FsYXQ;Bulgursalat med tahindressing - vegansk fra Mia Sommer;ing_aeg;Æg;;
meny_QnVsZ3Vyc2FsYXQ;Bulgursalat med tahindressing - vegansk fra Mia Sommer;ing_foraarssloeg;Forårsløg;2;stk
meny_QnVsZ3Vyc2FsYXQ;Bulgursalat med tahindressing - vegansk fra Mia Sommer;ing_persille;Frisk Persille;1;bundt
meny_QnVsZ3Vyc2FsYXQ;Bulgursalat med tahindressing - vegansk fra Mia Sommer;ing_meny_auto_1411;bulgur;150;g
meny_QnVsZ3Vyc2FsYXQ;Bulgursalat med tahindressing - vegansk fra Mia Sommer;ing_meny_auto_1412;auberginer;2;stk
meny_QnVsZ3Vyc2FsYXQ;Bulgursalat med tahindressing - vegansk fra Mia Sommer;ing_meny_auto_1413;granatæble;1;stk
meny_QnVsZ3Vyc2FsYXQ;Bulgursalat med tahindressing - vegansk fra Mia Sommer;ing_meny_auto_1414;blåbær;125;g
meny_QnVsZ3Vyc2FsYXQ;Bulgursalat med tahindressing - vegansk fra Mia Sommer;ing_meny_auto_1415;tahin;100;g
meny_QnVsZ3Vyc2FsYXQ;Bulgursalat med tahindressing - vegansk fra Mia Sommer;ing_meny_auto_1416;hvidløg;1;fed
meny_QnVsZ3Vyc2FsYXQ;Bulgursalat med tahindressing - vegansk fra Mia Sommer;ing_meny_auto_1417;friskpresset citronsaft;0.75;dl
meny_QnVsZ3Vyc2FsYXQ;Bulgursalat med tahindressing - vegansk fra Mia Sommer;ing_meny_auto_1418;vand;0.5;dl
meny_UmlzdGVkZSBhc3B;Ristede asparges med hvidløgsdrys og citron;ing_extra_31;Olivenolie;3;spsk
meny_UmlzdGVkZSBhc3B;Ristede asparges med hvidløgsdrys og citron;ing_extra_43;Salt;;
meny_UmlzdGVkZSBhc3B;Ristede asparges med hvidløgsdrys og citron;ing_citron;Citron;0.5;stk
meny_UmlzdGVkZSBhc3B;Ristede asparges med hvidløgsdrys og citron;ing_extra_11;Hvidløg;1;fed
meny_UmlzdGVkZSBhc3B;Ristede asparges med hvidløgsdrys og citron;ing_extra_6;Citroner;0.5;stk
meny_UmlzdGVkZSBhc3B;Ristede asparges med hvidløgsdrys og citron;ing_meny_auto_1419;hvedebrød;1;skive
meny_UmlzdGVkZSBhc3B;Ristede asparges med hvidløgsdrys og citron;ing_meny_auto_1420;bundter grønne asparges;2;stk
meny_UmlzdGVkZSBhc3B;Ristede asparges med hvidløgsdrys og citron;ing_meny_auto_1421;bæger frisk basilikum;0.5;stk
meny_R3JpbGxldCBmbGF;Grillet flanksteak med nem bbq marinade, chiliflutes og grillet majs;ing_extra_31;Olivenolie;1;spsk
meny_R3JpbGxldCBmbGF;Grillet flanksteak med nem bbq marinade, chiliflutes og grillet majs;ing_extra_32;Ketchup;2;spsk
meny_R3JpbGxldCBmbGF;Grillet flanksteak med nem bbq marinade, chiliflutes og grillet majs;ing_extra_43;Salt;1;tsk
meny_R3JpbGxldCBmbGF;Grillet flanksteak med nem bbq marinade, chiliflutes og grillet majs;ing_extra_45;Paprika;1;tsk
meny_R3JpbGxldCBmbGF;Grillet flanksteak med nem bbq marinade, chiliflutes og grillet majs;ing_extra_11;Hvidløg;1;fed
meny_R3JpbGxldCBmbGF;Grillet flanksteak med nem bbq marinade, chiliflutes og grillet majs;ing_extra_6;Citroner;;
meny_R3JpbGxldCBmbGF;Grillet flanksteak med nem bbq marinade, chiliflutes og grillet majs;ing_frisk_chili;Frisk Chili;1;stk
meny_R3JpbGxldCBmbGF;Grillet flanksteak med nem bbq marinade, chiliflutes og grillet majs;ing_meny_auto_1422;sojasauce;2;spsk
meny_R3JpbGxldCBmbGF;Grillet flanksteak med nem bbq marinade, chiliflutes og grillet majs;ing_meny_auto_1423;brun farin;1;spsk
meny_R3JpbGxldCBmbGF;Grillet flanksteak med nem bbq marinade, chiliflutes og grillet majs;ing_meny_auto_1424;sort peber;;
meny_R3JpbGxldCBmbGF;Grillet flanksteak med nem bbq marinade, chiliflutes og grillet majs;ing_meny_auto_1425;flanksteak;1;stk
meny_R3JpbGxldCBmbGF;Grillet flanksteak med nem bbq marinade, chiliflutes og grillet majs;ing_meny_auto_1426;blødt smør;125;g
meny_R3JpbGxldCBmbGF;Grillet flanksteak med nem bbq marinade, chiliflutes og grillet majs;ing_meny_auto_1427;frisk timian;1;tsk
meny_R3JpbGxldCBmbGF;Grillet flanksteak med nem bbq marinade, chiliflutes og grillet majs;ing_meny_auto_1428;revet citronskal;1;tsk
meny_R3JpbGxldCBmbGF;Grillet flanksteak med nem bbq marinade, chiliflutes og grillet majs;ing_meny_auto_1430;sort peber;;
meny_R3JpbGxldCBmbGF;Grillet flanksteak med nem bbq marinade, chiliflutes og grillet majs;ing_meny_auto_1431;majskolber;4;stk
meny_fixed_10_1781879414876;Coq au vin;ing_extra_43;Salt;;
meny_fixed_10_1781879414876;Coq au vin;ing_extra_11;Hvidløg;2;fed
meny_fixed_10_1781879414876;Coq au vin;ing_bacon;Bacontern;150;g
meny_fixed_10_1781879414876;Coq au vin;ing_hel_kylling;Kylling;1;stk
meny_fixed_10_1781879414876;Coq au vin;ing_meny_coq_;smør;25;g
meny_fixed_10_1781879414876;Coq au vin;ing_meny_coq_;skalotteløg /perleløg, pillede i halve;300;g
meny_fixed_10_1781879414876;Coq au vin;ing_meny_coq_;champignoner rengjorte i halve;150;g
meny_fixed_10_1781879414876;Coq au vin;ing_meny_coq_;rødvin;3;dl
meny_fixed_10_1781879414876;Coq au vin;ing_meny_coq_;hønsefond;300;ml
meny_fixed_10_1781879414876;Coq au vin;ing_meny_coq_;frisk timian;4;stk
meny_fixed_10_1781879414876;Coq au vin;ing_meny_coq_;fintsnittet bladselleri;;
